id,sales
3000888,4.943406743351659
3000889,2.1004530821936584
3000890,9.048641810206103
3000891,1712.4513854953734
3000892,2.3523242281071743
3000893,321.88456977127703
3000894,10.037568934667997
3000895,699.2051056729996
3000896,774.5968480855648
3000897,157.21559037421275
3000898,127.99680945946008
3000899,116.66684989025366
3000900,8582.290712387736
3000901,18.42016660834471
3000902,3.2235246434326754
3000903,19.799921799059213
3000904,25.585650867440727
3000905,2.924855560833375
3000906,187.79858417853714
3000907,12.35716847530674
3000908,65.28388431553753
3000909,11.917627704982335
3000910,102.22268692083358
3000911,6.4576401655407265
3000912,241.68784356508863
3000913,167.82824917388282
3000914,5.67716001683999
3000915,9.103905975631857
3000916,296.9428048457803
3000917,47.14360211961691
3000918,29907.57339116248
3000919,71.56084322051548
3000920,18.821473783863784
3000921,0.9889917329521718
3000922,0.6253211367237199
3000923,5.066741096377546
3000924,1074.1921521865966
3000925,0.6507037597353121
3000926,106.62753375511319
3000927,3.0311163116745505
3000928,798.3636414851338
3000929,314.0429648586405
3000930,209.70154424847226
3000931,27.877695470402415
3000932,24.776670760349624
3000933,10487.440134938633
3000934,4.56285977801054
3000935,0.8814174792339327
3000936,8.708956177492379
3000937,12.555770917486022
3000938,0.8775830444444734
3000939,154.90321685077038
3000940,2.224942030387034
3000941,247.7827867263452
3000942,5.544616456342354
3000943,54.50078005885115
3000944,1.090062019652566
3000945,124.73931809584111
3000946,168.12192681614596
3000947,1.282945617358577
3000948,2.8712398737153033
3000949,102.83234895458128
3000950,15.726077417605982
3000951,1482.1043939867586
3000952,127.82528731430295
3000953,1.4715682619280979
3000954,5.3901800104685655
3000955,1.9669871416694285
3000956,8.281572047862529
3000957,12033.604144243698
3000958,2.053458361466742
3000959,703.9105432334858
3000960,10.087438346204848
3000961,1573.3951892926516
3000962,1008.8011146974666
3000963,484.8821983182729
3000964,184.8147334386328
3000965,67.85727176388538
3000966,20589910.11530854
3000967,29.40573149403377
3000968,2.900923291088925
3000969,19.716921049848672
3000970,21.58422012190279
3000971,2.5385720230795226
3000972,443.41667770590925
3000973,15.955208276984028
3000974,92.60495645640042
3000975,11.368635807783654
3000976,66.07596813863027
3000977,3.879570412624353
3000978,553.7496158632024
3000979,300.78000851210294
3000980,3.8530107607000392
3000981,16.25049044869196
3000982,318.1324290158575
3000983,74.81086131539324
3000984,3291.1267437438123
3000985,142.60361050158474
3000986,7.4825360753159496
3000987,4.246618948401406
3000988,1.022284556072293
3000989,5.34717620009873
3000990,1342.764122635073
3000991,1.1491542858650035
3000992,190.0181442221159
3000993,6.402149307459574
3000994,921.2774309563958
3000995,589.2187506283328
3000996,207.00514379094875
3000997,48.18474273052644
3000998,30.47481477541065
3000999,17212.381672759675
3001000,9.071028631107184
3001001,1.5521455664789021
3001002,11.168684946841362
3001003,17.77137822422217
3001004,1.5138342279754127
3001005,167.5561946742051
3001006,4.90717774524617
3001007,205.06425925181932
3001008,12.925611117722578
3001009,62.495786639154204
3001010,2.0951544414425873
3001011,135.34393595823727
3001012,170.2599777519134
3001013,2.027293287072659
3001014,4.828973280309544
3001015,127.70198647723291
3001016,25.01210993373235
3001017,778.3711535684016
3001018,126.6213971546624
3001019,3.6227603469353244
3001020,4.123616353929747
3001021,0.665407838086451
3001022,6.580769837835709
3001023,1195.7871082787003
3001024,0.7037907719355858
3001025,139.94786423955523
3001026,4.361637946546607
3001027,767.6832635968952
3001028,385.5542733337176
3001029,161.9997691818509
3001030,46.09081441286264
3001031,26.664546096538377
3001032,9286.232457936425
3001033,9.336918731725909
3001034,0.9028484682688832
3001035,11.216248119273637
3001036,15.780297068389515
3001037,0.9502107158112796
3001038,137.15622621506927
3001039,1.9127839209178283
3001040,150.84068593179495
3001041,7.845608536772115
3001042,69.75869576350864
3001043,1.287943237679988
3001044,120.77692375057391
3001045,167.29017700102747
3001046,1.255288224333008
3001047,3.9432008901226125
3001048,56.484275674538644
3001049,18.105593742484963
3001050,1450.4423926287336
3001051,122.84600597792583
3001052,1.8829927853811825
3001053,3.669908099259057
3001054,1.0845851813457816
3001055,6.821874498863945
3001056,1208.1839255466764
3001057,1.244713116043455
3001058,169.88757089696375
3001059,5.538639124135674
3001060,1217.1228864041022
3001061,435.70924460056887
3001062,218.67923548433816
3001063,35.95473495895461
3001064,33.84093140993591
3001065,23798.430571851288
3001066,11.21966060118897
3001067,1.527362768779485
3001068,11.802968416934661
3001069,22.984473089600243
3001070,1.5472595691505402
3001071,177.8717864874273
3001072,2.2524045674252875
3001073,211.7903766280081
3001074,8.33075363557347
3001075,52.90283501937378
3001076,2.2970553041311006
3001077,182.26500002876924
3001078,216.7898752920485
3001079,2.4588119312565238
3001080,4.159582616547189
3001081,60.11105610262605
3001082,64.66046731090425
3001083,1089.181538135823
3001084,114.17577395366271
3001085,4.617230737301008
3001086,3.2118836470252594
3001087,1.4190589263835174
3001088,7.266378285755271
3001089,1483.4422130307576
3001090,1.2020217300782825
3001091,162.46493779571836
3001092,2.058711258191602
3001093,848.2250551040618
3001094,411.8525510880349
3001095,231.06481823673272
3001096,81.13028695581805
3001097,51.78519541620611
3001098,35380.53440028318
3001099,11.177007070945592
3001100,1.6538136980923035
3001101,17.075665744092525
3001102,19.89759955298471
3001103,1.5350563884796686
3001104,190.09091470556513
3001105,7.869248614417636
3001106,160.88512740975696
3001107,8.747875354795493
3001108,50.930373238830235
3001109,2.1211293381930068
3001110,101.27008945148094
3001111,171.2485215168635
3001112,1.9859999869818044
3001113,5.268447052991149
3001114,91.40637456782221
3001115,33.89599141158193
3001116,1361.6223025733882
3001117,100.27639323471426
3001118,5.488247150876374
3001119,3.4315819644789864
3001120,0.4999321098624174
3001121,3.2658882746699094
3001122,1200.4036551035895
3001123,0.563613559796363
3001124,153.0858991815993
3001125,3.1505848177596247
3001126,865.8609967620841
3001127,420.343656445322
3001128,165.53723141239834
3001129,104.38937649522002
3001130,28.662589372217457
3001131,15206.700879373271
3001132,4.815915805327067
3001133,0.7752125481339607
3001134,8.950777038659663
3001135,12.97770410768352
3001136,0.7748994134314384
3001137,154.77016814924554
3001138,0.7396272761161524
3001139,287.7566368651083
3001140,7.310935550420138
3001141,64.09907910828962
3001142,1.4799357786140779
3001143,46.0088716439067
3001144,150.46459131758184
3001145,1.152801654176502
3001146,2.6578624934803647
3001147,52.826388299596765
3001148,28.754401554385648
3001149,1036.3585581745353
3001150,117.16532794934047
3001151,1.1831449245257648
3001152,5.913731239014874
3001153,1.4491125154511297
3001154,8.048209204720264
3001155,2386.8953646234213
3001156,1.2853476513150974
3001157,279.93392251002024
3001158,4.881587407317249
3001159,940.5357139599117
3001160,1096.2030795977703
3001161,465.58801477997207
3001162,138.16789665900745
3001163,80.46456040283452
3001164,299201.1255399794
3001165,9.378260004951184
3001166,2.2648460374142947
3001167,17.04095183784314
3001168,22.978468690696737
3001169,1.6577109344209917
3001170,231.0830059679688
3001171,2.15904593131873
3001172,110.54141125734174
3001173,12.027043163655884
3001174,64.66850014668593
3001175,2.969948664994429
3001176,204.08721712432973
3001177,222.31644415730338
3001178,2.843918134299643
3001179,6.627896384477382
3001180,266.96208456695297
3001181,43.83836279278777
3001182,1800.4021214281884
3001183,127.80560151198455
3001184,8.84705709582637
3001185,2.761949376960997
3001186,0.8171715860908055
3001187,9.108271486671356
3001188,1722.4089353691286
3001189,0.9276490066412564
3001190,598.3157420506232
3001191,4.6869173769152175
3001192,565.388697360634
3001193,1254.3168265989257
3001194,179.17809662394765
3001195,132.8180330943369
3001196,43.87455059102754
3001197,31347.864585701493
3001198,9.482754687809845
3001199,1.3490859180337806
3001200,23.74772953786114
3001201,21.614180019945117
3001202,1.2421522224502421
3001203,165.85539631271646
3001204,8.671128352412616
3001205,68.23409977118533
3001206,15.550635863365349
3001207,73.4910749659604
3001208,1.9528263674261457
3001209,72.47385410965319
3001210,152.72506086859397
3001211,4.135826490102287
3001212,5.349337934826611
3001213,144.98267928397294
3001214,48.01147751270081
3001215,2678.6207564559913
3001216,111.22900032968137
3001217,7.878189568999969
3001218,5.2366607333151105
3001219,1.3554840222091045
3001220,7.704445898317563
3001221,1895.369757973544
3001222,1.1807290560687238
3001223,165.98483858148475
3001224,5.029652421926145
3001225,795.9085417228868
3001226,464.15984981316006
3001227,239.8253021424027
3001228,38.45144071632349
3001229,36.65548857128952
3001230,44196.836909107136
3001231,35.14969406769756
3001232,1.76646416037355
3001233,12.394662478873679
3001234,18.133583356497596
3001235,1.4924042176777743
3001236,164.9274576514497
3001237,6.583929204008188
3001238,80.85449601234616
3001239,9.255301521827409
3001240,69.55037896578972
3001241,2.9003583528228516
3001242,101.7805397910355
3001243,165.03751008652958
3001244,2.1614001270210177
3001245,5.3272483858686845
3001246,73.21436760481227
3001247,23.23522691641316
3001248,1060.466760150808
3001249,124.94023336010352
3001250,3.917748135404575
3001251,6.0972353045519245
3001252,1.9075723522004926
3001253,10.895380536589911
3001254,2514.3555264401907
3001255,2.095026380302688
3001256,625.415625221535
3001257,9.33179234060562
3001258,858.9089954237573
3001259,874.2204700419064
3001260,216.8751876910589
3001261,141.50370887609307
3001262,92.84077816082582
3001263,85139.21421861032
3001264,37.857695462819514
3001265,3.4278939569223095
3001266,16.168699408840883
3001267,47.10107252279157
3001268,2.58922121885536
3001269,214.60872738979563
3001270,18.805363110208013
3001271,49.855832989072226
3001272,15.310468510860789
3001273,89.19669679765926
3001274,7.219162940618423
3001275,405.0704240347539
3001276,234.93879804697497
3001277,8.819617837456947
3001278,7.731012636618394
3001279,408.1172663152497
3001280,80.43468872403253
3001281,28788.199780007373
3001282,55.35206554760432
3001283,25.96776176673947
3001284,6.3137855621597225
3001285,1.0824239223352285
3001286,8.042009453247628
3001287,5117.780424835273
3001288,1.1785341549782524
3001289,529.87989461714
3001290,6.964395738515144
3001291,1572.5827397931591
3001292,1251.935525247441
3001293,586.2721219755307
3001294,72.09586523125334
3001295,55.98061497804552
3001296,3179606.100758565
3001297,12.209479616217195
3001298,1.5125300165867919
3001299,20.139110201817488
3001300,20.823821233996206
3001301,1.4191580454264523
3001302,260.442026790018
3001303,3.48986176862667
3001304,70.5694555236894
3001305,9.861154250984974
3001306,65.61492126493698
3001307,1.9370348042416636
3001308,247.12825433379425
3001309,300.452497218313
3001310,3.946805257810512
3001311,4.888211242515609
3001312,214.47820704488575
3001313,42.046549783500566
3001314,1384.2111820466262
3001315,140.46839559271314
3001316,7.17929631541309
3001317,6.848747617121876
3001318,0.9541811539338723
3001319,6.47469174016687
3001320,2515.791640700452
3001321,0.9116482599922291
3001322,457.67860139213457
3001323,4.722282758783549
3001324,1530.98403616707
3001325,807.8695668428275
3001326,266.9664678880099
3001327,191.73504157052886
3001328,65.73683129557472
3001329,371566.6275607905
3001330,13.665976141440531
3001331,1.268838356072684
3001332,25.539469219245795
3001333,46.43091694441624
3001334,1.1465080997389983
3001335,265.129079888852
3001336,3.883672348797154
3001337,69.85614652503527
3001338,11.162469603156708
3001339,89.52471045412963
3001340,2.051000950943451
3001341,76.83907538619933
3001342,237.24110234308165
3001343,2.765320857176617
3001344,5.489634681609932
3001345,111.05818598004453
3001346,99.70059543915289
3001347,1716.8381591664288
3001348,114.7804530627732
3001349,4.557425168672837
3001350,3.381034160935594
3001351,0.6156687094389571
3001352,4.472431139669314
3001353,1269.4440606088572
3001354,0.6016741920999679
3001355,149.21851037463952
3001356,6.290020376571343
3001357,677.2567839573245
3001358,410.34980106904857
3001359,153.51517986867435
3001360,37.535048411126
3001361,38.7299480147561
3001362,10517.43845324487
3001363,9.20000584373071
3001364,0.9153642596430736
3001365,16.605167955783415
3001366,19.674562421429663
3001367,0.8027820637308289
3001368,158.74681515003013
3001369,1.5227165585885214
3001370,51.94302206650119
3001371,7.452484830276344
3001372,84.12269914828303
3001373,1.6921631468058953
3001374,79.78310043461379
3001375,147.0687456390724
3001376,1.699465574050369
3001377,3.400138156792081
3001378,109.94370753456111
3001379,27.737894083753815
3001380,1162.6331884927363
3001381,115.64102173697287
3001382,2.1609620439789645
3001383,1.8484830362536044
3001384,1.095215912904087
3001385,6.243969057401683
3001386,1195.6369456449036
3001387,1.2837291738398382
3001388,240.36129355768927
3001389,9.868430148942261
3001390,562.7228892965253
3001391,526.8269094199832
3001392,148.86468518345055
3001393,41.182744734826926
3001394,48.66451856718766
3001395,3042.6581037269057
3001396,20.690100045895367
3001397,1.565339500123546
3001398,13.038850192926276
3001399,18.61729280581541
3001400,1.5767773390036335
3001401,135.16737077824442
3001402,8.850579801036687
3001403,96.3614834888452
3001404,10.00634587891248
3001405,72.59357349879791
3001406,4.663174552729743
3001407,479.79971812863056
3001408,162.76932207342114
3001409,4.199254496458835
3001410,4.398433928830746
3001411,256.0314718977838
3001412,30.120607999015068
3001413,3582.944567813452
3001414,109.05619731284817
3001415,6.409222726646753
3001416,3.7123399724259913
3001417,2.1942567764238623
3001418,8.99455431103176
3001419,3610.219215882066
3001420,2.3660965213054648
3001421,717.0627666002079
3001422,13.641087947657637
3001423,1031.5780461644208
3001424,1243.5164710513207
3001425,291.16272820463183
3001426,206.34461666941948
3001427,153.09743408064898
3001428,85856.01604370502
3001429,26.984121246370446
3001430,2.9663415010709677
3001431,21.586808170261943
3001432,42.110905556855485
3001433,2.8280707652162604
3001434,263.48038661536725
3001435,11.038334840042728
3001436,75.45206162991002
3001437,13.830979168035366
3001438,96.0982415022467
3001439,11.026336763107269
3001440,351.51463522369954
3001441,248.70754600023236
3001442,15.849639749412075
3001443,9.444995778465929
3001444,525.069125058866
3001445,96.23424317460525
3001446,250123.92037670236
3001447,112.23245517981333
3001448,18.09565709506306
3001449,2.0505294013123896
3001450,0.6379734878828871
3001451,7.063130256976842
3001452,1459.9410345527103
3001453,0.7429649942523111
3001454,300.07825964915503
3001455,3.679704267245487
3001456,398.6886449225459
3001457,561.9679379450372
3001458,151.63121351624568
3001459,78.16159672495812
3001460,52.24380757615542
3001461,2305.3634298575334
3001462,10.896844375745735
3001463,1.0426722866899751
3001464,8.639643727464584
3001465,21.124352732134696
3001466,0.9561643158626236
3001467,103.12842543272627
3001468,0.9255733801523757
3001469,61.36893837598132
3001470,7.242874748272131
3001471,135.49684689952338
3001472,4.745014902657932
3001473,161.58220135280794
3001474,110.63252021692948
3001475,2.9776155707637546
3001476,4.698721669724357
3001477,125.74594163926157
3001478,23.94425504153241
3001479,2843.37107960117
3001480,107.23936444109312
3001481,2.8881034930984963
3001482,3.178026606639517
3001483,0.6085600567949014
3001484,3.967249816827283
3001485,865.778846850313
3001486,0.6344049408803781
3001487,188.91554787988562
3001488,4.638017957979288
3001489,418.2728895981788
3001490,232.26230323118446
3001491,108.71582079418302
3001492,27.567534245148227
3001493,25.592226908869495
3001494,2006.1710063788373
3001495,10.540140629153898
3001496,0.9807959942056285
3001497,10.060016140146226
3001498,10.068102559211724
3001499,0.9071478344993187
3001500,99.36198046443008
3001501,0.9132942430765072
3001502,99.25146988200268
3001503,6.196755735172799
3001504,58.428577206601524
3001505,1.0148506113196256
3001506,205.9910998562919
3001507,135.68760209590855
3001508,2.023499402976251
3001509,1.2847573366781653
3001510,102.48918432458984
3001511,14.882047346361661
3001512,1167.7057344889527
3001513,107.65403834078049
3001514,1.6780415649352969
3001515,4.7421508537365735
3001516,1.5127094648175992
3001517,6.371766703656109
3001518,2620.2891620362843
3001519,1.6780314503625482
3001520,648.489916249301
3001521,12.159336240735508
3001522,851.5495307881537
3001523,990.8961451698798
3001524,260.6584536604972
3001525,207.88453391715052
3001526,84.88941813827938
3001527,54137.945871255026
3001528,17.431411559913894
3001529,3.120569758866925
3001530,18.60662752325957
3001531,30.007382850722337
3001532,2.3461026967234178
3001533,230.05737842982575
3001534,5.619019700721521
3001535,68.5541458534288
3001536,10.349962881377467
3001537,122.64741806764039
3001538,3.716381117140717
3001539,218.7509566079373
3001540,208.9796066053096
3001541,8.787709731569173
3001542,7.961511299616852
3001543,328.2970773922068
3001544,62.78275084147025
3001545,40356.53664052363
3001546,114.8195763461106
3001547,12.57343730814844
3001548,5.216658178622512
3001549,1.4721753769452322
3001550,6.849876014570756
3001551,5906.891990232375
3001552,1.6130718569663411
3001553,680.6465475259448
3001554,11.841941421735166
3001555,1024.9089002475191
3001556,1559.9819913301228
3001557,371.024522063387
3001558,195.8143828722036
3001559,55.75147949406371
3001560,816558.6433968585
3001561,9.28368159494859
3001562,2.1821193171302946
3001563,25.224736903857607
3001564,19.902280574962248
3001565,2.143734746175685
3001566,214.57244686177714
3001567,1.969809286033822
3001568,85.18918590494147
3001569,9.958939339025157
3001570,75.21310893393193
3001571,2.4899171306978394
3001572,152.24594911774875
3001573,233.9265666652668
3001574,5.337487756724736
3001575,4.272115864146225
3001576,147.13052932179176
3001577,55.683150815677784
3001578,2590.827164263113
3001579,113.77142585888029
3001580,3.909089966153541
3001581,6.39613587360736
3001582,1.6707745830437453
3001583,6.704277121160247
3001584,4062.6520304689047
3001585,1.573158146572212
3001586,701.9483762748868
3001587,7.704616834219016
3001588,915.0790633849607
3001589,1515.7707030247616
3001590,243.9805360244593
3001591,157.25971092340254
3001592,59.506356995010954
3001593,703993.5345699188
3001594,11.834367558088958
3001595,2.11919255654593
3001596,22.324672817943803
3001597,17.428546128794643
3001598,1.9553524127251005
3001599,204.58668079008515
3001600,1.9190574379875678
3001601,75.04158487493201
3001602,9.410807652564095
3001603,93.43837556232181
3001604,2.5208404212362354
3001605,81.55182952080347
3001606,222.785344060674
3001607,5.723361573716589
3001608,4.601635067405047
3001609,130.4883802080258
3001610,53.69490698986986
3001611,2578.727837280775
3001612,116.66526249424001
3001613,6.725539235999797
3001614,11.169384846166091
3001615,4.206666777454136
3001616,17.30596641703333
3001617,1027380.4797612582
3001618,4.040992030466611
3001619,1029.1864628086144
3001620,46.046353345279144
3001621,1844.611628069721
3001622,2223.148745885564
3001623,378.45455203011966
3001624,458.6283546740916
3001625,333.8647189945408
3001626,19276954.366919577
3001627,63.29537906303299
3001628,6.4177323096246255
3001629,46.257758426284504
3001630,57.92605358250798
3001631,5.2727427144761325
3001632,565.9798329963413
3001633,30.420024283834042
3001634,94.16023132422988
3001635,28.272495791717628
3001636,192.29580781455567
3001637,21.48274801320204
3001638,656.3080860423164
3001639,544.1593584920033
3001640,18.119828984711276
3001641,23.517233828568383
3001642,897.7225290244888
3001643,205.59209008417687
3001644,49385294.12338515
3001645,147.39266071949015
3001646,64.56902218941079
3001647,2.3265921145994723
3001648,0.8950311370264696
3001649,2.631429633204628
3001650,1342.5680922747206
3001651,0.6052848078890884
3001652,162.0513288657933
3001653,1.9104006553468198
3001654,761.2195066179553
3001655,424.12387652744496
3001656,130.32066955915926
3001657,90.95271726252307
3001658,35.46810406773372
3001659,5746.5736902967365
3001660,3.7148046789249465
3001661,0.8224686140332284
3001662,9.271301635487047
3001663,13.404844239180655
3001664,0.8585418273156282
3001665,174.290383093315
3001666,0.911648903933514
3001667,177.665742972046
3001668,7.38217967431145
3001669,76.82181752133411
3001670,1.1577471222346931
3001671,50.33824670818136
3001672,101.20100747250903
3001673,1.7140091431906566
3001674,3.5649458242446177
3001675,76.99660642454964
3001676,15.274379896676507
3001677,1409.1046503130624
3001678,108.75495307826253
3001679,3.5887643431661047
3001680,5.983188076364016
3001681,1.1348436685520267
3001682,6.416516285153598
3001683,3264.878918175699
3001684,1.2297302680211402
3001685,519.6074374523655
3001686,7.157367860222754
3001687,1164.7160461666929
3001688,948.8837486239963
3001689,201.22531670038788
3001690,216.6620006429946
3001691,60.07033614334765
3001692,713589.9466061995
3001693,9.431377966734662
3001694,1.4890102661235907
3001695,15.767694900735865
3001696,20.544534683298025
3001697,1.5127317801624691
3001698,223.1120480243494
3001699,2.7514699221035466
3001700,77.07974228074465
3001701,12.535110500603306
3001702,55.98496573991313
3001703,2.0978218960948167
3001704,292.9578317171172
3001705,234.939751783536
3001706,4.394169132804354
3001707,5.662706182657679
3001708,100.30378372513289
3001709,58.0457279331422
3001710,1987.2184020708046
3001711,115.13839115382538
3001712,4.144955536316087
3001713,0.9423510456997715
3001714,0.4306150417588461
3001715,3.2573219996208476
3001716,924.9672171663408
3001717,0.47151372563034843
3001718,132.81031310586727
3001719,1.9254700662916349
3001720,831.4649374763588
3001721,405.9947658201546
3001722,111.04401013589181
3001723,162.98978933910178
3001724,13.939462851245233
3001725,2912.5921856858254
3001726,2.344863272227767
3001727,0.64949799430964
3001728,10.203876418721661
3001729,10.142712005550308
3001730,0.6414750378585703
3001731,99.89768916832624
3001732,0.6343554817696714
3001733,51.8983319469005
3001734,5.358717542498288
3001735,63.77099973750676
3001736,0.7714402853137224
3001737,54.107870913246636
3001738,99.34310501414116
3001739,0.8769511108697285
3001740,1.502446783793149
3001741,42.96685607047642
3001742,8.329507740160684
3001743,1581.3994726620551
3001744,108.08702262476643
3001745,1.758820228951533
3001746,5.929211319482307
3001747,0.6015453916265983
3001748,5.597709115984819
3001749,1665.2041074175734
3001750,0.693666805066212
3001751,197.73814937543287
3001752,4.882404294624608
3001753,828.646556104907
3001754,591.2722835614163
3001755,169.62825358955178
3001756,109.18007042766574
3001757,45.51391283499291
3001758,32664.698357308567
3001759,4.263398093205858
3001760,1.1472878847782613
3001761,20.191853794362604
3001762,16.499847158894593
3001763,0.9286486220955816
3001764,178.29812656029281
3001765,0.8898570194410537
3001766,109.44698998168849
3001767,11.690162493079336
3001768,62.92839344967947
3001769,1.77764584174568
3001770,209.4109178882973
3001771,181.7691288108137
3001772,1.5608919449085317
3001773,4.929626269507794
3001774,150.094361321216
3001775,22.993800703140792
3001776,1666.7760391646448
3001777,118.83671042077499
3001778,1.3092658409670785
3001779,3.0347161959933056
3001780,1.6451131733015263
3001781,7.455828622481798
3001782,1992.4248047811889
3001783,1.7389841814538585
3001784,688.1740159746186
3001785,6.876519981435914
3001786,850.8115943625583
3001787,1011.7628929670041
3001788,206.36783276502396
3001789,86.57391330656208
3001790,54.11318024495898
3001791,244111.1856772742
3001792,5.908252462167753
3001793,4.839134792926718
3001794,27.273237885883052
3001795,42.195009638473586
3001796,2.1570986724933308
3001797,184.69685694102105
3001798,4.979529656218306
3001799,72.80630967974585
3001800,9.611581760223626
3001801,69.25474215594107
3001802,2.9273227031652285
3001803,141.05848960507146
3001804,224.5350153323844
3001805,4.515739375004942
3001806,6.10999847081927
3001807,108.52641687518076
3001808,27.989587046707364
3001809,1712.9581170322808
3001810,115.4420058049317
3001811,3.900997019903212
3001812,3.6949386835258617
3001813,0.4096765734723175
3001814,3.205260742904156
3001815,1261.3759695092212
3001816,0.43188836190735247
3001817,105.18008381403801
3001818,2.459861802199712
3001819,514.9245967470985
3001820,397.1548354125337
3001821,108.63735982597906
3001822,106.00386838081967
3001823,27.45443104164453
3001824,7110.78233215918
3001825,3.799850967231844
3001826,0.6097097169043972
3001827,9.13068916924175
3001828,16.775323641663558
3001829,0.6139211416328334
3001830,114.01934578619601
3001831,0.5839703437110458
3001832,51.840409636256524
3001833,6.879217236838082
3001834,65.7629947469989
3001835,0.9195896279589364
3001836,140.12570481566266
3001837,110.95822979687809
3001838,0.9743142329302243
3001839,1.0098219960049624
3001840,39.35901659699094
3001841,13.01103536786273
3001842,1077.048364872835
3001843,103.29107081461397
3001844,0.824267451378504
3001845,4.072746746095335
3001846,1.361322732605764
3001847,5.698707360499627
3001848,2937.626147143159
3001849,1.4936086450197368
3001850,498.59807378825315
3001851,5.4106219187684195
3001852,841.7167060328113
3001853,904.7802878543656
3001854,203.6257649150912
3001855,95.0773306737271
3001856,61.622392072228244
3001857,268034.2979537478
3001858,5.724089209617238
3001859,1.8302613354097392
3001860,14.492215301493484
3001861,14.451861143552177
3001862,1.9464380577296634
3001863,178.25961222347132
3001864,1.8412159605936411
3001865,60.03909749286842
3001866,7.799780056274918
3001867,74.26050624544128
3001868,2.151764681841937
3001869,173.64438230251284
3001870,190.02037121832754
3001871,3.4531748393124344
3001872,5.025694510760449
3001873,83.91472099048372
3001874,36.66880931041907
3001875,2141.0153666565466
3001876,118.24279754271726
3001877,2.716724950370838
3001878,3.643206897674566
3001879,1.4877026276546195
3001880,11.16718786004623
3001881,2374.4775600482485
3001882,1.6182779313756956
3001883,548.1323699478031
3001884,6.574097988241367
3001885,932.342868087487
3001886,945.124187730156
3001887,171.19188390378827
3001888,123.37005204116963
3001889,99.80395620218731
3001890,44998.48486036701
3001891,48.12202212904446
3001892,2.3717981584895784
3001893,23.676071383201563
3001894,26.030803371204524
3001895,1.9865069555087382
3001896,219.79060872706881
3001897,16.87973177281618
3001898,64.43522455894669
3001899,8.256147175561669
3001900,110.37933107535714
3001901,6.934912410213923
3001902,171.44569300841079
3001903,225.54731305014323
3001904,8.619093943767808
3001905,12.208841298549885
3001906,222.15532677210848
3001907,58.60432580400365
3001908,25128.92974537746
3001909,115.74338358602655
3001910,9.568544664924062
3001911,5.3537915423132825
3001912,1.4710238924697316
3001913,10.06104230109633
3001914,2303.0351567979787
3001915,1.6555366932597058
3001916,463.4405653178489
3001917,9.900681399939858
3001918,1134.342159693136
3001919,841.022662197596
3001920,155.79207849114522
3001921,72.6276066636559
3001922,103.72293963280411
3001923,74076.89470753455
3001924,23.586181356858734
3001925,2.3320853935910684
3001926,29.998872205133345
3001927,88.66359647864805
3001928,1.9796750255903108
3001929,299.68234706729856
3001930,16.61853146178275
3001931,62.713825107213644
3001932,12.763291938896614
3001933,105.73450427842354
3001934,8.758480476947485
3001935,154.86730842736858
3001936,466.58754606788557
3001937,6.932357089485238
3001938,10.606329270836104
3001939,97.40041902080783
3001940,59.22381185377298
3001941,9590.83832763681
3001942,111.66325434055153
3001943,11.972105052629374
3001944,7.219556797051406
3001945,1.1638800230268007
3001946,6.087745150259903
3001947,5038.880991549184
3001948,1.1944227481477119
3001949,685.9867923017047
3001950,5.930403751921058
3001951,1927.8683396627305
3001952,1185.7265032001249
3001953,200.41327627872454
3001954,348.7758397781655
3001955,52.72452456926815
3001956,2593799.4828110696
3001957,23.896606660136428
3001958,2.2707573445443723
3001959,16.540971538252087
3001960,22.187766684067718
3001961,1.4665146746972872
3001962,238.91578988396276
3001963,4.561739760600948
3001964,58.05872412331504
3001965,14.075893080536233
3001966,78.59218153430758
3001967,2.7906747818405453
3001968,118.0492823317995
3001969,264.7845918279636
3001970,5.8371317095405395
3001971,7.644219168943417
3001972,183.5863165879836
3001973,43.08585545341521
3001974,2876.1000162373275
3001975,112.62422508794535
3001976,11.549747395609604
3001977,3.976380442694091
3001978,1.5331494466041784
3001979,9.163763786376737
3001980,1922.4091778723994
3001981,1.6668425145319155
3001982,353.725308404804
3001983,6.045699278728129
3001984,774.1456984697058
3001985,821.8137401059653
3001986,191.60689344150296
3001987,119.00428876371694
3001988,71.51971732204036
3001989,17693.633860397746
3001990,22.50847557819943
3001991,2.736053288228718
3001992,10.838227256901881
3001993,16.454948347285423
3001994,2.0181069885621867
3001995,209.37848497226844
3001996,15.200021563734328
3001997,62.7794846509211
3001998,8.039840266307728
3001999,90.45491779341913
3002000,5.599897228015953
3002001,290.55503114129
3002002,210.0693887357677
3002003,6.3420977706744655
3002004,7.909127759025447
3002005,297.12179840546304
3002006,36.825507770489594
3002007,15085.226915157251
3002008,94.57047790661464
3002009,19.937783501864935
3002010,3.3256885122807347
3002011,1.0930354683731336
3002012,5.686091323233473
3002013,6760.581151066806
3002014,1.1585512449589084
3002015,404.48296190367535
3002016,6.851518670847929
3002017,1626.5475133425136
3002018,893.7910205367514
3002019,235.76155166631105
3002020,151.2477699242001
3002021,52.30796627803696
3002022,1131324.04554818
3002023,8.318221476623897
3002024,1.9296656316463419
3002025,22.74918470591001
3002026,23.183671782562712
3002027,1.4399170820651688
3002028,376.6450567448016
3002029,1.3918691596147221
3002030,77.48736165641033
3002031,9.728840210733262
3002032,70.14268767274739
3002033,2.075940020931924
3002034,104.55019371631556
3002035,257.0982374005158
3002036,3.154853272707937
3002037,6.841071224620342
3002038,133.00595966468023
3002039,40.14779575767588
3002040,1746.6092670851983
3002041,115.45391917397014
3002042,5.713979315849519
3002043,5.070132934094641
3002044,0.9101716332287365
3002045,9.596332242574457
3002046,1965.0667903605859
3002047,1.0457267169385187
3002048,463.0869847633583
3002049,6.335594446531672
3002050,1001.7953119106616
3002051,758.2032006369086
3002052,217.04634656978496
3002053,113.30472112081492
3002054,94.41920755847198
3002055,31279.52846122761
3002056,28.718615971325185
3002057,1.5855691462512704
3002058,18.351348160038494
3002059,40.728663383704635
3002060,1.310361505043761
3002061,213.69057669103302
3002062,11.72301875633189
3002063,57.36647922022498
3002064,10.373550124848993
3002065,123.90607909524668
3002066,7.638002778379313
3002067,159.52459527089073
3002068,440.45207959546747
3002069,10.248657014167389
3002070,8.519382724224274
3002071,176.50924764182204
3002072,51.825310551030476
3002073,7342.523436521469
3002074,108.95924952873231
3002075,5.268885625224509
3002076,2.6846639208401335
3002077,1.229060292516388
3002078,8.17124744945862
3002079,1903.5037650415552
3002080,1.3316097135299128
3002081,493.29817275238025
3002082,8.739165169550102
3002083,756.8723346517104
3002084,838.6697157369871
3002085,177.8362952342564
3002086,115.98680899753967
3002087,93.51489979097583
3002088,18185.263536942963
3002089,27.172644980601362
3002090,1.8711884194104558
3002091,20.32287960233465
3002092,29.06569319077432
3002093,1.635002731836636
3002094,194.75944987385327
3002095,13.576896309454877
3002096,70.64701734510135
3002097,11.599144997630717
3002098,81.54714148069641
3002099,7.665407499663885
3002100,177.74833771004526
3002101,202.68122640568347
3002102,8.047717899458952
3002103,8.091430012463789
3002104,203.19324804086804
3002105,46.198836659761724
3002106,15585.890577196555
3002107,109.11917218299735
3002108,11.954188467667647
3002109,5.222824400320696
3002110,1.5537914688764853
3002111,6.663225563340374
3002112,6781.897843496245
3002113,1.667485892298464
3002114,579.7220448484946
3002115,9.241312915796655
3002116,1015.6968545405072
3002117,1038.595393717414
3002118,245.74349847431483
3002119,137.40613466035077
3002120,50.180549954778925
3002121,342839.0872880051
3002122,7.721309893743941
3002123,1.9731051166492044
3002124,15.47457011677595
3002125,18.157103970517074
3002126,2.045527386572404
3002127,207.75795151279536
3002128,2.038968494713403
3002129,73.17229034377633
3002130,6.790653757950186
3002131,83.70645803436004
3002132,3.7954621918635896
3002133,158.4169396097307
3002134,233.15899467479295
3002135,4.363398982526654
3002136,3.8313774459288625
3002137,188.56674717153294
3002138,110.45760174798951
3002139,1838.066259157656
3002140,114.55098581155904
3002141,2.305238327372815
3002142,13.821156801352432
3002143,3.515468119212041
3002144,20.29268813959123
3002145,21059791.276672184
3002146,3.835590763890939
3002147,1279.743571553312
3002148,29.8681740591558
3002149,2468.8438355568715
3002150,3103.3080111531276
3002151,654.7142098751324
3002152,583.2217918999
3002153,428.4321001162622
3002154,732603067.3019806
3002155,80.3394889838588
3002156,7.745439377397379
3002157,100.22657002699493
3002158,112.60432921320519
3002159,4.95478646419857
3002160,739.3790793262841
3002161,40.11448648942844
3002162,114.0007186346721
3002163,50.69576861257692
3002164,282.6115612079693
3002165,20.881045183948572
3002166,719.4774943148817
3002167,620.2500028407925
3002168,34.82632848622854
3002169,33.164773556140986
3002170,908.5584704723528
3002171,246.6834440299164
3002172,710860677.8703431
3002173,212.20231500666523
3002174,63.33336107921108
3002175,13.273114421877628
3002176,2.5316355567704694
3002177,14.911133612019256
3002178,4074719.7871145564
3002179,2.8040848971674963
3002180,962.7352143499955
3002181,25.098124757220194
3002182,2241.944150733824
3002183,2173.256888087494
3002184,711.6498833671246
3002185,329.6522658434332
3002186,251.99911309674096
3002187,1222364242.5053048
3002188,111.10786555421075
3002189,3.9005886196828667
3002190,56.460899800126825
3002191,78.14831944122976
3002192,3.5999932729386854
3002193,678.4388894984874
3002194,66.85706782964073
3002195,76.81302809201655
3002196,19.19246949585265
3002197,182.9196169266752
3002198,15.49165410546659
3002199,844.6616449680187
3002200,695.3738936139508
3002201,18.220812193014694
3002202,27.591841392764515
3002203,899.043729170482
3002204,217.790610754283
3002205,7910915.024626639
3002206,252.00312080311426
3002207,56.97359937872807
3002208,9.562945649522401
3002209,2.2054203292903236
3002210,18.35135162182997
3002211,70681.23873741738
3002212,2.4841829370611817
3002213,815.3603980921579
3002214,14.368864075062834
3002215,2196.5018668788766
3002216,1447.8552990353155
3002217,775.7940359329822
3002218,114.157907437209
3002219,180.69286198833152
3002220,785504254.8733375
3002221,34.33006597728893
3002222,3.7621699974082303
3002223,29.79624825596184
3002224,36.0224464744956
3002225,3.218868368499924
3002226,634.0583799833893
3002227,32.21767782987887
3002228,71.48094874660927
3002229,16.154693017701796
3002230,116.08845216494717
3002231,8.709894650926476
3002232,813.1463074490058
3002233,682.4900888910861
3002234,20.632913268056264
3002235,35.487850437057595
3002236,620.5847126773039
3002237,108.21756556172365
3002238,81389.40515931413
3002239,220.62775754993254
3002240,32.00437050378765
3002241,12.898757163934414
3002242,2.682128636954379
3002243,19.605084949382558
3002244,2159293.999452552
3002245,2.9761732791594553
3002246,921.9604625443466
3002247,17.598175470371828
3002248,1949.5446404219197
3002249,2089.713607964713
3002250,715.1347441910921
3002251,314.800872465891
3002252,202.56727159194276
3002253,1100354499.2839324
3002254,48.09320807076345
3002255,4.287168818612314
3002256,61.955611990746704
3002257,78.54341759566763
3002258,3.8294053889064728
3002259,661.9896936098819
3002260,70.88551934912022
3002261,73.52452418973218
3002262,25.441566141506556
3002263,180.39314901350616
3002264,10.299561921343482
3002265,723.9853067277116
3002266,686.5865628574712
3002267,21.839912185169357
3002268,23.861447611865124
3002269,853.7710870251574
3002270,159.67914304877928
3002271,3333663.202610612
3002272,265.21623982829965
3002273,51.283311821537836
3002274,10.408847839063707
3002275,1.589945565445487
3002276,17.83537804132971
3002277,16809.545467759446
3002278,1.8145779788817193
3002279,687.5760348562565
3002280,14.339365841931219
3002281,1587.175646050835
3002282,1108.2784527946023
3002283,646.9851785899921
3002284,84.21638186025868
3002285,143.94155733759592
3002286,54299778.87622215
3002287,35.38091723608353
3002288,2.3082591498765863
3002289,26.50169948458473
3002290,64.99715345704021
3002291,2.2640624803046276
3002292,594.4830911782586
3002293,57.12564425246098
3002294,61.50392807897928
3002295,10.41392217328585
3002296,115.41499982051971
3002297,5.6073555204681345
3002298,679.843885112663
3002299,724.7076640782982
3002300,14.99296210456872
3002301,23.53495806295129
3002302,650.7071738150661
3002303,67.76237554691367
3002304,17090.841209743252
3002305,184.0174655059605
3002306,17.91451204208481
3002307,7.762684663317116
3002308,1.4673731035693858
3002309,12.556959521840323
3002310,53070.0597231395
3002311,1.6788978934725898
3002312,1024.7442796515427
3002313,19.585524557307497
3002314,1526.0669570027978
3002315,1886.348613246168
3002316,465.6521384420684
3002317,439.66797562952615
3002318,328.58047628334043
3002319,9588915.057018464
3002320,54.493084906287606
3002321,3.2392739268945325
3002322,34.113355860464445
3002323,66.42396839679137
3002324,2.223020871230574
3002325,522.8060019497736
3002326,20.004768579509232
3002327,70.24166411653636
3002328,15.364719560432825
3002329,209.64276463529248
3002330,13.963174716704025
3002331,671.4847683599539
3002332,524.0995402245896
3002333,17.034382011419723
3002334,25.859955828099423
3002335,812.6364438140673
3002336,181.28452590825572
3002337,32130221.766951237
3002338,155.26263050443046
3002339,60.837454145255364
3002340,4.368122677775888
3002341,1.8793633365348397
3002342,9.350025004826476
3002343,1405.7855686249743
3002344,1.4461307303257107
3002345,292.98060058506627
3002346,15.917999821351575
3002347,894.2022087890249
3002348,635.1607240662106
3002349,215.03120066641262
3002350,72.17674701673191
3002351,67.3057376843642
3002352,13813.039390875734
3002353,42.86244997551728
3002354,1.9302470263474172
3002355,24.139910866444783
3002356,23.73841164765141
3002357,1.8631892728818615
3002358,201.41047573427636
3002359,10.131140202819218
3002360,99.70035464155143
3002361,13.038724014742165
3002362,72.529004342026
3002363,5.391655107923727
3002364,193.00094100318782
3002365,225.17282981323038
3002366,4.408290595680381
3002367,6.8650491323505785
3002368,180.59589274031677
3002369,39.82941766381791
3002370,3829.088947819149
3002371,135.26979081798999
3002372,6.613255142926459
3002373,7.086170385549933
3002374,1.4736090837836637
3002375,13.798313344753186
3002376,7238.555820745787
3002377,1.7003334600910196
3002378,575.9745907689676
3002379,22.385221956579315
3002380,1301.66869221131
3002381,1067.3905785286718
3002382,507.64572720938975
3002383,79.89279118221452
3002384,108.69735427356427
3002385,2320680.981599439
3002386,84.74260705118859
3002387,2.481957357991578
3002388,40.174338422944885
3002389,50.12620558119732
3002390,2.164593931073625
3002391,480.9125521241769
3002392,20.34842908444435
3002393,48.51070035392195
3002394,10.338813731187747
3002395,126.94054469489818
3002396,6.724299043391339
3002397,527.2103328962678
3002398,524.139406954014
3002399,10.241184394289562
3002400,19.69331946494282
3002401,354.78238604654655
3002402,57.53743167765078
3002403,21024.400679349652
3002404,148.50520845366324
3002405,15.292559248856644
3002406,5.413865123849354
3002407,0.8189137744843467
3002408,9.075912037193515
3002409,4728.3408833125595
3002410,1.0347912405312283
3002411,835.8271877504726
3002412,6.2616245052531685
3002413,1243.7111891563734
3002414,1384.0795741021464
3002415,221.00134918709023
3002416,332.16164580828155
3002417,211.46339955584006
3002418,143571.37022039012
3002419,29.670561427246415
3002420,1.583747233477118
3002421,22.973309251651187
3002422,41.79680612495587
3002423,1.338945637714886
3002424,377.52306000736326
3002425,2.228014611440023
3002426,75.17184126291224
3002427,10.433540188870385
3002428,123.20394976489281
3002429,8.045345249509518
3002430,566.8231530445325
3002431,276.3403891579357
3002432,17.113599664693552
3002433,9.097711811656366
3002434,685.1437722372413
3002435,90.55564844217645
3002436,932822.7886786291
3002437,107.08407222645717
3002438,30.858711036742932
3002439,9.45135699815327
3002440,1.2359786507968469
3002441,11.61044142825378
3002442,4057.3452043266207
3002443,1.4007301075549052
3002444,730.3043714568296
3002445,8.357243073869599
3002446,1282.460363730784
3002447,1062.5678180807613
3002448,345.3797957333186
3002449,175.54381379931235
3002450,244.22802526316616
3002451,602498.6126322786
3002452,36.27494130168221
3002453,3.138198739989078
3002454,40.633256048370825
3002455,41.424347621342704
3002456,1.7761422651260874
3002457,357.1626333381064
3002458,6.975661819327661
3002459,83.8384899391755
3002460,11.653761084093162
3002461,205.73859511856938
3002462,6.56262456917597
3002463,414.4810140122438
3002464,301.7871596554792
3002465,11.34231371645345
3002466,19.093692071636426
3002467,426.0018183126916
3002468,97.55293305793334
3002469,262177.2900066044
3002470,116.97564749066586
3002471,6.322019363010968
3002472,6.446082142928463
3002473,0.7379019567976308
3002474,6.623985920759908
3002475,1694.376253823817
3002476,0.8673347619542524
3002477,477.17479770975984
3002478,5.0617397744094035
3002479,938.258226891122
3002480,636.3565349347067
3002481,220.38302087199548
3002482,75.91244826382817
3002483,88.3568365869826
3002484,14124.213158780141
3002485,12.293565375651026
3002486,1.6914329284777248
3002487,22.491809170238685
3002488,34.152731494607515
3002489,1.091308256216155
3002490,205.88895183877034
3002491,3.240500599114827
3002492,59.10165844218587
3002493,8.235072572062492
3002494,93.31908174317347
3002495,3.3889746538284853
3002496,216.19152148385288
3002497,219.04163916615198
3002498,4.941736321486708
3002499,4.965140852201682
3002500,149.65856515472473
3002501,55.082737834115896
3002502,4754.110453393978
3002503,104.84605405891052
3002504,2.553746048038637
3002505,4.393658512102614
3002506,0.4751965912690571
3002507,3.4794929064218802
3002508,2413.7223282838886
3002509,0.6207816139866336
3002510,208.8446544955808
3002511,3.3153601648189963
3002512,1000.6409593411
3002513,348.1927718892346
3002514,199.10171778988706
3002515,46.08160050577646
3002516,26.091615114989438
3002517,23873.19538790474
3002518,4.674305958987245
3002519,1.0252251841537579
3002520,19.35456317796481
3002521,14.156132248678183
3002522,0.800045283856562
3002523,186.75296928368195
3002524,0.7967834468186421
3002525,192.39842544195767
3002526,6.91170292039644
3002527,59.16136495410847
3002528,1.1647613212658006
3002529,39.81183571350454
3002530,168.09321636848074
3002531,0.9600024412318844
3002532,1.9024592259423971
3002533,41.48099917582177
3002534,60.68863779360394
3002535,1268.4524785909164
3002536,124.75961460605107
3002537,2.5384245284252476
3002538,5.135060013928925
3002539,1.804015993090889
3002540,10.878836533971667
3002541,3466.0825712828473
3002542,1.9489911092155863
3002543,528.6706044848178
3002544,9.880959767660965
3002545,1056.5877507048308
3002546,970.6203128117836
3002547,334.8802157575665
3002548,144.2592117780849
3002549,119.48158877705448
3002550,306684.52783760196
3002551,24.285855900337733
3002552,2.590768039819664
3002553,24.692946881189396
3002554,47.14368189215693
3002555,2.3671145797787077
3002556,363.3581345489961
3002557,19.533751237455835
3002558,49.20387612789433
3002559,30.461455965934476
3002560,98.26140105505458
3002561,6.685535122280346
3002562,398.1843976116602
3002563,272.1629651203105
3002564,9.277669653632394
3002565,11.529669153327085
3002566,458.41423189878196
3002567,67.61225609206817
3002568,18013.858726541686
3002569,79.04906340001425
3002570,26.941199175541122
3002571,5.454515421597042
3002572,1.703537970029975
3002573,9.39710384375005
3002574,3718.5598566546523
3002575,1.8757582122542535
3002576,660.2191631927724
3002577,14.65238323060451
3002578,1014.0984602532026
3002579,1309.0277611140748
3002580,199.29466772061357
3002581,244.86548320078347
3002582,195.78807214017147
3002583,57081.333013989126
3002584,31.521967531756708
3002585,4.034959109250137
3002586,28.98899785983106
3002587,31.156675810554045
3002588,2.5516011234200917
3002589,241.18259836504126
3002590,11.02439467814644
3002591,74.52757108497264
3002592,15.94258940007015
3002593,150.64065340734336
3002594,9.130508601580994
3002595,417.30251071371083
3002596,231.1958229700879
3002597,6.653331467836078
3002598,12.563582236845416
3002599,609.6094293237377
3002600,112.71306202837134
3002601,675511.348083089
3002602,131.55149705066694
3002603,34.19149325418712
3002604,5.6450100548683615
3002605,2.888947717097489
3002606,14.19189297329154
3002607,11272.58424676353
3002608,3.1093745178840413
3002609,778.6188601993712
3002610,17.514862221122886
3002611,1114.7825483349754
3002612,1376.4080784892303
3002613,279.03073877952147
3002614,277.1324082170879
3002615,137.191520544514
3002616,500302.2553346444
3002617,28.861871645442783
3002618,6.254269335332101
3002619,37.86213949921818
3002620,89.8241245493396
3002621,3.8515323568466417
3002622,322.0274997885513
3002623,24.90608443603883
3002624,75.08499233794443
3002625,22.503508444354487
3002626,130.73161652666943
3002627,15.49026266335866
3002628,370.5170907524733
3002629,279.89912306442824
3002630,16.567398019596006
3002631,19.405651404540848
3002632,537.0423590849227
3002633,114.0992967929274
3002634,1450579.9794791255
3002635,139.91942308074664
3002636,32.7288458370487
3002637,7.844088732263823
3002638,1.4890636771529877
3002639,10.22321053328305
3002640,4115.780169772441
3002641,1.5675739548819123
3002642,521.6317727187611
3002643,11.520594802013404
3002644,1286.1898936102089
3002645,1376.6134756602482
3002646,531.065985474887
3002647,140.25488775607022
3002648,71.78364479113799
3002649,7903924.198936761
3002650,11.138350054264652
3002651,2.456979361484308
3002652,35.18586956247566
3002653,37.49863522198477
3002654,1.9148838038917069
3002655,331.8288515816358
3002656,9.926106295110001
3002657,72.57910304666268
3002658,13.89207324742717
3002659,70.41413157878132
3002660,3.198204460668852
3002661,290.35078377621653
3002662,375.777273086037
3002663,6.839353194271492
3002664,7.151565347269416
3002665,327.82909696989304
3002666,78.66660750910634
3002667,2807.292731923655
3002668,130.94034924337598
3002669,11.176690710676027
3002670,4.829639824871645
3002671,1.9612979255277785
3002672,8.412322874936256
3002673,1576.797566880578
3002674,2.2049097621659923
3002675,281.8718823087109
3002676,10.926752745329216
3002677,656.1701093500537
3002678,739.374322428233
3002679,130.71836285820115
3002680,107.39216777813597
3002681,98.763671280909
3002682,7565.8691707307535
3002683,18.683209054253442
3002684,2.935309152720358
3002685,13.50286520849351
3002686,27.351987999295936
3002687,2.6802666844346796
3002688,162.67598119899796
3002689,11.476109808804948
3002690,18.52713434201498
3002691,9.187434158346138
3002692,92.24683592208802
3002693,6.377541640421795
3002694,234.09241155294035
3002695,129.05867309809784
3002696,5.646848035936557
3002697,8.562312021444413
3002698,286.913795438591
3002699,50.25709151980156
3002700,11264.605346082766
3002701,48.77800160383141
3002702,17.4015801704922
3002703,1.0478811622310156
3002704,0.6144756141779489
3002705,5.463972717668821
3002706,1097.8938071378068
3002707,0.6424597245704973
3002708,92.83233151457861
3002709,2.873164441695667
3002710,795.2282372270666
3002711,289.12682625872327
3002712,196.90621389151556
3002713,30.746026564229368
3002714,22.92959142882487
3002715,12784.385648893478
3002716,4.678311540499859
3002717,0.8712946757985727
3002718,4.6410766268814525
3002719,7.440740778845774
3002720,0.8674373293111917
3002721,134.8799840355993
3002722,1.8358754518771838
3002723,47.03431936462447
3002724,2.822391394387977
3002725,11.27322634855022
3002726,1.0680922766990832
3002727,189.73410210672728
3002728,164.00446145885775
3002729,1.3088317539842673
3002730,3.604560723102726
3002731,97.04993617133772
3002732,17.967092998488297
3002733,361.26926519451246
3002734,50.78659979576706
3002735,1.5538542545161553
3002736,6.662720249629044
3002737,1.8115282235189185
3002738,7.428939534017748
3002739,15749.144290163324
3002740,1.9097485146705977
3002741,680.2378407033285
3002742,10.983511719995175
3002743,1591.4482113993768
3002744,889.0000095653738
3002745,527.5368884510893
3002746,201.5960930046723
3002747,53.68348216624314
3002748,49776547.12644173
3002749,29.512891538314214
3002750,2.5640213370007285
3002751,22.066752854989797
3002752,21.754827068510078
3002753,2.3882325802218256
3002754,457.64055455541524
3002755,12.20412813269356
3002756,7.426068414300763
3002757,8.869034433400472
3002758,34.31898854596536
3002759,3.777898757028421
3002760,742.6571091978093
3002761,306.2772379424406
3002762,3.4986427288130963
3002763,14.370931829681176
3002764,333.9594385753922
3002765,90.2142414260556
3002766,4069.370200363718
3002767,59.87208421743958
3002768,6.739877297825057
3002769,4.785364521957523
3002770,0.8802985195856016
3002771,3.8472710484458794
3002772,1302.9111526386405
3002773,1.0130814684918013
3002774,166.09442262789696
3002775,6.105715187027011
3002776,888.2069854944205
3002777,468.93781895010994
3002778,189.623431998499
3002779,49.251410987327795
3002780,28.221642167407225
3002781,21170.524181670193
3002782,7.756795618627761
3002783,1.4188887049584729
3002784,9.45692202069284
3002785,16.38035795303149
3002786,1.3752658337713117
3002787,164.12148599423483
3002788,5.2093413740552865
3002789,61.581321180329866
3002790,12.607958083596284
3002791,34.147238814581655
3002792,2.2108304529708303
3002793,185.34865654620322
3002794,151.3691962683097
3002795,1.982458817096171
3002796,5.60444206973837
3002797,121.0631802269444
3002798,25.63604285984313
3002799,528.7555399322675
3002800,38.90535301962471
3002801,3.9600984893087627
3002802,4.011411819974704
3002803,0.6570053745815596
3002804,3.8370726054222124
3002805,1180.0784291532464
3002806,0.6949747534732343
3002807,115.46881418910034
3002808,4.736635478325564
3002809,932.1668211655556
3002810,310.1762452254351
3002811,133.07545076551418
3002812,34.73189710006909
3002813,25.70275118363258
3002814,10063.438382682936
3002815,8.80900978964519
3002816,0.8925020084094847
3002817,15.152247875137657
3002818,9.019240683534512
3002819,0.9372312549448353
3002820,109.13280673380156
3002821,1.7732481879232678
3002822,60.29112135202906
3002823,3.1594892776208767
3002824,28.11966620523773
3002825,1.274095707358697
3002826,158.85108357340314
3002827,153.44971427887336
3002828,1.2540960810691433
3002829,4.152264090044888
3002830,67.34473455446401
3002831,18.331093961150685
3002832,284.5519655809243
3002833,96.15241509643549
3002834,1.838889691020344
3002835,3.888144920853438
3002836,0.9495767374011669
3002837,5.471592391550188
3002838,1165.7007894049766
3002839,1.1092392984509978
3002840,152.27067661549165
3002841,4.846450117440008
3002842,1325.1685829776773
3002843,400.1820397564007
3002844,233.97388023536712
3002845,28.39687422563045
3002846,36.65054524282881
3002847,26952.221583599498
3002848,10.829906719789456
3002849,1.515989540860919
3002850,9.469990025058582
3002851,21.475027203094378
3002852,1.4055901528765382
3002853,178.3708392458323
3002854,2.1429920671760305
3002855,58.54244657460183
3002856,3.8581080483762813
3002857,20.089054393673003
3002858,1.9791731882459915
3002859,304.4908727154701
3002860,208.821594040131
3002861,1.9807638219775758
3002862,3.6412891021441993
3002863,63.81245011018316
3002864,64.68064363288387
3002865,582.0474304675045
3002866,26.073673125448778
3002867,3.4719456944858234
3002868,3.61533195057333
3002869,1.2428625198912018
3002870,6.760530183625629
3002871,1567.8616768781192
3002872,1.0653458170283552
3002873,153.33775807594316
3002874,2.2976560139068347
3002875,884.1505229653914
3002876,366.2941311988353
3002877,239.3764686594041
3002878,66.29122705156055
3002879,56.72980424135425
3002880,45788.099267143494
3002881,6.653093753591078
3002882,2.748586281705852
3002883,14.359880697068917
3002884,17.72794516838518
3002885,1.3952362488696488
3002886,191.5055128969568
3002887,7.570950843088072
3002888,58.564274206277105
3002889,4.580415606369572
3002890,20.135603811062776
3002891,1.9419318184355348
3002892,152.71898022704428
3002893,172.09886678616218
3002894,1.8357560702666824
3002895,4.974260380143047
3002896,91.3888367004116
3002897,37.335549259919844
3002898,1070.5834786616658
3002899,61.94050676359681
3002900,5.161677900098657
3002901,2.7350549408024927
3002902,0.48892039033607454
3002903,1.1748357447313023
3002904,1167.0906844831418
3002905,0.48443856367213206
3002906,119.66220025080315
3002907,3.057661277117604
3002908,912.0164805458126
3002909,262.3059767113324
3002910,136.41014316859886
3002911,108.61886865643918
3002912,24.227835198040765
3002913,15821.78733062107
3002914,4.191162483233216
3002915,0.6896141046825861
3002916,6.595832445693951
3002917,10.858701358278932
3002918,0.6903278401200315
3002919,161.1570154008712
3002920,0.6586810659840036
3002921,49.0857740334535
3002922,3.017811168740427
3002923,19.66875787794131
3002924,1.0526723042426256
3002925,75.8079329350434
3002926,108.06408515263755
3002927,1.0418742728399624
3002928,2.752260688981333
3002929,46.33359147706467
3002930,25.239567273435974
3002931,714.4066624751464
3002932,44.15578031556508
3002933,1.0350009690292215
3002934,6.178698275183656
3002935,1.3261379127124733
3002936,6.300121136452114
3002937,2428.905178896392
3002938,1.149872864630808
3002939,261.7489765566688
3002940,4.724660812051397
3002941,951.6885963850675
3002942,804.3949169881632
3002943,473.3165853924572
3002944,164.88904779612133
3002945,71.96223580236891
3002946,375049.08166365867
3002947,12.574124769667586
3002948,2.272120395462758
3002949,15.729703590577502
3002950,23.587586668389115
3002951,1.5200279858423764
3002952,208.03585660229842
3002953,2.1237083676085504
3002954,48.1684119274356
3002955,8.376870270962288
3002956,31.804548806909285
3002957,3.1510098459213873
3002958,238.49511038588597
3002959,220.39919485206687
3002960,2.6907037968107153
3002961,6.997670444370343
3002962,301.24377022754175
3002963,44.53116272578289
3002964,1815.6118330639965
3002965,64.39454523046149
3002966,8.1773342718884
3002967,2.9261185868294004
3002968,0.685461063412907
3002969,7.6384871910411185
3002970,1760.5670093426002
3002971,0.7938812860022427
3002972,611.0798326839897
3002973,5.152802050255752
3002974,611.8822683755271
3002975,879.703412026477
3002976,178.94284577392875
3002977,120.10257393932008
3002978,36.50122363838229
3002979,50633.13465793287
3002980,10.556950133945953
3002981,1.2238148732225738
3002982,18.624386355902903
3002983,15.84554428850545
3002984,1.104886667976083
3002985,167.39587508578094
3002986,6.978439146444142
3002987,8.43949310117888
3002988,14.23919668855651
3002989,48.893677870320346
3002990,1.792786132948521
3002991,189.07076280701335
3002992,147.36490253538463
3002993,3.70246709866454
3002994,5.803807886380369
3002995,130.6866442031053
3002996,45.563117231568576
3002997,3830.4370302040916
3002998,126.9216521508583
3002999,8.440491250756597
3003000,4.835285959558998
3003001,1.0846895110960884
3003002,6.139131431938024
3003003,1780.6406238312684
3003004,1.0442825598457857
3003005,146.6833907086299
3003006,5.67437069104319
3003007,833.7380191249349
3003008,377.8980353460772
3003009,229.4487272098744
3003010,43.08988278704232
3003011,38.71976032424096
3003012,52906.07374488267
3003013,36.131904635984334
3003014,1.5756128756982124
3003015,9.945637908812696
3003016,13.338166567085512
3003017,1.3487824497385756
3003018,161.09461562227014
3003019,6.0954183670891116
3003020,48.11008536100876
3003021,5.462290515008862
3003022,42.01753705376593
3003023,2.35247229517798
3003024,133.732507317273
3003025,169.60948642949936
3003026,1.9965382935118503
3003027,5.082636035021376
3003028,122.68322540214275
3003029,24.984994688100134
3003030,664.507360142076
3003031,53.722335901173956
3003032,3.848500539095765
3003033,5.783601314857011
3003034,1.764653452818927
3003035,10.435209984301544
3003036,2354.3908835170387
3003037,2.016508110187667
3003038,588.1359859296055
3003039,9.612642643670156
3003040,823.4273161184282
3003041,817.0206670110423
3003042,202.92623886035886
3003043,118.74649823410617
3003044,82.63914364970955
3003045,87130.7629544979
3003046,35.24448675569523
3003047,2.984579842455057
3003048,12.811230974253633
3003049,30.747640917597327
3003050,2.430488499236487
3003051,211.3049007832459
3003052,23.032750433362896
3003053,16.152180759771326
3003054,9.141749038876895
3003055,77.52381366813688
3003056,6.65489263673853
3003057,360.10594359274916
3003058,200.39325995833767
3003059,7.915679354788017
3003060,7.928406565240897
3003061,372.6471025886043
3003062,85.33149992989101
3003063,10951.242881358767
3003064,48.39153822192797
3003065,23.93680838647748
3003066,5.582458069173122
3003067,0.9492165020172951
3003068,8.279877632438371
3003069,5497.626005320519
3003070,1.0442369362667265
3003071,535.3508311775508
3003072,7.180611005233309
3003073,1917.2627280842858
3003074,923.8946452280584
3003075,621.1859746695047
3003076,67.51938424772567
3003077,54.68002747781933
3003078,3280718.4269838883
3003079,12.76930968864786
3003080,1.3724314346825932
3003081,14.620897058891257
3003082,17.621032400996597
3003083,1.2814153454009527
3003084,285.4965580427532
3003085,2.9304953311586575
3003086,7.780037452125191
3003087,9.438694774458908
3003088,38.148482882473274
3003089,1.7683834288061324
3003090,500.1499735809513
3003091,302.32042946998166
3003092,4.049521448167981
3003093,4.94956989499839
3003094,218.6248241939478
3003095,45.79774796624993
3003096,1486.4047037477694
3003097,120.53671468887345
3003098,6.8204880202926175
3003099,6.694988524659369
3003100,0.8203822549393809
3003101,3.1036276187583525
3003102,2507.414877547911
3003103,0.7797363212349164
3003104,407.5610574244595
3003105,4.162691691294632
3003106,1559.2703498532594
3003107,661.1497785965108
3003108,264.59354879076994
3003109,174.65070810913505
3003110,52.647294583465175
3003111,453184.7102039333
3003112,11.584647418707263
3003113,1.1169922449632332
3003114,25.97111723259726
3003115,28.73272845496988
3003116,1.0141841018520386
3003117,281.2376751875487
3003118,3.4596489805754818
3003119,6.880990523291071
3003120,10.06823123927977
3003121,81.10976606325397
3003122,1.6930506322503658
3003123,129.4565510823711
3003124,223.1973483752951
3003125,2.228614435890438
3003126,5.118437150803706
3003127,108.77779486844624
3003128,90.34948887249259
3003129,1663.8292098866123
3003130,4.4971391833562375
3003131,4.432830362454796
3003132,3.338051308856095
3003133,0.5347181077033825
3003134,2.3667831043821765
3003135,1353.7045602501366
3003136,0.4795289340261523
3003137,140.67595159729044
3003138,6.492159208150046
3003139,717.8262457136351
3003140,338.2128001138568
3003141,127.24282186695869
3003142,36.890324476151
3003143,39.62478496089278
3003144,10822.888246850925
3003145,14.383063411598267
3003146,0.7577406616622548
3003147,16.92242419090481
3003148,15.888377744012907
3003149,0.6800608664427128
3003150,132.20258627786814
3003151,1.3845371541389344
3003152,50.52449258196672
3003153,4.255516035641856
3003154,58.77637219991147
3003155,1.644354252436901
3003156,111.83588885744875
3003157,134.02320684516354
3003158,1.155197363368722
3003159,4.144295960359588
3003160,112.95069953763195
3003161,25.649393765624346
3003162,645.4594507935122
3003163,47.733097299373306
3003164,2.2556857364324747
3003165,1.5121215620010435
3003166,0.9587618136835454
3003167,4.799720737486661
3003168,1116.2195337735852
3003169,1.1467385524000133
3003170,217.30382209166265
3003171,12.253884657468918
3003172,517.3046907447838
3003173,511.7584728911484
3003174,111.17868122322879
3003175,36.846807278928196
3003176,45.88377214621459
3003177,2936.0014614843894
3003178,20.018416194148003
3003179,1.4509683323267681
3003180,9.94919478794021
3003181,12.639790146223534
3003182,1.4354350517885006
3003183,119.4595584508268
3003184,8.229935249475577
3003185,6.527196381681457
3003186,6.6310353417366965
3003187,48.932972552333396
3003188,4.27013950295453
3003189,516.9845636476034
3003190,145.15954193320312
3003191,3.474736456339623
3003192,4.533120215369011
3003193,216.43203418599794
3003194,24.673939761155264
3003195,1972.2513960290732
3003196,47.32485109488095
3003197,6.230997665293003
3003198,3.9383351974037684
3003199,2.0572938995921173
3003200,7.70797881721591
3003201,3103.3588667141266
3003202,2.216136683827129
3003203,650.5289319526855
3003204,16.903353504480336
3003205,931.6574310687322
3003206,1069.9604992373058
3003207,257.50326216004913
3003208,157.08155129483234
3003209,124.14165022977032
3003210,63784.899860595564
3003211,27.53150997482758
3003212,2.8115849514029
3003213,18.35123332925681
3003214,38.5593354405556
3003215,2.6766381251612508
3003216,204.5114055131039
3003217,10.468765536073818
3003218,33.19880775102402
3003219,10.494672343546085
3003220,66.37446172405218
3003221,10.65173711694865
3003222,316.4081285567757
3003223,210.7746989650135
3003224,15.121788858044216
3003225,9.306705173187792
3003226,465.62692261563103
3003227,87.50919770651198
3003228,59857.03764391974
3003229,46.43465502225715
3003230,18.00236082083946
3003231,2.308660030734388
3003232,0.6213641610921027
3003233,3.8215837650004487
3003234,1383.451340958905
3003235,0.631811419602515
3003236,254.75432398776266
3003237,3.9410969024773665
3003238,368.120346795393
3003239,550.0147097872667
3003240,131.6055342049696
3003241,65.11489153980327
3003242,51.61733387120246
3003243,2150.1775131697123
3003244,13.739013291737496
3003245,1.0295511364294123
3003246,5.074630550055061
3003247,14.56822028948851
3003248,0.8410968650186605
3003249,91.67907190792793
3003250,0.8122893641620785
3003251,17.856147205281506
3003252,3.766659460150925
3003253,146.9393113623166
3003254,4.607876044015006
3003255,136.69951639829586
3003256,107.16799886795168
3003257,2.6106030952169066
3003258,6.360437478408433
3003259,106.34720770560655
3003260,23.411327383068407
3003261,1477.3364139096907
3003262,4.036618329126357
3003263,2.7560910186667957
3003264,3.0700940241175303
3003265,0.6008701180529955
3003266,1.0125176135562164
3003267,800.9202535002934
3003268,0.626336516669423
3003269,177.5562472011971
3003270,4.505326878537605
3003271,350.7867058533981
3003272,240.93673829437745
3003273,86.12997325191249
3003274,25.941406741676506
3003275,30.938604788227938
3003276,2083.0629897060435
3003277,10.264967478164932
3003278,0.9824263278067851
3003279,9.705002837959587
3003280,7.53687896599887
3003281,0.8956626865832968
3003282,76.03160578543843
3003283,0.9057195743439648
3003284,7.273558582248364
3003285,2.606763739793397
3003286,20.915103779283484
3003287,0.9966458303263827
3003288,191.9904019166147
3003289,129.70391763299818
3003290,1.9082758651069114
3003291,1.295051438642496
3003292,81.61821679099693
3003293,13.951727666899783
3003294,620.4905478121698
3003295,3.753544349954293
3003296,1.6843530002702058
3003297,5.251748193133096
3003298,1.3585783535806546
3003299,4.275206512666127
3003300,2381.0986230927465
3003301,1.5288218990888303
3003302,575.3076451549425
3003303,12.850093229376887
3003304,754.5790937060601
3003305,869.8539092266935
3003306,229.41812945922442
3003307,160.26006086247085
3003308,74.64250887931483
3003309,50021.965078409565
3003310,15.889529950964217
3003311,3.07025237293324
3003312,16.94846538825566
3003313,26.501071772110375
3003314,1.887950541218499
3003315,193.24425408633917
3003316,5.495719300876657
3003317,25.73731960888701
3003318,7.726733590056291
3003319,108.62965053043966
3003320,4.036317811485738
3003321,198.65108442486795
3003322,187.12366635852874
3003323,7.95402548967241
3003324,7.417840334405688
3003325,288.5367037237685
3003326,52.432997536079846
3003327,12653.07541000412
3003328,5.618936011750455
3003329,10.551696258192164
3003330,6.218108641515936
3003331,1.3336798560376155
3003332,6.381971514118617
3003333,7393.386463327034
3003334,1.474066022591445
3003335,638.9344087905049
3003336,10.61652421986743
3003337,1165.0311488947996
3003338,1276.1350828357895
3003339,368.08837311734595
3003340,191.87353826353743
3003341,60.439780948174445
3003342,1993497.2432144461
3003343,10.830971806794436
3003344,2.402867662656467
3003345,30.021221184560083
3003346,19.30560943739627
3003347,1.9949221454542327
3003348,229.58938940633118
3003349,1.8271505376918904
3003350,8.748725673392311
3003351,6.542574389127234
3003352,46.78089666582712
3003353,2.6941026833204944
3003354,228.77495640801035
3003355,257.6340024269218
3003356,5.1376641255102395
3003357,4.383901669307897
3003358,162.39552932636934
3003359,59.371004764980974
3003360,3577.043428764323
3003361,7.140461115500555
3003362,5.017172867741293
3003363,5.577456291627963
3003364,1.434907397668929
3003365,4.946534352725746
3003366,4358.379985218787
3003367,1.4345823604283603
3003368,665.9858656444042
3003369,8.944476278907555
3003370,932.1575902188769
3003371,1085.1272772533728
3003372,247.21285876583406
3003373,158.62046726509203
3003374,47.61213618279651
3003375,955271.6696710901
3003376,11.64293512013103
3003377,1.9761642224484643
3003378,20.846215930057316
3003379,19.68627077545934
3003380,1.804547183046006
3003381,204.31631353012335
3003382,1.7769455128364395
3003383,9.90099442468443
3003384,6.0613420145365176
3003385,77.89582690958748
3003386,2.495426202838837
3003387,135.63681650791588
3003388,227.73768045723637
3003389,5.732535361660626
3003390,4.454625277199111
3003391,138.2671634135672
3003392,41.71479587079485
3003393,3222.2428780878918
3003394,5.632797329808568
3003395,4.514267658379565
3003396,11.56207830966298
3003397,4.042636301806329
3003398,16.67149687895391
3003399,970543.1840305999
3003400,3.8764628090995066
3003401,943.9211015015873
3003402,100.80850642217266
3003403,1710.7701210323385
3003404,1949.6651358665752
3003405,381.07265792320766
3003406,400.4525320595858
3003407,266.0145775060446
3003408,16029940.819272097
3003409,51.63311656564303
3003410,5.894541771405429
3003411,31.111181387855915
3003412,50.05157325612351
3003413,5.229841280878567
3003414,522.2415043651687
3003415,28.194568638636877
3003416,46.452312576041216
3003417,25.614772352029373
3003418,204.3848130768096
3003419,22.89898762814117
3003420,614.0276295455585
3003421,505.7233471581799
3003422,17.309715515253504
3003423,22.501489694842448
3003424,843.0162716172114
3003425,209.97906007669206
3003426,8219428.920266157
3003427,9.63208253203048
3003428,61.005472407502715
3003429,2.7901457113275727
3003430,0.5896648846093675
3003431,1.6313932869027383
3003432,1353.2955627597091
3003433,0.483100647420137
3003434,163.26577296536848
3003435,2.6125020119865345
3003436,912.4836766219091
3003437,291.54169079089274
3003438,104.42691428587341
3003439,115.34411402283064
3003440,35.267607882991555
3003441,8038.763332461163
3003442,3.774201028707714
3003443,0.7056469115754116
3003444,8.476518057091061
3003445,11.652034625672961
3003446,0.7563124852667027
3003447,186.04489443191935
3003448,0.7742588297495251
3003449,60.01238875806477
3003450,4.195377986935928
3003451,57.05555788097081
3003452,0.9477613312270012
3003453,121.15760871022395
3003454,114.27352686539527
3003455,1.518909757066183
3003456,3.90508293269738
3003457,85.45381176148679
3003458,15.475044563907911
3003459,748.0207198004698
3003460,22.098303624124043
3003461,3.5473727356202405
3003462,5.3868470316747565
3003463,1.1189211482109387
3003464,3.6698539997687534
3003465,3187.1377079063345
3003466,1.094864215269238
3003467,505.17247788141646
3003468,8.458950561062313
3003469,1317.4738914090267
3003470,778.7748051658909
3003471,197.1735795878284
3003472,236.65560230539114
3003473,69.55659843519271
3003474,1250550.940551199
3003475,11.301785898858919
3003476,1.3383346599491044
3003477,16.625273713133705
3003478,20.40854227208341
3003479,1.3749064406426186
3003480,233.45343968151536
3003481,2.5596993851474394
3003482,8.401374388600235
3003483,9.034247911051246
3003484,16.079301359062296
3003485,2.072753495068012
3003486,460.03528662206475
3003487,215.02017924014103
3003488,3.9629008153791356
3003489,6.14052838180628
3003490,110.26234740719997
3003491,46.51431190252131
3003492,2436.940501891223
3003493,5.190079165879669
3003494,4.733054180764677
3003495,0.9183703233142275
3003496,0.4247423412394518
3003497,0.9846679961038183
3003498,1001.5856904872198
3003499,0.4512801271509709
3003500,115.52786244288323
3003501,2.431389429078318
3003502,891.4324046177866
3003503,189.5627899882433
3003504,76.34982103461525
3003505,169.6760424705799
3003506,13.367199215240706
3003507,3351.8296793486884
3003508,2.0355645992238687
3003509,0.6231086806273598
3003510,6.588424073694756
3003511,4.49683296779848
3003512,0.6198437049733357
3003513,81.43379919499358
3003514,0.6124487367653099
3003515,49.39707386759854
3003516,2.4923277082326636
3003517,38.20005530387504
3003518,0.742228599427276
3003519,111.82772885350467
3003520,75.35841190790246
3003521,0.8958712837119557
3003522,1.1942687136629324
3003523,44.787008067756084
3003524,9.604363709121108
3003525,298.9880751094412
3003526,40.651606726250186
3003527,1.4682342735259923
3003528,6.771277539054446
3003529,0.5585919989841477
3003530,2.9191667601816325
3003531,1605.6868072421937
3003532,0.5610313809095084
3003533,203.20571301645091
3003534,8.310191696426358
3003535,874.584491348602
3003536,451.05892231730627
3003537,172.0815645460544
3003538,110.1708251109006
3003539,39.790777630766904
3003540,48478.87189747948
3003541,3.5618357201948205
3003542,0.9137536519589403
3003543,17.17351500518515
3003544,14.79112229385638
3003545,0.8085233480179203
3003546,181.4414304740241
3003547,0.7552984890699865
3003548,60.03951971929466
3003549,11.095073524784494
3003550,27.041496908368714
3003551,1.3363876149640443
3003552,301.9882374550236
3003553,168.27952849771575
3003554,1.4418207956443352
3003555,4.1370419378914844
3003556,168.309948142116
3003557,21.19272421968883
3003558,1752.9178049146963
3003559,24.390930337127458
3003560,1.3652690363141233
3003561,2.975750482100194
3003562,1.4999719830010518
3003563,5.4368133416352045
3003564,2079.189111700929
3003565,1.5986263567629364
3003566,682.144161582277
3003567,7.210850760754077
3003568,877.7853877716723
3003569,782.1926873441238
3003570,217.8243924764534
3003571,72.67327436363925
3003572,54.37907568024881
3003573,307958.94432444207
3003574,6.723690693975912
3003575,5.083264328749617
3003576,22.16051188371795
3003577,32.42298540438965
3003578,2.013331636351906
3003579,181.52283754951637
3003580,4.0926723274251575
3003581,9.479184372563031
3003582,5.742713548731663
3003583,33.30467171272113
3003584,2.79352962440509
3003585,206.8790572201131
3003586,206.36257248069805
3003587,4.356907219565506
3003588,5.936344266640095
3003589,99.40618543074223
3003590,28.62944787654682
3003591,1251.8940218157018
3003592,6.580374294348719
3003593,3.425514354162824
3003594,2.973892532192136
3003595,0.40255581798216095
3003596,1.4406902903589167
3003597,1241.6274546353063
3003598,0.41208170488256024
3003599,92.30615396029441
3003600,3.1478101937363423
3003601,445.74195843619566
3003602,212.21621525985617
3003603,90.72249274589468
3003604,93.41806221860388
3003605,29.543116506196125
3003606,7680.507978972819
3003607,3.7299687439566114
3003608,0.5848853165159725
3003609,8.761533198238347
3003610,10.050778092243679
3003611,0.589092462225405
3003612,85.99199173334887
3003613,0.5626064707994831
3003614,49.33710911030948
3003615,2.4181929027402855
3003616,29.13280245284177
3003617,0.8065194676350341
3003618,229.82856069593277
3003619,85.0353830692055
3003620,0.9516945601446747
3003621,0.9447431779947113
3003622,40.12982439005104
3003623,12.681789289755265
3003624,484.68927038753395
3003625,5.231801288261459
3003626,0.8329549985043287
3003627,3.919932319920315
3003628,1.2204903523870196
3003629,3.7225332871254464
3003630,3243.817262824048
3003631,1.3558899609113837
3003632,532.2726232754621
3003633,6.584816886145139
3003634,856.791451483829
3003635,730.1068281495784
3003636,186.26006641205353
3003637,127.54504393168949
3003638,55.947073385853024
3003639,439260.1446913143
3003640,6.7427170420526545
3003641,1.6899912106663784
3003642,12.0835138610245
3003643,12.779179224338177
3003644,1.7276938976134697
3003645,177.1362456895809
3003646,1.700193872260983
3003647,21.87638581978099
3003648,4.773527615014763
3003649,36.82171441660289
3003650,2.0183765704452252
3003651,289.6752908530038
3003652,185.13805874176688
3003653,3.1007140764836016
3003654,5.028217137497606
3003655,90.47238762744016
3003656,29.547763996201105
3003657,2612.9069490244747
3003658,5.798821007329777
3003659,2.7561118100592674
3003660,4.347436145951065
3003661,1.3496525530340167
3003662,10.470290129409408
3003663,2036.7740104019888
3003664,1.4796122580584585
3003665,529.9740657518913
3003666,6.778941019525892
3003667,858.9117880129285
3003668,855.2737580714019
3003669,169.71988509255834
3003670,91.37598395244073
3003671,91.09940041796166
3003672,49422.47247155389
3003673,45.52482566345045
3003674,2.2297246822049166
3003675,26.29324469326849
3003676,29.105271768284968
3003677,2.1964210639801247
3003678,208.3586838089388
3003679,16.85754113449304
3003680,21.496923899686685
3003681,4.408786707655105
3003682,101.11526380722505
3003683,6.804698776186971
3003684,177.17327742750624
3003685,212.64451306235108
3003686,8.459720097351903
3003687,10.941902396664162
3003688,204.0072029422017
3003689,64.96221595416841
3003690,10186.201391203529
3003691,30.513902873039424
3003692,9.073682691054866
3003693,4.967063746697727
3003694,1.3325260187159556
3003695,10.708401131441692
3003696,2982.8144159954445
3003697,1.5151970760546183
3003698,413.54482343131446
3003699,11.72334985440059
3003700,873.0636023985458
3003701,753.0578766218924
3003702,145.88521072972662
3003703,56.63693685998825
3003704,80.96468326574058
3003705,72061.0601387548
3003706,21.158906615948936
3003707,2.5145734777040083
3003708,29.637385188843503
3003709,55.93546828880591
3003710,1.837543684858835
3003711,287.9431343019271
3003712,15.390127168958635
3003713,17.373225476741414
3003714,8.486498153481364
3003715,82.15806675339098
3003716,7.857701988113024
3003717,115.27373093087314
3003718,380.8408797571219
3003719,6.339280677395814
3003720,9.475728199750565
3003721,88.33358698155901
3003722,55.39261487957477
3003723,4666.705812032482
3003724,5.898206752186767
3003725,12.350499929843826
3003726,7.70171857103835
3003727,1.0076544885745422
3003728,4.832655847341216
3003729,4031.5773347768036
3003730,1.0599322727654819
3003731,689.6906747087435
3003732,6.137049546009243
3003733,2080.8309453283173
3003734,881.5298590962389
3003735,183.56822047123836
3003736,285.32161730701324
3003737,50.06393083855387
3003738,2806030.3564849095
3003739,26.941627026333443
3003740,1.859457937467794
3003741,15.655686692598394
3003742,17.057361659825027
3003743,1.3278487980774116
3003744,237.8057006736493
3003745,4.808590385683754
3003746,13.230497491097472
3003747,8.185688108558574
3003748,58.47322333566651
3003749,2.563161543361601
3003750,213.82745542952304
3003751,299.56663916414936
3003752,6.2973029196009165
3003753,7.649479207228643
3003754,194.61437170780738
3003755,42.90167895525561
3003756,3581.9535515181446
3003757,19.315502120742302
3003758,10.792550518276585
3003759,3.7773260738806407
3003760,1.3856437219905564
3003761,8.339866095822545
3003762,1713.755226950236
3003763,1.5277401761378027
3003764,322.0102400747547
3003765,6.239685137819112
3003766,741.1796505105914
3003767,742.9640266560373
3003768,196.14083514260764
3003769,87.41300550482512
3003770,60.34806796886317
3003771,19546.33845307043
3003772,18.165354337787544
3003773,2.3328907491646778
3003774,7.708007955804733
3003775,13.056312478338882
3003776,1.8640659656544978
3003777,199.2989430884657
3003778,14.872065678091671
3003779,17.156163112600606
3003780,4.33963895050622
3003781,72.11345433907756
3003782,6.0432321938640445
3003783,330.26703052344766
3003784,192.56660825346742
3003785,5.157720345706437
3003786,8.063895986508948
3003787,259.73964235551944
3003788,32.73400692079703
3003789,6620.847396793511
3003790,45.690345483564705
3003791,18.496168982171454
3003792,2.4685980266967595
3003793,0.9583013305755419
3003794,6.44474859735086
3003795,7896.966960280464
3003796,1.0244426196692333
3003797,406.78490228397794
3003798,4.974872905856808
3003799,1904.6424717292998
3003800,713.1006243446617
3003801,223.52029714980083
3003802,132.37134354786076
3003803,61.72231520714374
3003804,1965142.0616916812
3003805,9.016413515999611
3003806,1.7403938597369581
3003807,20.04440899367412
3003808,20.974588460272045
3003809,1.307550869958633
3003810,371.97984818391774
3003811,1.2554373976030981
3003812,5.708148384966654
3003813,8.377864853816302
3003814,34.75108624902164
3003815,2.5821466759733323
3003816,152.3425366590915
3003817,252.67016524455366
3003818,3.2580243677421237
3003819,7.294343315898521
3003820,129.3970320806076
3003821,37.3358808345967
3003822,1746.330844583562
3003823,24.962380810120738
3003824,4.5207158749447665
3003825,4.953851861399218
3003826,0.7732988516534487
3003827,8.17329680001714
3003828,1741.3517249173246
3003829,0.9166736380710042
3003830,430.73333268141437
3003831,6.311453061091082
3003832,1049.3968189211137
3003833,675.0482979804052
3003834,205.3737688970192
3003835,81.93641894408759
3003836,108.89188479004072
3003837,28729.058288902797
3003838,28.675592580394262
3003839,1.9465243805801915
3003840,15.725102271382205
3003841,28.02052814502755
3003842,1.171557807237346
3003843,191.0020868632716
3003844,13.922831161123046
3003845,16.687868508524513
3003846,9.082908329532543
3003847,127.87278652239655
3003848,6.5977732669942215
3003849,149.01270270493438
3003850,380.729290564506
3003851,12.118691576085238
3003852,7.138300539739161
3003853,137.23774676643083
3003854,40.833869056158946
3003855,3520.734898637017
3003856,4.607972312691409
3003857,5.062903957565912
3003858,2.4932514337616216
3003859,1.0937923011848678
3003860,5.334954202842084
3003861,1837.81256650132
3003862,1.1958635786759746
3003863,409.4755305293279
3003864,9.153115310877919
3003865,651.4597774700572
3003866,744.648608738438
3003867,139.94771380617703
3003868,93.27073767845529
3003869,84.85021322472595
3003870,16347.350095701671
3003871,22.305844849521463
3003872,1.7449493466101698
3003873,15.317507380175424
3003874,16.474648491320202
3003875,1.459765556852566
3003876,147.56530673734568
3003877,14.364009594964234
3003878,27.20162435375365
3003879,8.34646114101337
3003880,55.28977264815201
3003881,6.835438490754873
3003882,179.29748971042798
3003883,149.844331733888
3003884,7.717280340474405
3003885,8.347166053814316
3003886,163.61361777147476
3003887,40.463315289475766
3003888,6302.890494205742
3003889,6.322395249185324
3003890,11.849725636274735
3003891,4.88680543426528
3003892,1.4132108115706241
3003893,7.285620764783985
3003894,7404.636257994564
3003895,1.5278949760135172
3003896,571.4484119167219
3003897,11.773676195321764
3003898,998.4625179931284
3003899,843.4235887673372
3003900,244.8625089756018
3003901,138.29504423001822
3003902,45.319990122473115
3003903,397343.0485154999
3003904,6.990835193527499
3003905,1.8259689279389542
3003906,12.402910026692933
3003907,14.800001685570239
3003908,1.8975122967735212
3003909,194.43843717478197
3003910,1.8955657931877348
3003911,9.389400422770597
3003912,4.193333669015086
3003913,69.30591637594935
3003914,3.2242268342662017
3003915,197.27911551951144
3003916,234.0364251084184
3003917,4.545450137933142
3003918,3.383963948594862
3003919,167.8222793595028
3003920,90.62725982032023
3003921,1991.493191944042
3003922,7.452743359405817
3003923,2.3178836519924206
3003924,15.620220410864759
3003925,3.3548544121231716
3003926,16.685161147814974
3003927,21019480.564706247
3003928,3.6708409291923934
3003929,1140.4278624272536
3003930,26.945911530877627
3003931,2213.6906278334736
3003932,2775.3192755935224
3003933,611.8066878309597
3003934,492.8074081181337
3003935,386.53687309270595
3003936,759713821.3324076
3003937,70.00684773932215
3003938,7.4267530558567785
3003939,127.26949555768866
3003940,103.02752244485555
3003941,4.762121268702363
3003942,682.6027508795336
3003943,42.60400833911565
3003944,24.620812254615284
3003945,60.17578155969769
3003946,304.4859632300204
3003947,22.352835294499464
3003948,693.2978357623066
3003949,578.6608585120925
3003950,32.62358985795549
3003951,31.714844812633288
3003952,841.110950084275
3003953,240.40505212496922
3003954,96806777.20472527
3003955,416.816889777023
3003956,64.3064775298698
3003957,12.697491973127624
3003958,2.381568769802926
3003959,15.091666363015008
3003960,3327283.44815759
3003961,2.650008547535277
3003962,908.6930065622636
3003963,29.91743707631955
3003964,2188.747743202315
3003965,1938.6199251430085
3003966,684.3300512656791
3003967,279.14762962196585
3003968,228.65057095481515
3003969,1081756673.0373435
3003970,99.77373045020585
3003971,3.912371047845318
3003972,53.49517176960309
3003973,76.52804787615695
3003974,3.417633714705725
3003975,622.1429056879409
3003976,42.06866777525772
3003977,32.42497024843293
3003978,12.13381233001919
3003979,204.39579712872424
3003980,15.566794785193016
3003981,825.2684440162352
3003982,667.5189329112784
3003983,21.73856351858227
3003984,25.007535244239072
3003985,835.9639330728542
3003986,179.0603800867923
3003987,1592979.285352293
3003988,258.4614331696714
3003989,48.111447297701275
3003990,10.237106808310367
3003991,2.056769414363408
3003992,19.200770614078298
3003993,90479.1232464581
3003994,2.3344352554722025
3003995,746.1891819107193
3003996,16.120787055092347
3003997,2148.8773344323586
3003998,1366.338913176746
3003999,792.0568804913095
3004000,91.14156898129265
3004001,184.2506361095506
3004002,942698766.9483163
3004003,35.84844456183492
3004004,4.002815760547395
3004005,32.024428376226695
3004006,25.191905655037516
3004007,2.979042885751958
3004008,625.1323847030083
3004009,29.498532033797755
3004010,25.119988460258497
3004011,15.237938328995355
3004012,108.71914733232494
3004013,8.910817931447552
3004014,780.4358462759911
3004015,647.6479575646765
3004016,19.9558127315107
3004017,34.09441415827475
3004018,614.2794737595351
3004019,98.11526374205476
3004020,28603.182660496484
3004021,240.57150389129347
3004022,31.24051100571333
3004023,14.14824762294451
3004024,2.5283694770024665
3004025,19.63767564491684
3004026,1854084.9939006574
3004027,2.8205953773657337
3004028,863.5986907153604
3004029,19.88828653997891
3004030,1951.6908402357458
3004031,1876.4101230177885
3004032,695.8349945007303
3004033,265.77802442093827
3004034,184.1248048861308
3004035,1042134247.1566036
3004036,44.529789781722926
3004037,4.575824088874111
3004038,43.85438239329438
3004039,79.06611504257489
3004040,3.526213400085506
3004041,678.4656936440125
3004042,63.51897849295266
3004043,28.256300643636642
3004044,21.547237894555014
3004045,183.68517716733646
3004046,10.705602906615473
3004047,710.3590899749864
3004048,683.7782438775653
3004049,21.911903268228183
3004050,22.90397520127312
3004051,822.1592560196126
3004052,158.1871873446112
3004053,893732.6653868818
3004054,247.62962546340475
3004055,50.345155781906165
3004056,11.173434210476355
3004057,1.4479476410828354
3004058,18.100528204627597
3004059,16905.28997075873
3004060,1.67181286489867
3004061,654.603361631618
3004062,13.083471468294425
3004063,1613.2325592870807
3004064,1040.3902960049409
3004065,601.7128748878353
3004066,82.19347270186144
3004067,121.03828410568481
3004068,77499853.51132958
3004069,34.47047562011617
3004070,2.1413954544644453
3004071,28.476720077091933
3004072,43.99041412940737
3004073,2.1314879004717753
3004074,591.1306394314788
3004075,30.729382193971283
3004076,12.078509190654472
3004077,11.9969373768566
3004078,98.47249259679018
3004079,5.4316718191940545
3004080,657.1496785766258
3004081,691.075105045022
3004082,15.124563259332135
3004083,18.53730363267788
3004084,622.4860351037368
3004085,64.745245167721
3004086,7763.729381538993
3004087,244.988357430956
3004088,17.42751830532334
3004089,9.565739361255085
3004090,1.3287367080467565
3004091,10.764594458175031
3004092,63371.09466344118
3004093,1.5396174153986624
3004094,900.697257627671
3004095,21.900171358865126
3004096,1350.996005686532
3004097,1697.7815767954385
3004098,451.1923268291236
3004099,367.867134908715
3004100,262.786608347606
3004101,9327636.117956543
3004102,53.06845014884529
3004103,2.532225337575964
3004104,49.21256391313823
3004105,52.3363028298733
3004106,1.9776915567469076
3004107,494.2840916096509
3004108,23.197016468812684
3004109,28.277098384377105
3004110,14.863436616290347
3004111,232.2636511867474
3004112,13.208175690025879
3004113,630.704285459482
3004114,478.43710016861166
3004115,16.779157547849536
3004116,24.939652538636977
3004117,748.8572719328314
3004118,165.8469068923211
3004119,5563004.8834677
3004120,191.09834756300833
3004121,51.481304202562015
3004122,4.714128310841966
3004123,1.7427718372915768
3004124,8.712470655828556
3004125,1311.8986853799745
3004126,1.2967986718261744
3004127,263.74454178341796
3004128,16.286148780199067
3004129,849.8398880627072
3004130,572.9748238123874
3004131,198.86110048449896
3004132,52.47542977277949
3004133,61.24663332784607
3004134,14523.088409258207
3004135,39.36102545786359
3004136,1.7451346870760405
3004137,24.70024864692857
3004138,21.74279547192231
3004139,1.6648086698340219
3004140,192.394654550804
3004141,10.294632826344483
3004142,9.950006450524315
3004143,9.79314942363328
3004144,53.37936062278656
3004145,4.620633332359473
3004146,179.91839194721857
3004147,205.9717438807224
3004148,3.440432578080778
3004149,7.182990502692215
3004150,151.94433977416566
3004151,42.389538570006984
3004152,2232.2355123905327
3004153,5.066450117154169
3004154,5.821367182477373
3004155,7.211073589253581
3004156,1.3328827657909
3004157,15.223419720431659
3004158,8002.005615195416
3004159,1.5544568012997872
3004160,550.7874575841674
3004161,22.31005374617125
3004162,1213.444975671506
3004163,998.134780582127
3004164,492.4575782095107
3004165,68.27147473670298
3004166,122.67949952820139
3004167,2435163.050716513
3004168,83.71426911041866
3004169,2.2720351351767953
3004170,37.994156545000536
3004171,34.74635541260191
3004172,1.9905141846922954
3004173,432.24881918923256
3004174,17.966925600990983
3004175,8.731847331440706
3004176,4.641034346180637
3004177,133.68561644348094
3004178,6.899802625312561
3004179,466.61828403183597
3004180,487.20863892842056
3004181,8.783239780124136
3004182,17.780402294072353
3004183,326.59069370009087
3004184,54.317294960389106
3004185,8488.040115224567
3004186,139.940082645786
3004187,14.816987748032389
3004188,6.319460968471861
3004189,0.6851855818932474
3004190,8.00902539279608
3004191,3959.1303470025846
3004192,0.8963688927954028
3004193,727.296855875828
3004194,5.723597590117794
3004195,1088.2749857897527
3004196,1180.449576608642
3004197,211.48159075458315
3004198,235.39415154258293
3004199,191.30561031501034
3004200,120260.45477976126
3004201,25.948355082427202
3004202,1.4674058090040187
3004203,18.053887305521712
3004204,31.011205622736476
3004205,1.22281755986866
3004206,288.8533752094115
3004207,1.8299804255069638
3004208,36.02374330169956
3004209,7.7171560714262295
3004210,117.59154875409635
3004211,6.991463450476731
3004212,494.6071482245748
3004213,217.83031481439141
3004214,15.428283042948268
3004215,10.894600579941695
3004216,631.4079790146683
3004217,84.8702514411564
3004218,176095.7873534433
3004219,7.014156409656825
3004220,25.829909110818857
3004221,8.428936645835224
3004222,1.099830686469989
3004223,8.494222588937546
3004224,4078.552721723263
3004225,1.264060684298459
3004226,657.7486693365589
3004227,10.188527939523224
3004228,1136.9488688005315
3004229,963.8596392883976
3004230,319.1725992272798
3004231,142.17816662132563
3004232,253.89152502123716
3004233,571282.1889393226
3004234,33.06406523589698
3004235,3.901429898230067
3004236,29.321184613058783
3004237,34.78377067879637
3004238,1.6376425538990627
3004239,296.70745107842225
3004240,7.180703401669168
3004241,43.08181487431212
3004242,8.405691828426898
3004243,242.13371023205883
3004244,6.732225850082475
3004245,397.4738621966716
3004246,272.69991038986996
3004247,12.29909612122038
3004248,18.396664510461374
3004249,375.5307626652922
3004250,79.91134522771728
3004251,52264.53986212453
3004252,8.186004566147643
3004253,6.091744380991427
3004254,6.210858738891457
3004255,0.6876648958695116
3004256,2.665347095074858
3004257,1449.844859736492
3004258,0.733225228497407
3004259,427.26545510046435
3004260,5.0455448558088865
3004261,808.1435752767812
3004262,530.1024905403888
3004263,219.54373478715289
3004264,59.17530548128936
3004265,84.1158297638082
3004266,13849.68346123266
3004267,11.437378982870925
3004268,1.3566747151963954
3004269,18.673533600707984
3004270,23.2187942458933
3004271,0.9726497977285142
3004272,181.44468982444565
3004273,2.7783494548351877
3004274,12.139132631630693
3004275,6.816667224540842
3004276,83.18926031253798
3004277,2.670693761179885
3004278,200.56889023926098
3004279,186.05401164266783
3004280,5.211467170812304
3004281,5.281388036137348
3004282,138.10546976920972
3004283,44.954948085433394
3004284,2644.8150417123247
3004285,4.744304540048987
3004286,2.591505827035756
3004287,4.088637028087577
3004288,0.46335526349857287
3004289,2.0047729658580375
3004290,2467.777014599348
3004291,0.49850277327115
3004292,189.07196645809455
3004293,3.304456476390091
3004294,919.1410227040739
3004295,284.32911461777866
3004296,181.56353767323853
3004297,45.51476797245696
3004298,23.80674912106786
3004299,29272.29415856918
3004300,4.641049405543393
3004301,0.8083231784974576
3004302,18.805889854505047
3004303,9.372230882464388
3004304,0.6709122599979056
3004305,182.2404069873679
3004306,0.6727116395031615
3004307,63.40188571738168
3004308,4.397614464921262
3004309,13.90581033342462
3004310,0.9965109831319021
3004311,74.41199710135861
3004312,156.3215933745467
3004313,0.8310130282551066
3004314,1.651738437489572
3004315,46.12287279818138
3004316,59.28699587813643
3004317,782.6454384641411
3004318,47.64510399103402
3004319,1.7734500105446067
3004320,5.046793374049938
3004321,1.66245123429921
3004322,9.12158430534285
3004323,3350.3150232141325
3004324,1.8841251141248279
3004325,507.7377868886858
3004326,10.911758916140217
3004327,1057.5117280224113
3004328,893.5562093213641
3004329,333.44254749156056
3004330,115.58020796612132
3004331,104.68261757221991
3004332,290078.2532431111
3004333,25.263286804348756
3004334,2.446314335168568
3004335,24.743942207126658
3004336,52.08597749809483
3004337,2.21724850670666
3004338,301.1665597904281
3004339,19.290920593206437
3004340,18.157083010246133
3004341,29.186321679373243
3004342,82.1384261977265
3004343,6.497441412896474
3004344,374.0540751655128
3004345,251.4906363978005
3004346,7.747821239382061
3004347,10.491216097698233
3004348,431.5319662580135
3004349,71.6208625725628
3004350,7444.910027625869
3004351,49.71185310139011
3004352,25.407255326937804
3004353,5.242243410381116
3004354,1.5590318142456538
3004355,6.669078891787556
3004356,3109.7264623197916
3004357,1.7344056187283043
3004358,579.3170290998638
3004359,14.90786025034538
3004360,859.3302238068252
3004361,1053.9659049137877
3004362,159.25514374187776
3004363,200.91455148094118
3004364,179.73932490447066
3004365,40633.99395351948
3004366,32.77345701844286
3004367,3.7543570356394707
3004368,24.648070161058055
3004369,25.17465789173505
3004370,2.406220274163812
3004371,186.120144223968
3004372,11.61238986161106
3004373,32.14234998892378
3004374,8.53432844036751
3004375,118.19768593111483
3004376,9.56370855728814
3004377,376.634711742092
3004378,190.50318904771444
3004379,7.257881322645517
3004380,12.430847076063797
3004381,544.4538579269074
3004382,96.94186102418567
3004383,157522.66611495288
3004384,5.838225242207409
3004385,29.389616913757266
3004386,5.472916714053115
3004387,2.729778527283536
3004388,10.465052848738328
3004389,9707.907675858612
3004390,2.9548354729115966
3004391,709.3325427261105
3004392,18.633944724000273
3004393,954.9888841655765
3004394,1150.3581401114513
3004395,268.4381876456033
3004396,214.27056434427
3004397,108.0811966057249
3004398,356296.24309695576
3004399,29.760927107982354
3004400,6.176703582596097
3004401,29.63584213183389
3004402,43.531595417329555
3004403,3.664407132233489
3004404,281.4617422908462
3004405,24.838471274359193
3004406,28.646111597623957
3004407,20.949586865403703
3004408,100.24252783736895
3004409,15.867548063747542
3004410,357.6026154504908
3004411,245.92110542907238
3004412,16.855477085966264
3004413,18.630649289771306
3004414,487.3380447210274
3004415,113.62266085156732
3004416,331399.3967429899
3004417,7.937769767107281
3004418,29.30883048564642
3004419,8.659014587379485
3004420,1.345875996586294
3004421,8.760148732584131
3004422,4811.3877400469055
3004423,1.4291635254237838
3004424,500.227946388365
3004425,11.957314190361691
3004426,1470.2308694123396
3004427,1011.925595321132
3004428,526.9736099845408
3004429,141.42011211528194
3004430,68.8690084731013
3004431,15706293.26798836
3004432,12.372335162846689
3004433,2.0947548767730977
3004434,28.2049023652891
3004435,31.928506679609637
3004436,1.7592516851254485
3004437,355.99657197595803
3004438,9.946654570436516
3004439,8.498055597870687
3004440,14.557999790842603
3004441,43.99476244375629
3004442,3.44602723112944
3004443,422.66211181656746
3004444,414.47284835682643
3004445,6.526294858873342
3004446,6.613209988492882
3004447,331.78246405884005
3004448,75.8597651373958
3004449,3471.43836167708
3004450,120.0252924454047
3004451,11.320725009056197
3004452,5.285099391095885
3004453,2.097011473401634
3004454,8.041648600912382
3004455,1672.7462199986358
3004456,2.3377592656620214
3004457,333.6811184137928
3004458,14.214442858630937
3004459,704.9690507352688
3004460,770.4326044515675
3004461,173.64444486717144
3004462,144.90683248452217
3004463,102.39353169251146
3004464,7478.213041557849
3004465,20.083155093625308
3004466,3.0516432301443315
3004467,19.675558849704395
3004468,24.00611281661394
3004469,2.7961838671723696
3004470,161.05947829622994
3004471,12.16084085702903
3004472,20.817012595387297
3004473,9.478287462364985
3004474,106.85203251097613
3004475,6.578887070155973
3004476,423.5296375552507
3004477,147.9667071244917
3004478,5.268074753285851
3004479,10.886866990863341
3004480,376.1239247264556
3004481,59.0322419664142
3004482,11508.99178368628
3004483,49.687574186752286
3004484,27.743097443108912
3004485,1.02710347923036
3004486,0.5962600243056724
3004487,3.8335626658571176
3004488,1099.0765359436668
3004489,0.6233475943162089
3004490,89.5266247774078
3004491,2.9961061544202936
3004492,798.6015723909065
3004493,298.6462683920759
3004494,274.4889459823905
3004495,34.337198518212155
3004496,25.178787530591237
3004497,14107.19911166381
3004498,5.2552677203017755
3004499,0.849076230504199
3004500,5.519270662494121
3004501,10.122328386158788
3004502,0.8389013929261698
3004503,149.37735244728768
3004504,1.964240552465728
3004505,47.17232916782944
3004506,3.34484238173743
3004507,13.822543635507259
3004508,1.050134416255216
3004509,118.62981688254392
3004510,155.37696776589917
3004511,1.2533495879119372
3004512,3.411410002216396
3004513,137.56743113140908
3004514,19.05930127090142
3004515,348.3061639749929
3004516,51.98427167477782
3004517,1.577586432059117
3004518,6.636763014653047
3004519,1.9415630719608084
3004520,7.631160065481294
3004521,25907.22803508469
3004522,2.0349029335139206
3004523,685.5690322047182
3004524,11.15646638343439
3004525,1666.3610194767627
3004526,916.140292373305
3004527,628.9891473773425
3004528,299.29499388334983
3004529,72.71902914587253
3004530,70602668.08794037
3004531,32.286876651066756
3004532,2.5839031482093113
3004533,24.27162082051461
3004534,21.961881193885283
3004535,2.503724058990114
3004536,479.40617129471013
3004537,9.961607827961801
3004538,7.37679764677368
3004539,10.380954124710211
3004540,43.536180023088846
3004541,3.871217029752786
3004542,553.9313886318513
3004543,353.20853745456446
3004544,4.528793660411505
3004545,14.065633139178836
3004546,493.65705868875153
3004547,105.94091680415814
3004548,3064.379198248242
3004549,65.85856818091888
3004550,8.255370762237389
3004551,4.661647774588397
3004552,1.0273001954301362
3004553,3.7611484420750716
3004554,1270.7276385889725
3004555,1.1559407973905849
3004556,164.69228577589192
3004557,7.627344034379484
3004558,970.5481739542763
3004559,453.02615727850366
3004560,223.5989895122435
3004561,40.199564443624595
3004562,31.740200486210302
3004563,23125.60187314093
3004564,9.145153165186553
3004565,1.5572390289907851
3004566,9.112665484539292
3004567,16.62996457297517
3004568,1.525042610764624
3004569,150.89091450010164
3004570,6.322863460141609
3004571,61.71126049490739
3004572,9.208617048386252
3004573,42.1517987632392
3004574,2.1600896457243683
3004575,110.64445896504205
3004576,158.93774326234347
3004577,2.1540894574433382
3004578,4.956866702262355
3004579,153.71872897865038
3004580,26.119589814581296
3004581,478.0323646996071
3004582,27.708886802257776
3004583,3.797609800802371
3004584,4.254758688982006
3004585,0.6375259602229479
3004586,4.1714442415609945
3004587,1277.8663308809996
3004588,0.6745365954828614
3004589,109.89111896925259
3004590,4.021044089679285
3004591,778.2877469969022
3004592,278.5538710811822
3004593,180.33344966967448
3004594,32.48371015884953
3004595,28.70709879372189
3004596,15156.430808042716
3004597,10.853876842373815
3004598,0.8651484988282432
3004599,8.809331440412787
3004600,12.60103458228795
3004601,0.909669572197813
3004602,123.97310294154391
3004603,1.8852161720313847
3004604,60.42710263087157
3004605,2.8839464264846972
3004606,40.742626538491045
3004607,1.266064777962658
3004608,122.90966684111001
3004609,158.5695649817048
3004610,1.2153225305360942
3004611,4.390829727837089
3004612,84.51415703339188
3004613,17.34695377067748
3004614,280.5585929689198
3004615,90.47537490786156
3004616,1.816608710948088
3004617,4.131779948554779
3004618,1.0949036010932485
3004619,5.937384613963833
3004620,1287.213692236026
3004621,1.2534872873449185
3004622,140.05001619235117
3004623,5.893598653502048
3004624,1191.8940068588972
3004625,401.5778547604796
3004626,293.6116813494649
3004627,34.3664954987747
3004628,37.57521825619447
3004629,40472.36459010408
3004630,9.752339390438468
3004631,1.5676877568195327
3004632,10.661547566751599
3004633,21.75761051334154
3004634,1.5357083770809221
3004635,165.08606119350182
3004636,2.150731711149911
3004637,58.674510225593735
3004638,4.873631278764391
3004639,23.30543393344
3004640,2.230139194792472
3004641,195.4884394147518
3004642,224.82127552563983
3004643,2.444218315951124
3004644,3.937025750817301
3004645,88.2986684910893
3004646,65.0343900638062
3004647,543.48108911083
3004648,24.975182777362033
3004649,4.32212566393069
3004650,3.1433083987286166
3004651,1.537020339266587
3004652,7.720199021222787
3004653,1594.941594179084
3004654,1.2068069904245315
3004655,149.02393271857048
3004656,2.574170920902707
3004657,896.235168628967
3004658,364.44492631108153
3004659,280.8471559135427
3004660,67.90892510508297
3004661,48.73198963366619
3004662,52638.69400242272
3004663,7.767079175209923
3004664,2.7437852744935864
3004665,17.34838319844563
3004666,17.360699518947875
3004667,1.5086586497701353
3004668,193.09166486981323
3004669,9.870938907440106
3004670,58.69207465827555
3004671,5.055360738129379
3004672,24.978989043872563
3004673,2.2210927438582377
3004674,102.26696715252295
3004675,175.69027300139965
3004676,2.046481222794127
3004677,5.056069560478177
3004678,124.45199383135711
3004679,38.463735656085035
3004680,911.3799869462648
3004681,59.76008455016135
3004682,5.150201524056311
3004683,2.5078677710907313
3004684,0.4799531575058562
3004685,2.233576574481766
3004686,1099.0151293552324
3004687,0.5836625519510151
3004688,122.2846473032121
3004689,3.204385557464009
3004690,933.5121141397985
3004691,267.7919430541518
3004692,169.95538303459242
3004693,97.07314647246108
3004694,29.02735212009272
3004695,19685.150370681487
3004696,4.689867205244395
3004697,0.7751492224127221
3004698,10.34030412503377
3004699,10.221326362603543
3004700,0.8944025939616822
3004701,148.32722709705607
3004702,0.7537988523665116
3004703,49.230189266309225
3004704,3.466635918015214
3004705,30.00202722197973
3004706,1.1010962260558301
3004707,38.922348626972266
3004708,118.51937032101397
3004709,1.1084789489252516
3004710,2.737407143079291
3004711,77.24297433765949
3004712,22.687845117494316
3004713,668.363575625295
3004714,46.363960150525934
3004715,1.1115477481581801
3004716,6.964173247180436
3004717,1.4024338816170405
3004718,7.095735787719422
3004719,2225.5862644752497
3004720,1.2941186068810708
3004721,279.9127329011398
3004722,5.835677065684614
3004723,932.7178354630813
3004724,803.0542214077101
3004725,616.1596481118042
3004726,151.87757213586747
3004727,93.97268510916706
3004728,332909.187322589
3004729,13.158334446760426
3004730,1.9197530110461407
3004731,17.123657476659872
3004732,21.59081670748285
3004733,1.657360446447023
3004734,222.79300941631422
3004735,2.1344372972431036
3004736,48.300472142165425
3004737,7.760225892010784
3004738,46.6132255653267
3004739,2.8428520684046457
3004740,182.6455049646253
3004741,228.24290913229996
3004742,3.0366719740722115
3004743,7.426492746153649
3004744,360.4241915872112
3004745,43.98648815911495
3004746,1523.859417228208
3004747,58.4157218140543
3004748,10.157382761575395
3004749,3.646399965939284
3004750,0.8322321993706225
3004751,6.954726393688599
3004752,1651.8923364955454
3004753,0.9420845160552298
3004754,566.7177405608073
3004755,5.889561414599569
3004756,587.3340911058684
3004757,843.3232658845059
3004758,212.58612116125792
3004759,124.58242569490763
3004760,42.83369423628029
3004761,53449.12547981681
3004762,11.613351702365819
3004763,1.5650114638777048
3004764,22.807862285072325
3004765,15.073932422572762
3004766,1.2255505198863559
3004767,160.68131315281613
3004768,7.531633451792972
3004769,8.163130116944728
3004770,9.197712326953978
3004771,68.08312652633425
3004772,1.8020529694243113
3004773,71.76511029351484
3004774,156.38469697977504
3004775,3.8197155039332276
3004776,4.964809759768425
3004777,189.05790717246367
3004778,48.20682813653472
3004779,2541.8197358847915
3004780,60.275890373246476
3004781,8.810061854296094
3004782,5.5349855436716195
3004783,1.225484523851004
3004784,5.943055116294774
3004785,1855.4741064132904
3004786,1.1862755898136896
3004787,145.36922261778986
3004788,4.702243333556175
3004789,844.1025815026964
3004790,415.3056592929335
3004791,253.72579761429304
3004792,41.94374974521998
3004793,38.06351809348114
3004794,60854.46335252896
3004795,40.31515655687427
3004796,1.6969563183435952
3004797,11.996132853684555
3004798,14.772526915720475
3004799,1.4834485657100764
3004800,171.84250542325714
3004801,5.553041297290913
3004802,48.23869943313192
3004803,6.004775126858442
3004804,46.904725978330525
3004805,2.468528141702407
3004806,107.12442057927109
3004807,187.37458052598174
3004808,2.0938200892784025
3004809,4.576916164369599
3004810,130.15320094825717
3004811,20.581696669523645
3004812,603.6938194456015
3004813,88.02351187920357
3004814,3.552782677868195
3004815,6.010381501972477
3004816,1.891641313863344
3004817,10.808526293121929
3004818,2479.805020560373
3004819,2.14151526792904
3004820,630.8271546275223
3004821,10.223470131636214
3004822,851.1198726026435
3004823,874.4638836003727
3004824,252.45636962304116
3004825,165.63000265742073
3004826,100.88889211857389
3004827,104198.59795563627
3004828,35.49023838099322
3004829,2.9481496056503014
3004830,18.732589140184068
3004831,27.55398610796161
3004832,2.543971563115097
3004833,224.2997692688963
3004834,20.80259112376202
3004835,16.80850653860058
3004836,13.19236989321079
3004837,99.41035266550412
3004838,8.007524706825604
3004839,810.5912883367705
3004840,220.9779554932562
3004841,9.708538179222337
3004842,10.342808730750871
3004843,550.5449597844001
3004844,74.98047195661373
3004845,11973.060333385081
3004846,48.533118511884034
3004847,37.08164890403315
3004848,6.211415057323
3004849,1.098441984834067
3004850,8.425947434134336
3004851,5537.585384548356
3004852,1.1912126319959353
3004853,484.81120963651915
3004854,8.511017234279837
3004855,1851.6809267351982
3004856,904.9383481066311
3004857,866.1578550831707
3004858,73.19364508853833
3004859,57.687599098474514
3004860,3606735.329683278
3004861,13.466064607514097
3004862,1.511419453696237
3004863,20.524674979964587
3004864,15.403830446818962
3004865,1.4237557304883646
3004866,284.03454890792597
3004867,3.69704446225144
3004868,7.596484473862656
3004869,7.974610972471318
3004870,48.68422822855925
3004871,1.8986331740438906
3004872,249.3537065580657
3004873,293.2638822329268
3004874,4.080327138302722
3004875,4.423103147395515
3004876,397.7944377730362
3004877,55.74261080920959
3004878,1208.2895603540621
3004879,67.63289101340433
3004880,7.297465828133376
3004881,7.012404738285551
3004882,0.9775284978533925
3004883,3.449898049090799
3004884,2689.2277696105166
3004885,0.9322418067171354
3004886,399.6056602040696
3004887,4.228137912505059
3004888,1533.0083585454286
3004889,681.0676543487319
3004890,329.63735656874456
3004891,183.03240081412028
3004892,78.76840724430103
3004893,617400.1937741805
3004894,11.568330193795884
3004895,1.2686602122703245
3004896,31.215010815320603
3004897,28.382689197715226
3004898,1.1580915933439249
3004899,258.8194729208385
3004900,3.376517547653038
3004901,7.182859387613472
3004902,9.87116722489013
3004903,103.51536810648705
3004904,1.9075334761072456
3004905,77.07035101106345
3004906,227.84277175389965
3004907,2.14748790759345
3004908,7.452911145783002
3004909,160.383719146709
3004910,121.47719374665647
3004911,1476.5748878178465
3004912,4.630266507226835
3004913,4.072251353539302
3004914,4.031987316990899
3004915,0.5531395820495528
3004916,2.0698949524558143
3004917,1314.4785951089846
3004918,0.6219006292914749
3004919,177.10740786803086
3004920,5.2808093273888375
3004921,741.0948322182569
3004922,354.32956222845417
3004923,170.6168391620316
3004924,50.505118920035066
3004925,42.58724856155385
3004926,12138.443369145563
3004927,9.720968914318806
3004928,0.9156261433089451
3004929,17.592198142872117
3004930,18.142569618136307
3004931,0.8231283109398906
3004932,147.8675709644267
3004933,1.4931824137885175
3004934,50.66879599353391
3004935,3.6855469222384465
3004936,86.06057232221679
3004937,1.6499690367027608
3004938,83.44753458491179
3004939,145.3681309345173
3004940,1.3719880125633916
3004941,4.576471402413702
3004942,249.92138147007128
3004943,29.19163729032899
3004944,680.9345392402685
3004945,26.411373307711123
3004946,1.3763374233840209
3004947,2.4975684144795434
3004948,1.1000088730586062
3004949,4.859308217712027
3004950,1132.827520022679
3004951,1.2858129563925855
3004952,216.45697174942822
3004953,10.077326333282322
3004954,526.6949044162907
3004955,525.9757627954293
3004956,157.5354507640404
3004957,79.17891295422987
3004958,55.713150560061024
3004959,3028.940714119695
3004960,21.583358790440926
3004961,1.5635248971619202
3004962,11.336705434626413
3004963,13.966462823292071
3004964,1.5701508801546584
3004965,113.99714159221351
3004966,9.224177264858707
3004967,7.090684713130813
3004968,8.177501810437294
3004969,58.12299772765472
3004970,4.2270558095394115
3004971,535.1512670799631
3004972,141.59975913291743
3004973,3.9284001256804855
3004974,5.077899611535544
3004975,310.5591921249147
3004976,28.604857515853297
3004977,2132.6581843603863
3004978,47.479889232530844
3004979,11.194584420763547
3004980,3.8575637153305213
3004981,2.165128067380456
3004982,6.158445814515495
3004983,3502.4852957359635
3004984,2.3377689570017988
3004985,737.4563435849504
3004986,18.422530222895297
3004987,1036.7697317415664
3004988,1181.9882274588756
3004989,307.52227780068085
3004990,215.88915729861284
3004991,163.69484004323243
3004992,68774.90551642484
3004993,22.540364770396533
3004994,2.9141885315762153
3004995,20.07542654443519
3004996,41.71756503324745
3004997,2.7836802374343055
3004998,252.06372569095714
3004999,13.042201994052933
3005000,30.930483356227633
3005001,10.956622787386912
3005002,115.17220691306491
3005003,10.435598726940931
3005004,590.6970542360901
3005005,252.1668681147751
3005006,15.807504076362015
3005007,10.447884151664384
3005008,678.213432427193
3005009,98.6784893605963
3005010,73114.5978156605
3005011,46.5512202492575
3005012,26.774066325966622
3005013,1.9989376196020066
3005014,0.6367787507396159
3005015,8.099793671682347
3005016,1426.6784661279396
3005017,0.7586215163723563
3005018,333.77353577175484
3005019,4.386627278241299
3005020,419.9195426001566
3005021,614.5686512579966
3005022,174.53336985394893
3005023,116.3069535702574
3005024,66.32227010641567
3005025,2340.951752508841
3005026,14.547160663978541
3005027,1.1001934505583717
3005028,7.883854974199657
3005029,16.295550544140163
3005030,0.9655535786593213
3005031,96.73887346435147
3005032,0.9341618249058814
3005033,21.61030581952902
3005034,4.6156195709578425
3005035,196.7726242882532
3005036,5.240483123984655
3005037,259.16601688261215
3005038,112.68978000990033
3005039,3.1284023978848006
3005040,5.7708827740947415
3005041,207.51339378686131
3005042,27.814436611289796
3005043,1758.6856264827193
3005044,4.2456553223101805
3005045,6.495274849105577
3005046,3.456416914162044
3005047,0.5860279427197145
3005048,2.2499875078064058
3005049,821.3041595193503
3005050,0.6076315047034322
3005051,195.61333699935372
3005052,4.8627772739545625
3005053,445.19851863202643
3005054,244.75711384527787
3005055,121.76965266892744
3005056,65.42453817342364
3005057,27.328837460015396
3005058,2120.0869531374574
3005059,11.30948631860556
3005060,0.9549207381893551
3005061,11.482324319836112
3005062,9.176604691148214
3005063,0.8742877908894827
3005064,85.84960017871175
3005065,0.8751112439814488
3005066,9.002908399537947
3005067,2.742685890003999
3005068,25.57138251061216
3005069,0.9637437474952709
3005070,323.5346698272127
3005071,149.24689851811124
3005072,1.9053199212785965
3005073,1.5013995965682025
3005074,166.45043810448425
3005075,14.678173360853453
3005076,713.9678191151809
3005077,3.9104259061768767
3005078,5.175535809696038
3005079,5.40769932778598
3005080,1.4865374471087556
3005081,6.138502416664979
3005082,2483.099258010169
3005083,1.6607638020420281
3005084,589.9952466387941
3005085,13.759205436681789
3005086,752.4483706003477
3005087,870.5784231101046
3005088,301.3842022178898
3005089,207.06551671299752
3005090,119.6693743997162
3005091,53666.71043089828
3005092,17.34914516150024
3005093,3.1679406356886712
3005094,19.959710350492497
3005095,25.32326983428221
3005096,2.0066840140254167
3005097,199.41916548579223
3005098,5.112974062848855
3005099,26.572626993403176
3005100,7.998290224998799
3005101,161.44040047467462
3005102,4.425635143100344
3005103,340.7044856647739
3005104,189.24886183270283
3005105,9.378478324989267
3005106,8.844293334693015
3005107,439.78628802200814
3005108,53.227611897486675
3005109,14468.395893990117
3005110,5.686282494936718
3005111,17.274885368480916
3005112,6.292239996447725
3005113,1.4677856147437116
3005114,4.4738527760432145
3005115,7321.648986377337
3005116,1.6101257440342005
3005117,628.8457002543796
3005118,14.748469046833591
3005119,1125.2489982176128
3005120,1225.7639538988706
3005121,459.70984417048726
3005122,191.95456638208066
3005123,63.076253952163455
3005124,2222397.577406832
3005125,10.57076463590836
3005126,2.2741450980085247
3005127,26.372899763441836
3005128,18.87101219126146
3005129,2.2188124415811767
3005130,227.45133741033922
3005131,1.9547417159819358
3005132,8.677128992273111
3005133,7.073264448292437
3005134,61.814788628708804
3005135,2.5969409331026476
3005136,155.98420782371016
3005137,272.3290409280573
3005138,5.138973252092688
3005139,4.24444795015438
3005140,202.5447146098094
3005141,62.20344773659326
3005142,2435.8991626603975
3005143,7.084741971959969
3005144,4.422112996703532
3005145,4.659429327913366
3005146,1.5522727509641268
3005147,5.488158634072749
3005148,4219.2336730516245
3005149,1.571639061826081
3005150,654.5846209120692
3005151,8.962404856423479
3005152,898.967316589513
3005153,1094.4642682877247
3005154,282.8690765117423
3005155,148.99418681139306
3005156,64.12141102186577
3005157,1008078.3407980959
3005158,11.11274977616085
3005159,2.163919452036266
3005160,21.30334248070917
3005161,17.65871508311563
3005162,1.9325468632483747
3005163,190.33377324835655
3005164,1.9058043902373898
3005165,10.030196708168887
3005166,6.042816740173843
3005167,90.33001721729813
3005168,2.535223301468975
3005169,85.39740049977736
3005170,227.93987660201987
3005171,5.252276148378379
3005172,5.348702977813412
3005173,190.32210595348977
3005174,50.92002214807194
3005175,2208.141157819175
3005176,5.789442646998946
3005177,4.946159804787488
3005178,10.781992863797758
3005179,4.432164433937384
3005180,15.883156630826981
3005181,1213528.9407208788
3005182,4.07085338821729
3005183,984.8152703452112
3005184,39.844232640276275
3005185,1781.864501868955
3005186,2114.3316306384736
3005187,487.2674227598243
3005188,529.9429534160905
3005189,340.3704846630702
3005190,24081983.485547096
3005191,58.74062673796807
3005192,6.18840332931798
3005193,39.66793335193997
3005194,51.64284156623106
3005195,5.216444360196732
3005196,575.8418198898884
3005197,35.293658328889194
3005198,52.114642388268095
3005199,29.033139891689835
3005200,279.82288318795895
3005201,21.948947195047214
3005202,1007.7187082283777
3005203,546.4058082077648
3005204,18.9857240352364
3005205,23.177921185243825
3005206,1175.77103137724
3005207,213.36189315707847
3005208,12053326.709253794
3005209,9.743479947494034
3005210,97.54440526379547
3005211,2.6152462332543642
3005212,0.622796775344853
3005213,1.8482634938311668
3005214,1209.1728689307095
3005215,0.6253821553405272
3005216,147.78112578600252
3005217,2.8946948558715984
3005218,831.5276280102092
3005219,302.91984810785885
3005220,143.7216081807142
3005221,112.5355586079514
3005222,33.22333606053584
3005223,5876.965529009139
3005224,5.303119096654488
3005225,0.861741646034042
3005226,7.77233111234666
3005227,11.47309736524433
3005228,0.8686782925697052
3005229,138.34005993838275
3005230,0.9290330619419868
3005231,60.15655420380333
3005232,3.5151811359196103
3005233,46.589881334352036
3005234,1.0469353680896567
3005235,49.73585288787139
3005236,90.76288645273762
3005237,1.9323550432189802
3005238,3.60166404843259
3005239,118.07629182261438
3005240,15.05936688762857
3005241,640.1886270256026
3005242,22.25517440618757
3005243,3.3068367040017588
3005244,5.894138790782463
3005245,1.1913501321955564
3005246,4.017642762967825
3005247,3787.2180590766093
3005248,1.2388640129065092
3005249,537.0772395708133
3005250,9.367266775393047
3005251,1223.063533864384
3005252,791.1633530243939
3005253,259.9405345380505
3005254,262.41184500989846
3005255,83.45253994291211
3005256,1237589.758446705
3005257,9.576262178123079
3005258,1.4769741282620052
3005259,18.66498462666423
3005260,18.83893138951734
3005261,1.5101213740123787
3005262,244.1934550954846
3005263,2.733257268661979
3005264,8.07759213404399
3005265,9.119017495533223
3005266,17.09683617124226
3005267,2.113751473848443
3005268,310.4117799857334
3005269,249.99775464447092
3005270,4.121788023126203
3005271,5.903396645670086
3005272,143.95929497100107
3005273,49.44996199850411
3005274,1911.7755190166422
3005275,5.314074224240672
3005276,6.631237474438747
3005277,1.195622466223266
3005278,0.4111276713406027
3005279,1.3027648192055152
3005280,887.8153643564008
3005281,0.49276113811704275
3005282,97.73589961879173
3005283,1.9394059823078198
3005284,840.4005885555493
3005285,185.1743197509839
3005286,121.30976613532657
3005287,148.08563787157783
3005288,12.296873295902898
3005289,3415.5498647406757
3005290,2.276216556391141
3005291,0.6612754251709726
3005292,7.827512367010057
3005293,5.193793408044052
3005294,0.6579874207610747
3005295,81.55633929716458
3005296,0.650050895484792
3005297,49.54246846059279
3005298,2.6244313689862984
3005299,43.88880137592805
3005300,0.7856352238419428
3005301,56.84282538976233
3005302,81.30739533468835
3005303,0.9408123809840404
3005304,1.2178246911496808
3005305,76.59022199194224
3005306,9.007864661271887
3005307,289.84880082250663
3005308,40.830063148763074
3005309,1.516701075096695
3005310,6.596658115652345
3005311,0.6208406236582911
3005312,1.9863493294526795
3005313,1547.087299976177
3005314,0.7118596116355553
3005315,193.06087558827727
3005316,6.402518507824462
3005317,832.4191875025101
3005318,467.12136803578016
3005319,198.92306156266153
3005320,74.53563690199279
3005321,62.385333655686466
3005322,49637.90498758531
3005323,4.566493699253002
3005324,1.0810847946947464
3005325,21.97162152595103
3005326,15.148897452601286
3005327,0.9406072039093647
3005328,173.2058159934998
3005329,0.9016683865008759
3005330,60.181649662382995
3005331,12.238552128585523
3005332,34.28758184464577
3005333,1.4104722957046332
3005334,187.14545533289882
3005335,178.5754732375415
3005336,1.9082006059754069
3005337,3.970701510570191
3005338,203.04878250357902
3005339,22.76643267102621
3005340,1460.9999372719647
3005341,24.366298566987954
3005342,1.4309200913164766
3005343,2.842315038144525
3005344,1.6443692142683786
3005345,4.796583913339922
3005346,2156.6297419875145
3005347,1.7315517617567897
3005348,698.6540125130922
3005349,8.11849987731339
3005350,900.2124023876266
3005351,800.0799259813589
3005352,233.10506502421666
3005353,115.58303425188763
3005354,61.87236703912748
3005355,324248.3027364955
3005356,6.32956630449162
3005357,4.6389611264187955
3005358,27.61436676151848
3005359,32.44565588181909
3005360,2.155944849740866
3005361,191.56864956245744
3005362,4.203954164098541
3005363,8.940461635903617
3005364,6.101363663680628
3005365,36.32688940379249
3005366,3.468916206891114
3005367,148.95990819907593
3005368,225.91966302916632
3005369,4.962627755021952
3005370,6.230666399103289
3005371,156.50926051901402
3005372,32.07729238613877
3005373,1048.6217837280622
3005374,6.543380285984818
3005375,3.663109260269258
3005376,2.0312893859415264
3005377,0.42275840475229365
3005378,1.5811804232847424
3005379,1213.8147332534286
3005380,0.45455249336993797
3005381,96.41405642646728
3005382,2.9036397304185257
3005383,495.08376629190394
3005384,207.7446526962753
3005385,128.59382117199524
3005386,121.83019710860572
3005387,29.089431208886406
3005388,9683.114512239588
3005389,5.192213473555118
3005390,0.6288830135178957
3005391,6.691177079385962
3005392,10.483231343904347
3005393,0.6494071501534002
3005394,91.57564107637143
3005395,0.6014671688072594
3005396,49.48401783998067
3005397,2.5655352016975543
3005398,29.508858285300843
3005399,0.8481134631201546
3005400,140.86463912346744
3005401,80.35694304784305
3005402,0.9521070822054052
3005403,0.9774529039350051
3005404,74.31146433382607
3005405,13.36528629135113
3005406,472.4306114287164
3005407,5.375226586001854
3005408,0.920885823743979
3005409,3.91192827050796
3005410,1.3608534390140545
3005411,2.8616374429947316
3005412,3280.2205573274605
3005413,1.4949336802458526
3005414,500.854430338102
3005415,7.212356193534654
3005416,843.8600762851435
3005417,730.6309987245775
3005418,223.22560675787582
3005419,104.05134324307218
3005420,72.77140350542811
3005421,492946.9678788784
3005422,7.419325104158704
3005423,1.7953030133605472
3005424,17.726140948835653
3005425,14.378990040765192
3005426,1.8544314092712781
3005427,184.6781457154172
3005428,1.8315793161811318
3005429,27.042030928282053
3005430,5.258588328790328
3005431,50.54699501777876
3005432,2.1503166692906155
3005433,154.09061510042181
3005434,195.41456268939916
3005435,2.9141222123888353
3005436,4.89482266334272
3005437,123.16229019403552
3005438,34.750472587509584
3005439,1902.2747420343403
3005440,5.720973767609239
3005441,2.7255978333651516
3005442,3.950317911094155
3005443,1.4879280097057852
3005444,11.491751659749118
3005445,2102.3041989725516
3005446,1.616455970594638
3005447,539.7913364450585
3005448,8.534531109580632
3005449,893.7012035747033
3005450,866.8182954969691
3005451,188.87333123561632
3005452,139.92740925846275
3005453,118.34091500908389
3005454,45854.78960384087
3005455,50.781500913931204
3005456,2.6852833350310252
3005457,33.60642417603241
3005458,22.27481788625172
3005459,2.0168422136118576
3005460,221.52354632957702
3005461,17.47615396555866
3005462,25.171626929290227
3005463,5.076549458834
3005464,123.98503260001037
3005465,6.86483640095707
3005466,272.32195440155976
3005467,210.9524499258783
3005468,10.659991536087118
3005469,13.299512027496737
3005470,264.4455366465786
3005471,58.71514550917413
3005472,10547.064490718927
3005473,30.663589035181488
3005474,13.311232510261691
3005475,5.873319043036814
3005476,1.5906971314642306
3005477,10.861801772782856
3005478,5238.823842402018
3005479,1.7718909051994527
3005480,421.2230762377154
3005481,12.391212648313925
3005482,889.9440906654645
3005483,823.9251486482203
3005484,184.36045258733594
3005485,104.50052675566283
3005486,100.66286056504256
3005487,80941.89274643004
3005488,22.28525317045257
3005489,2.461693034575183
3005490,33.129618363696125
3005491,60.60128278374173
3005492,2.0867819687833924
3005493,344.12448795284473
3005494,16.90411326044159
3005495,17.33936957143018
3005496,9.166027170770201
3005497,101.63519004598079
3005498,8.381900341955717
3005499,193.80946652889278
3005500,447.59225980773175
3005501,6.901472801808006
3005502,10.153757279087687
3005503,168.75201168834147
3005504,67.00467444272881
3005505,5160.02450183551
3005506,7.136744278978426
3005507,17.491594138742975
3005508,8.202605665046809
3005509,1.2641482727022537
3005510,3.392439311601276
3005511,4166.163963741638
3005512,1.327393729195157
3005513,705.6430812946815
3005514,6.65448466526038
3005515,2245.59848184359
3005516,900.8511891956219
3005517,212.10574959235257
3005518,287.20401922719026
3005519,60.230985055183524
3005520,2425031.029771853
3005521,24.921626271454482
3005522,2.4610668700343146
3005523,15.210022292945848
3005524,20.451910266549937
3005525,1.590518524680581
3005526,243.82280801108195
3005527,4.151377742180498
3005528,13.539685679491432
3005529,13.36552524095945
3005530,77.60719761439256
3005531,2.9552449505485416
3005532,114.79634427142979
3005533,258.99921752297104
3005534,5.878888959671665
3005535,8.780649762576733
3005536,236.30185602393615
3005537,60.15464477012738
3005538,2606.529393044301
3005539,16.74574622679752
3005540,11.29766273437735
3005541,4.4091517497394435
3005542,1.8934242669549834
3005543,7.6098814956049665
3005544,1847.5083866704863
3005545,1.660978444781128
3005546,366.1679479545766
3005547,7.263594773229752
3005548,747.8115445120801
3005549,803.248789608832
3005550,229.57374381534729
3005551,138.13707608280478
3005552,80.48682802485447
3005553,23010.296098669984
3005554,18.902187388377488
3005555,2.409634331323104
3005556,12.503130741780122
3005557,15.37207309154658
3005558,1.9946526893213776
3005559,218.80026835444977
3005560,14.862149428258553
3005561,19.812847037539353
3005562,4.407543021842225
3005563,107.75847731808643
3005564,5.862203258779671
3005565,517.0947047213042
3005566,206.34717045862257
3005567,5.579720729836231
3005568,7.340768273206651
3005569,409.60390203513015
3005570,37.36542884645129
3005571,7205.1754577365755
3005572,45.83710227447516
3005573,26.06525322226231
3005574,3.4189284423241846
3005575,1.310382365217784
3005576,7.10977796143385
3005577,8078.524416981621
3005578,1.2927893184056938
3005579,420.3433162775818
3005580,5.34807345640808
3005581,1709.6296249575507
3005582,707.2823889061191
3005583,288.96960441180596
3005584,141.052323655776
3005585,69.0441920826869
3005586,2198826.062231377
3005587,10.056029249572589
3005588,2.9173154570883195
3005589,23.25934985774951
3005590,25.639639638964194
3005591,1.5636772267453678
3005592,454.4803484791789
3005593,1.5183983731177673
3005594,5.9660305862733995
3005595,8.72415434266483
3005596,48.920537085008256
3005597,2.298794028710263
3005598,106.91759135789682
3005599,324.5042770063764
3005600,3.3233418050633627
3005601,7.7083057710467076
3005602,217.2044805562794
3005603,41.55437955376667
3005604,1469.5878441151676
3005605,25.24274676245585
3005606,4.400313415424826
3005607,6.813587693642242
3005608,1.0402915742344354
3005609,9.813533932608692
3005610,2037.1172154832338
3005611,1.184352877397313
3005612,452.61277874270104
3005613,8.718923891372706
3005614,1133.1323448439189
3005615,744.749200142392
3005616,241.9774882480299
3005617,127.95670329547708
3005618,117.74134507630721
3005619,30295.9380219928
3005620,35.25294588888858
3005621,1.8864480197346902
3005622,14.900078465173104
3005623,26.746508203996505
3005624,1.432084955703687
3005625,203.1178559080889
3005626,13.002020094310778
3005627,20.42160299823949
3005628,8.777343334240413
3005629,182.63085268054994
3005630,7.74928020058664
3005631,271.6872280390165
3005632,454.19774894465127
3005633,12.336215842010393
3005634,7.489930316549231
3005635,194.05940246959958
3005636,42.824456069300446
3005637,3848.331440122351
3005638,4.857519617410357
3005639,9.130625722578042
3005640,2.977111415711959
3005641,1.3624488953171956
3005642,7.33102245071188
3005643,1931.2089720309755
3005644,1.4604140355204995
3005645,477.2896700971384
3005646,10.076306730114586
3005647,702.407710435706
3005648,826.121849836653
3005649,189.9425166703604
3005650,138.6525487920973
3005651,111.73815183333653
3005652,15200.171775685974
3005653,26.75699685172347
3005654,1.9276788166477754
3005655,21.21476482549628
3005656,16.535884361429915
3005657,1.7188357428745282
3005658,181.96793079262372
3005659,13.331401498278463
3005660,30.8570434488704
3005661,8.004416845687771
3005662,75.10836509984097
3005663,7.539576786276689
3005664,250.49993198093287
3005665,196.5529571488969
3005666,9.217003895832299
3005667,6.935278863926282
3005668,219.52743772851693
3005669,41.69118102821447
3005670,6744.0519856509445
3005671,6.568411722898087
3005672,14.732584656102299
3005673,5.37453834064129
3005674,1.6719224896498823
3005675,5.432448987393894
3005676,8245.471349011186
3005677,1.7835320904870742
3005678,604.9771864562651
3005679,14.719522712873308
3005680,1037.2026617988406
3005681,848.9803438206795
3005682,305.2471472549377
3005683,164.02359287131242
3005684,47.89197557215637
3005685,507839.7662563882
3005686,7.249047729737348
3005687,2.100375955188288
3005688,12.720895345056045
3005689,16.187425701645093
3005690,2.145525749051092
3005691,217.52649133840023
3005692,2.1423660535521565
3005693,9.802892207984197
3005694,4.377585328499149
3005695,79.61566668823261
3005696,3.7802697140042802
3005697,165.68492393907331
3005698,262.87111949888066
3005699,4.658127204359661
3005700,3.483046064715861
3005701,264.3484619185376
3005702,106.35568503684881
3005703,1645.1269272283077
3005704,6.316297479074899
3005705,2.1834553451910694
3005706,14.996284082562664
3005707,3.6792701793988556
3005708,20.992538296034834
3005709,26575309.089644868
3005710,3.9896930139601516
3005711,1261.1133232353388
3005712,29.760876853768075
3005713,2438.0585837607364
3005714,3044.2413483843184
3005715,801.4364749582712
3005716,622.6895693546464
3005717,428.62141660966415
3005718,1486681388.3359544
3005719,71.89158861416588
3005720,7.18143037543162
3005721,123.68673116743241
3005722,112.54029483392665
3005723,5.081597478953119
3005724,720.6441092936902
3005725,48.903939414731056
3005726,28.36974445016471
3005727,66.88478771864341
3005728,405.43490750274805
3005729,23.19086563547217
3005730,1162.8152562520927
3005731,628.4103944140332
3005732,35.16992692912032
3005733,30.353560506147584
3005734,1262.2890311842275
3005735,229.64640707807473
3005736,204986913.4490426
3005737,221.79463368312392
3005738,103.74586766364219
3005739,14.117636978264422
3005740,2.73043544092733
3005741,16.05816623646655
3005742,5979848.56913377
3005743,2.9960744448867977
3005744,1020.0366090657955
3005745,26.471789105905067
3005746,2415.8997641008186
3005747,2172.6048240614405
3005748,872.0093831728196
3005749,395.2299359428232
3005750,328.9560983362429
3005751,2501956704.925112
3005752,130.7563244837858
3005753,3.947958763570497
3005754,58.85497072694535
3005755,87.58765836803377
3005756,4.09842069910679
3005757,678.5580231325946
3005758,46.57805575173277
3005759,37.01893217378829
3005760,16.483440109569806
3005761,268.6095870225252
3005762,16.129353894944938
3005763,1356.606652643162
3005764,685.451979838723
3005765,22.08824648231767
3005766,28.12840703065839
3005767,1303.9247282266897
3005768,229.02616671276996
3005769,3195580.442864892
3005770,349.21843202360304
3005771,88.46296434985754
3005772,11.983750762238454
3005773,2.408918498811247
3005774,20.03500003598757
3005775,125813.12014334952
3005776,2.7016955995450656
3005777,795.4086049070578
3005778,16.226565741467017
3005779,2190.8457635409595
3005780,1410.81050837658
3005781,920.9081463636173
3005782,146.64079137873915
3005783,246.44085146753568
3005784,1323374505.732238
3005785,38.63980906538419
3005786,4.073922255079276
3005787,31.234481119092052
3005788,30.95105901856141
3005789,3.3095750996182076
3005790,631.7069892973892
3005791,33.24659702542094
3005792,26.797761202738535
3005793,16.229233176223953
3005794,138.8280152406192
3005795,9.369519194681548
3005796,1258.4414767553394
3005797,672.2142201616269
3005798,20.60969833640647
3005799,37.203859823800585
3005800,834.5997547922201
3005801,112.36429720660534
3005802,37301.52196847569
3005803,243.8327885066059
3005804,56.47332770273252
3005805,14.035566906747803
3005806,2.868676127213098
3005807,20.443523329070544
3005808,4082157.063235972
3005809,3.1561300750894534
3005810,934.2758434466888
3005811,20.53105494109965
3005812,2114.42163049575
3005813,2032.824108280009
3005814,872.8102040137812
3005815,356.06607373726763
3005816,235.42855541395957
3005817,1632103560.943774
3005818,51.60811685725342
3005819,4.34881872557594
3005820,43.759006813355995
3005821,79.3935376472265
3005822,3.937704261955277
3005823,683.3796557596869
3005824,66.56215218127302
3005825,29.79754207556671
3005826,28.212490745187143
3005827,262.2051962961941
3005828,12.721200379803284
3005829,1255.9386243877977
3005830,690.0708097738606
3005831,21.79812762518204
3005832,23.39203227657121
3005833,1118.440047667215
3005834,174.74288944826122
3005835,1062767.7736472068
3005836,259.1889036408707
3005837,73.70926743221881
3005838,11.420338740897675
3005839,1.8155203402657802
3005840,18.872476429580203
3005841,19896.09583196027
3005842,2.0374655876794665
3005843,689.1140654173439
3005844,15.362264026209399
3005845,1707.180552956733
3005846,1097.4232934848428
3005847,748.9578447243965
3005848,123.90022368474065
3005849,145.69595768478305
3005850,111803309.67885387
3005851,39.789482801232715
3005852,2.4754984368292337
3005853,32.703296950411804
3005854,49.52865702043128
3005855,2.6082085482554955
3005856,578.4186648860394
3005857,34.5694176055589
3005858,14.527773758266898
3005859,12.31776799382499
3005860,125.19113286425298
3005861,5.495692194835127
3005862,1158.4089867011455
3005863,744.8489810033684
3005864,14.984505765878689
3005865,25.41448833223872
3005866,897.1301969063845
3005867,67.1884038098102
3005868,9062.710736486992
3005869,191.90963552348467
3005870,24.44003596235663
3005871,10.687386409611042
3005872,1.586586686096842
3005873,12.17861284560976
3005874,84582.16113985905
3005875,1.7959740603956953
3005876,1008.5662969629803
3005877,23.3383335172589
3005878,1438.8238044218306
3005879,1834.5963152957343
3005880,566.5766176394668
3005881,477.18268987887933
3005882,364.48344419527916
3005883,13023793.152028887
3005884,59.132974391691526
3005885,2.7421063009195987
3005886,44.97446383907055
3005887,52.73069174576294
3005888,2.2717833034869983
3005889,533.9253331635773
3005890,20.899290435034327
3005891,31.4561959355518
3005892,16.759781725851475
3005893,296.23791382729183
3005894,14.297530559815513
3005895,1076.0802854045128
3005896,515.0410797078123
3005897,17.87208440781715
3005898,25.44282888176166
3005899,1063.5137085652702
3005900,186.9202936114262
3005901,6583534.867985944
3005902,186.50786733079462
3005903,87.82567005705131
3005904,5.039342134531353
3005905,1.8815058064179186
3005906,8.310805314285307
3005907,1434.6436963486494
3005908,1.4371571864890695
3005909,283.7807560516626
3005910,20.03117550334859
3005911,816.5638371868816
3005912,586.9590803606249
3005913,230.27543790905082
3005914,96.16668026838082
3005915,91.22446196258687
3005916,14925.491209052409
3005917,45.9254971673006
3005918,1.8892831895800977
3005919,25.190608141960222
3005920,22.725512877364658
3005921,1.8152411878918469
3005922,197.6019809891445
3005923,10.133178214365628
3005924,11.224322431871528
3005925,10.030324873699984
3005926,66.81895025890383
3005927,5.628976423735542
3005928,247.7712874140918
3005929,209.58382114362476
3005930,3.4823083143984697
3005931,6.48861223791874
3005932,233.79037615670632
3005933,45.9741599274064
3005934,2424.920906800314
3005935,5.183488087964372
3005936,12.679950213241181
3005937,10.483131593484902
3005938,1.5842305094808695
3005939,14.923190798214444
3005940,9453.416206625185
3005941,1.80417300541271
3005942,596.3256756649529
3005943,26.947027300865635
3005944,1302.4612993162073
3005945,1018.6508626574922
3005946,565.292923652938
3005947,116.56275877916347
3005948,142.71903163475133
3005949,3541824.726616002
3005950,126.63442399466858
3005951,2.4740823056200423
3005952,50.9345031112317
3005953,40.876774057708964
3005954,2.247387713779956
3005955,471.56476971616337
3005956,21.260545142245313
3005957,11.866614496158917
3005958,5.340318005727214
3005959,159.56153166524902
3005960,7.723957808407077
3005961,736.244192880811
3005962,510.42162082503955
3005963,10.253796260518609
3005964,20.14014908718009
3005965,495.7313365215054
3005966,65.6523938994826
3005967,10074.235576626941
3005968,245.27006552864916
3005969,22.69078856889841
3005970,6.615397241933543
3005971,0.9544142369948619
3005972,7.97036698646675
3005973,5208.411507906841
3005974,1.1603181724310367
3005975,792.3278698389393
3005976,7.625025133070572
3005977,1157.975304017629
3005978,1326.750788037961
3005979,289.28191132916385
3005980,333.0500346450088
3005981,299.2185167718666
3005982,163854.95044746235
3005983,24.383014984668378
3005984,1.7370056789011725
3005985,20.682663224241963
3005986,32.88327328117716
3005987,1.460972227374135
3005988,327.5715663643377
3005989,2.0571301399593693
3005990,34.26058513310652
3005991,7.898041021425848
3005992,153.0654015333912
3005993,7.787405146896502
3005994,870.3087681093705
3005995,248.02362570052756
3005996,17.893677289356116
3005997,9.640458550934834
3005998,2158.342737261433
3005999,89.75739114005653
3006000,314233.5630303097
3006001,7.5948016476085405
3006002,49.637765669724494
3006003,9.649060365685589
3006004,1.3634495895903362
3006005,12.715683025285662
3006006,4937.902007861048
3006007,1.5264706902240084
3006008,748.7111867580528
3006009,10.315076369867228
3006010,1207.0889674370917
3006011,1019.7779104645464
3006012,440.73047064182833
3006013,198.88092387809309
3006014,358.8703383178211
3006015,936998.6181521964
3006016,37.09968506514124
3006017,3.9516351974666692
3006018,43.16705926324264
3006019,37.33530730500666
3006020,1.9327810480912528
3006021,348.9290025972802
3006022,7.4030785434705155
3006023,50.88871505917807
3006024,7.950248217441834
3006025,262.3313343769794
3006026,7.720962529171281
3006027,714.9778932657583
3006028,344.65286990060906
3006029,13.26238013839001
3006030,19.79184612316082
3006031,583.0315066806602
3006032,107.52869804073192
3006033,85886.16255538625
3006034,7.280870671602059
3006035,12.738516232950428
3006036,7.313620394449758
3006037,0.8690257789935363
3006038,2.8524054346612293
3006039,1588.9979789642446
3006040,1.0015698166716005
3006041,468.228443713011
3006042,6.351887216788677
3006043,922.4017821984521
3006044,583.3270688488279
3006045,271.9735534755083
3006046,104.91622942272166
3006047,125.9946801690894
3006048,16359.570625582988
3006049,10.973879371682647
3006050,1.5742717737993497
3006051,19.730688013997487
3006052,19.528580461415878
3006053,1.227247725733453
3006054,203.64316813309063
3006055,3.0293592364608246
3006056,13.768451439570294
3006057,6.8552621850128785
3006058,102.28455373649298
3006059,2.6670084182296065
3006060,359.02593227178886
3006061,208.13241576273427
3006062,5.325290485259497
3006063,5.267743918157282
3006064,206.88088496209713
3006065,45.21671483872214
3006066,3358.3899906439137
3006067,5.0205490998890845
3006068,4.0684442679017945
3006069,4.4595461185008425
3006070,0.6169413684795262
3006071,2.117922629673538
3006072,3294.637973307599
3006073,0.7614985714192497
3006074,182.70564434241675
3006075,4.027905055320984
3006076,979.4317214831282
3006077,258.4651456704916
3006078,236.12804536725943
3006079,55.34725116304434
3006080,27.506812785864817
3006081,27447.775667706177
3006082,5.709551887218245
3006083,1.0728988472803906
3006084,18.023123472403018
3006085,8.837783319060323
3006086,0.9357064060643198
3006087,196.31564298969164
3006088,0.931550806764122
3006089,63.66664916814736
3006090,4.7613196433167095
3006091,22.394240336764934
3006092,1.2692447756626661
3006093,40.30297324962456
3006094,158.6432686097152
3006095,1.089823119722207
3006096,1.8719296368968852
3006097,60.29214192878203
3006098,58.33595971097898
3006099,725.0861696489449
3006100,47.9427235172471
3006101,2.0564244938113316
3006102,5.910529137888611
3006103,1.7915611641986668
3006104,9.188534045600777
3006105,3595.6648797959715
3006106,2.0122018016136245
3006107,512.953468529044
3006108,13.262308690038457
3006109,1105.0811871414453
3006110,916.3372739287405
3006111,426.09765061660687
3006112,159.03885229248567
3006113,123.92880705691671
3006114,287217.2521852789
3006115,25.32901790194415
3006116,2.542334725677712
3006117,28.628671700069336
3006118,47.95771723510272
3006119,2.336257860750698
3006120,356.3052424246343
3006121,19.96049270329652
3006122,16.89197458905303
3006123,26.83601666074983
3006124,110.26925484559895
3006125,7.23346529841135
3006126,592.7262448714961
3006127,270.5993212147754
3006128,9.326181962371752
3006129,11.676255152891247
3006130,608.535883323615
3006131,77.1423664973997
3006132,8788.42120223123
3006133,49.845941398128495
3006134,43.85020690945172
3006135,5.518833453704806
3006136,1.6910291017675148
3006137,9.33299304428447
3006138,3644.3202601765843
3006139,1.8844165496540206
3006140,672.9103645398416
3006141,17.972230647640696
3006142,939.0662943464481
3006143,1206.7560046506521
3006144,210.6595842548406
3006145,241.88249170430174
3006146,256.14249989755245
3006147,39911.12407211336
3006148,29.62481789657751
3006149,4.0593720635207236
3006150,28.32787464293964
3006151,26.061770431965847
3006152,2.414070038349948
3006153,208.93201453153037
3006154,13.34049891436664
3006155,33.21712186326354
3006156,8.951100935679534
3006157,194.92916952114948
3006158,10.32886925706097
3006159,639.6012402025575
3006160,217.51615301009284
3006161,7.785521603269563
3006162,15.927284871565556
3006163,735.0637216146386
3006164,107.05491976824142
3006165,181267.38542988003
3006166,5.9408135255166155
3006167,45.27001082433819
3006168,6.07700288431292
3006169,3.0609295890166903
3006170,12.516056627221758
3006171,11319.126736489501
3006172,3.1731871053414964
3006173,773.5062336171383
3006174,22.204672049238305
3006175,1086.967031347665
3006176,1314.6394406898617
3006177,333.46741125771734
3006178,295.8812755086094
3006179,142.40771088101272
3006180,372045.2480160552
3006181,38.24103768263425
3006182,6.3115825286356815
3006183,29.035394184843817
3006184,43.08991864979234
3006185,3.8827251914619922
3006186,338.97733678965085
3006187,24.027283802133084
3006188,32.34786925810362
3006189,23.272304042616145
3006190,161.4163938137091
3006191,16.914708323360166
3006192,698.713868395167
3006193,305.527755238043
3006194,17.01062941095973
3006195,20.65388622525704
3006196,767.6548931951728
3006197,116.6794405320563
3006198,443546.84501969983
3006199,8.506633090293304
3006200,54.73636019704159
3006201,9.079016548965791
3006202,1.4938183115632568
3006203,9.073837615966772
3006204,4780.700297041802
3006205,1.5666035728957
3006206,533.1030627502795
3006207,12.985736416196252
3006208,1449.2183363723725
3006209,1014.1866777598996
3006210,629.280222630062
3006211,144.76804899871462
3006212,72.29219531337309
3006213,20672250.897290792
3006214,10.813403682257112
3006215,2.1097753654739284
3006216,34.934871825190285
3006217,34.15956635569195
3006218,1.889728415519643
3006219,398.88271218352514
3006220,8.73600799428308
3006221,8.179525953091689
3006222,11.219389934522844
3006223,54.975734709226785
3006224,3.4120613322809983
3006225,311.5956559791458
3006226,420.535103183195
3006227,7.255526806060333
3006228,6.665311089704356
3006229,437.9136433043179
3006230,93.72500049965228
3006231,2550.1099457094233
3006232,55.79445075739735
3006233,12.27385262956283
3006234,4.320279243009016
3006235,1.5407423300260248
3006236,3.9965464296154654
3006237,1550.5370136494332
3006238,1.6945383550010273
3006239,306.75201787691105
3006240,11.261454758646403
3006241,650.0221838843937
3006242,730.5743920523557
3006243,136.19038037975278
3006244,113.76219729759634
3006245,105.68333740024893
3006246,8156.866748290163
3006247,18.501388098820613
3006248,2.452077584634434
3006249,16.764535824275644
3006250,19.846089737178826
3006251,2.2542764685097216
3006252,160.9862391971045
3006253,13.056314625953023
3006254,13.309806004052355
3006255,6.631214514004821
3006256,106.79710103902738
3006257,6.229572806808445
3006258,230.78751723407234
3006259,156.15685206293813
3006260,4.684305992199432
3006261,11.173368577735644
3006262,211.73388242738676
3006263,52.83136634768843
3006264,8136.290992414226
3006265,57.432927510381354
3006266,21.151202583435598
3006267,1.7701596746714228
3006268,1.1426254082558953
3006269,4.983342796914547
3006270,1273.3710606822565
3006271,1.292024284967047
3006272,104.40960208632028
3006273,5.051089444755341
3006274,849.5327610818281
3006275,307.3029150504749
3006276,231.32729552727014
3006277,34.87032634785506
3006278,69.43613798366337
3006279,25440.144141374316
3006280,8.246687861836133
3006281,1.5846865311796137
3006282,13.017907682031787
3006283,13.036936531237755
3006284,1.5682853046162941
3006285,180.405100066588
3006286,3.4859683428707955
3006287,53.04808781841567
3006288,4.357792963893148
3006289,17.59384771963482
3006290,1.84457476584712
3006291,132.43172821702905
3006292,185.92731905733444
3006293,2.1202770301288627
3006294,4.691262307874612
3006295,121.92156500982567
3006296,25.50289207230026
3006297,375.0431508335528
3006298,64.32543624139755
3006299,2.152201950685787
3006300,9.979535242809543
3006301,2.9083617860253366
3006302,11.864434710191563
3006303,28708.384566863813
3006304,3.0160235240116853
3006305,657.8244633124604
3006306,15.794105771643117
3006307,1862.9926432925822
3006308,933.2205591413009
3006309,546.4622309911389
3006310,181.45515574986987
3006311,120.04391099307949
3006312,94923255.84113431
3006313,36.346950282722304
3006314,3.719422463420603
3006315,32.15521969627802
3006316,28.703205133606374
3006317,3.612393362052401
3006318,496.67009008887055
3006319,12.826248283745322
3006320,9.645398823015165
3006321,12.526240209964309
3006322,57.91009833210838
3006323,5.2003138634172705
3006324,596.4182545151228
3006325,418.6004932154765
3006326,7.913161095902967
3006327,18.627833623613206
3006328,374.50466842559393
3006329,94.28754505401702
3006330,3318.209755984251
3006331,60.92336568492243
3006332,17.591243684501762
3006333,7.181200953385698
3006334,1.7541499456214376
3006335,3.9822040494689936
3006336,1529.3050221697138
3006337,1.9026967324977477
3006338,183.7696621694533
3006339,9.152147452769961
3006340,1138.553883097071
3006341,535.6569821732237
3006342,199.1439594066765
3006343,60.665318379202176
3006344,75.83232245842105
3006345,37392.500393111164
3006346,12.990429524091123
3006347,2.403923993546698
3006348,18.18004227931988
3006349,23.387790874199105
3006350,2.325246424456937
3006351,190.85837431077286
3006352,8.265649390057805
3006353,71.37059204293061
3006354,14.673503263377665
3006355,60.21000062276407
3006356,2.9163005287529584
3006357,123.86896505025692
3006358,194.10391132466162
3006359,3.132050553694675
3006360,7.358244825472564
3006361,119.24929885986262
3006362,33.83455642649574
3006363,571.0858543969944
3006364,36.76285659375683
3006365,7.487090761673407
3006366,6.051857848189208
3006367,1.2009367194443825
3006368,6.678281172269887
3006369,1415.2228704718273
3006370,1.3607662718553049
3006371,126.51841359016939
3006372,9.491096960565153
3006373,888.9899591986798
3006374,363.73800036522135
3006375,180.83376029533915
3006376,42.254599432146144
3006377,66.75493757371598
3006378,22430.342591320863
3006379,16.754826725786106
3006380,1.6103842943193536
3006381,14.391903349219188
3006382,14.257863294959623
3006383,1.6619945756433028
3006384,173.6257467782613
3006385,2.996192515018497
3006386,66.49342104822301
3006387,6.394792855925848
3006388,44.64248046732133
3006389,2.1014999965631076
3006390,145.36151413795446
3006391,199.98093095210132
3006392,2.008701870435253
3006393,6.160373281547436
3006394,111.68993083342171
3006395,21.043185841094964
3006396,404.33256388454106
3006397,76.24185370959668
3006398,3.806618546310194
3006399,6.460539773233883
3006400,1.8074031147598402
3006401,8.305313855204052
3006402,1419.567810830768
3006403,1.9818611601184006
3006404,166.9154666606814
3006405,8.291394025510506
3006406,1607.5298958568017
3006407,476.9552165556937
3006408,254.6516026430856
3006409,31.328619487560776
3006410,78.43940874330094
3006411,53408.184333944766
3006412,10.930627712173912
3006413,2.5084837907445903
3006414,13.336339270705562
3006415,28.525635127450357
3006416,2.341603031431947
3006417,238.52322891792866
3006418,3.4632937691358405
3006419,68.30572312421945
3006420,6.803107840312596
3006421,28.864031484398502
3006422,3.1331133822717514
3006423,270.4511596309542
3006424,302.9153181043802
3006425,3.2571746990781527
3006426,5.523748668192036
3006427,105.24986292038722
3006428,79.81980186239488
3006429,626.3515887618751
3006430,23.900056168349153
3006431,9.885101984419892
3006432,5.595771499225783
3006433,3.4431076817593067
3006434,5.922803519101192
3006435,1625.248030440595
3006436,1.9720707013893244
3006437,158.78814575675796
3006438,5.297155294373535
3006439,938.280920171681
3006440,390.034046794004
3006441,238.63604435911535
3006442,74.75438630162526
3006443,93.77806244293856
3006444,89143.5261188416
3006445,10.54703444129172
3006446,3.3471134191249723
3006447,17.76682362726798
3006448,22.646732375909668
3006449,2.3601231964184746
3006450,215.55273208685477
3006451,10.874683212019162
3006452,68.37972154986974
3006453,7.82182275333648
3006454,30.19764590951882
3006455,3.0773356253335784
3006456,98.10889143128145
3006457,201.98595178294494
3006458,3.054476147921799
3006459,6.34888565604963
3006460,88.37823271512006
3006461,37.688182649502096
3006462,998.1201092115373
3006463,104.03779941771927
3006464,9.013498688182441
3006465,4.770822320711933
3006466,1.0905441908018174
3006467,2.5520897938974074
3006468,1262.7159614324685
3006469,1.2063011991081738
3006470,140.65560008740528
3006471,6.056888202790301
3006472,1049.4161638822259
3006473,301.5363747986007
3006474,156.00947457297335
3006475,132.34759147667376
3006476,66.41994627227437
3006477,30372.538894021116
3006478,5.934621673718219
3006479,1.4331699205528867
3006480,12.87207405398779
3006481,13.613803061964783
3006482,1.4967174983179954
3006483,173.27442724663655
3006484,1.4322569581132218
3006485,55.02514813371964
3006486,5.035761903891521
3006487,45.97981687973973
3006488,2.0656912114243626
3006489,47.41718311421522
3006490,133.71272437219508
3006491,1.9053049960891544
3006492,3.7871292075066085
3006493,53.84556023324555
3006494,30.59682511146817
3006495,712.4052696173316
3006496,52.74435635373421
3006497,1.4488887808513558
3006498,8.613273033284615
3006499,2.177308781096043
3006500,8.761034037796842
3006501,2808.648726400193
3006502,2.0225222311323465
3006503,352.2294120134453
3006504,11.655739079959602
3006505,1098.5971743489213
3006506,861.8910940933586
3006507,593.6994037775448
3006508,188.052900356451
3006509,163.40942946730542
3006510,607422.2100920776
3006511,21.2242360472506
3006512,2.738615879578029
3006513,20.932516424610608
3006514,30.528645649665748
3006515,2.47841853047892
3006516,307.648806932191
3006517,3.0130349556449643
3006518,57.768024646192735
3006519,17.269189710756976
3006520,64.36379935512505
3006521,3.9927793475353894
3006522,200.04813571223013
3006523,302.23195733652705
3006524,3.7057453779938028
3006525,10.232032094753421
3006526,387.9021696211797
3006527,55.14848422557282
3006528,1844.377731636304
3006529,74.15944820351598
3006530,16.868624613121533
3006531,5.477543005928423
3006532,1.4921335128084467
3006533,11.887794138157519
3006534,2244.1233034170714
3006535,1.616637183020606
3006536,625.0313179446216
3006537,11.45715311663176
3006538,740.382296306975
3006539,921.4679334788309
3006540,250.51083887661346
3006541,171.38771820393677
3006542,107.66913964127801
3006543,91569.88394410821
3006544,14.445494031059917
3006545,2.2516149109547783
3006546,45.83596889541418
3006547,22.104229727815778
3006548,1.9667515187861668
3006549,210.57488114005443
3006550,11.384224247559935
3006551,11.22298667471267
3006552,14.407746442039413
3006553,73.20794884045031
3006554,2.827233036989014
3006555,105.29386340890208
3006556,195.14217920809256
3006557,5.71984709609197
3006558,6.24017660054554
3006559,193.06653525927518
3006560,54.26451392302355
3006561,3342.8600898556324
3006562,110.80654303770854
3006563,19.741803762190884
3006564,8.347509247437007
3006565,2.035317241270731
3006566,8.012370446225866
3006567,2700.7309809707313
3006568,1.9444989723182071
3006569,189.23586649988005
3006570,6.870076160859372
3006571,1180.877719338085
3006572,499.9451875196315
3006573,315.5654858118791
3006574,53.588535695703484
3006575,80.06360585171143
3006576,129907.95322696884
3006577,44.86751511005136
3006578,2.690435931511939
3006579,20.620638997233772
3006580,19.3627206967284
3006581,2.332516703529147
3006582,241.09555056770546
3006583,8.436495454984586
3006584,57.75186945353782
3006585,6.546702091148258
3006586,57.73021131783223
3006587,3.526608965013997
3006588,158.07035484249946
3006589,246.20771667145644
3006590,3.015000229740762
3006591,5.82314316276233
3006592,202.14183110754036
3006593,28.00723811069727
3006594,720.2022202372018
3006595,124.1419652325615
3006596,7.601115256964912
3006597,7.275920500838168
3006598,2.846713720965749
3006599,13.48277950321636
3006600,3067.847433576871
3006601,3.0375759277454755
3006602,700.0922312077743
3006603,13.993886703275773
3006604,896.924077715335
3006605,933.4577992318268
3006606,289.78180047153757
3006607,160.88782088468966
3006608,117.74192207007789
3006609,140622.33742143374
3006610,47.90994758369867
3006611,3.961603208536859
3006612,20.810582705688404
3006613,35.85192103139621
3006614,3.652416278915612
3006615,276.8860449798475
3006616,25.97690120887144
3006617,23.578824967680024
3006618,13.14483614977582
3006619,134.83841547731373
3006620,8.557965113657549
3006621,448.1399219117937
3006622,276.1674478026037
3006623,12.812084562448213
3006624,11.639174263893766
3006625,477.8529449290153
3006626,97.98476582884686
3006627,10058.996604610793
3006628,58.604026704879296
3006629,37.36851826928937
3006630,9.768913519308247
3006631,1.7966451310457032
3006632,11.528170854366453
3006633,8741.250475413748
3006634,1.8834791158893658
3006635,588.1650858389769
3006636,12.789192982659515
3006637,2141.7195790061282
3006638,1061.0806657206933
3006639,743.3055914654943
3006640,104.34470265907169
3006641,132.13124293226446
3006642,8096580.070057273
3006643,19.361648250702654
3006644,2.3318559192897075
3006645,22.329871389637173
3006646,18.697133403448056
3006647,2.176611787478271
3006648,377.6260746671355
3006649,4.903774061708315
3006650,11.409367219791372
3006651,9.259957688176732
3006652,76.46204704709454
3006653,2.7350081361421648
3006654,367.93316299659216
3006655,418.02341893442684
3006656,6.197579213160395
3006657,6.541995323684083
3006658,364.447036356531
3006659,66.27294358076252
3006660,1568.5217507755938
3006661,107.89156245911065
3006662,18.02733502294369
3006663,13.318846836802178
3006664,1.6224427133026182
3006665,6.321684977511547
3006666,3397.7182120195084
3006667,1.5513089886985267
3006668,506.93745484591807
3006669,7.383066381038624
3006670,1710.0200704527542
3006671,769.0447000596985
3006672,366.087091670049
3006673,244.93678023754703
3006674,141.24177633787633
3006675,990317.6057446293
3006676,15.852761251894586
3006677,1.9542771094533653
3006678,38.88279960460359
3006679,40.384516148922934
3006680,1.820636217978128
3006681,358.7431147239289
3006682,5.071212781977857
3006683,8.599846351662114
3006684,13.684456193527213
3006685,117.54691013218681
3006686,2.5963054916234056
3006687,104.90659406879637
3006688,325.9010785805335
3006689,3.1019060706492514
3006690,6.478782242635159
3006691,162.58647103046204
3006692,129.89270652895897
3006693,1845.2425680832844
3006694,5.855713465857908
3006695,11.731939493258585
3006696,5.829375603621002
3006697,1.1732480356805723
3006698,3.2517124411509375
3006699,1473.8470937372822
3006700,1.2428982479492705
3006701,141.39984527937636
3006702,14.603039574176314
3006703,809.8770846720471
3006704,363.10367814330493
3006705,150.3134814109374
3006706,47.64476005108403
3006707,95.96206938655484
3006708,20278.26262758867
3006709,10.193763053220112
3006710,1.5658984980651376
3006711,23.753151652874156
3006712,20.97785357851163
3006713,1.4915194541402754
3006714,192.73009421128825
3006715,2.304181427502439
3006716,56.461246220799595
3006717,4.909064171634255
3006718,100.42454805739928
3006719,2.4273129838996352
3006720,79.54134804734637
3006721,169.61448075001212
3006722,2.1786849243971833
3006723,8.009794546381638
3006724,124.68215198285704
3006725,32.716245970588986
3006726,618.1283287326295
3006727,28.07914746548343
3006728,4.803957105778007
3006729,2.9024018407975563
3006730,1.8598648899298045
3006731,8.836832125254752
3006732,1333.3833865247507
3006733,2.061282325047368
3006734,230.9199381193245
3006735,14.504280870344566
3006736,542.101978334901
3006737,549.7023912789501
3006738,138.8790265623697
3006739,45.444626617970705
3006740,73.64767635686879
3006741,3655.1494697555127
3006742,25.89888385166904
3006743,2.4496854901224614
3006744,20.280357607729194
3006745,18.51460140471992
3006746,2.439014163547463
3006747,130.32628198643985
3006748,11.176497491990183
3006749,8.885938561833047
3006750,7.9868985502236995
3006751,77.30514289979806
3006752,5.441588924437477
3006753,452.13137239017925
3006754,165.39556585817223
3006755,6.508605220940241
3006756,6.610944041214348
3006757,237.58488778354882
3006758,34.72303282227958
3006759,1831.730063374207
3006760,74.34141992251504
3006761,8.53256073291844
3006762,5.02606365679863
3006763,3.2151056571757843
3006764,9.74951862170468
3006765,4154.6598890018295
3006766,3.4143666126779886
3006767,748.4080043740878
3006768,19.839643522452022
3006769,1050.1879898006534
3006770,1277.41179500555
3006771,339.1076773612569
3006772,202.9280542746578
3006773,160.89517440100948
3006774,81159.0256833892
3006775,33.35756953015721
3006776,4.16867247645745
3006777,27.60529524979278
3006778,40.92768848342015
3006779,4.006240421196723
3006780,292.97578865649064
3006781,17.025289064555125
3006782,40.49489370312138
3006783,16.74859716663243
3006784,132.91530299898346
3006785,13.027004934400662
3006786,391.5829733353213
3006787,304.44936762245675
3006788,19.253804161791123
3006789,12.88135152591567
3006790,534.5176442041237
3006791,107.71204965781514
3006792,47540.79885454612
3006793,56.79140454999644
3006794,23.106420352765888
3006795,5.186513972830864
3006796,1.301459673781057
3006797,6.95658988329089
3006798,1669.8848669228573
3006799,1.4215518825063813
3006800,382.49170930410463
3006801,5.201962091545677
3006802,512.106740555696
3006803,667.0982896624481
3006804,158.15843452805632
3006805,95.39013045083816
3006806,126.90101255324537
3006807,2646.6854024477575
3006808,19.698944765173927
3006809,1.8748264124428424
3006810,11.890779315632932
3006811,16.76959559539838
3006812,1.68426551548478
3006813,118.37371500154258
3006814,1.6642532851093441
3006815,26.149442861782493
3006816,6.8962895605362124
3006817,324.9018187161778
3006818,6.103253782598779
3006819,163.35108771141597
3006820,133.2951904813779
3006821,4.6971501446042545
3006822,8.004006413055063
3006823,149.41831211299836
3006824,33.81872274500302
3006825,1730.4083167441386
3006826,5.76011720688094
3006827,5.0053250114343815
3006828,4.237288199439799
3006829,0.9559278193421145
3006830,3.8687198549471633
3006831,961.3579128482891
3006832,1.0878340001362916
3006833,213.7731560860626
3006834,6.4203178581298275
3006835,507.726517540207
3006836,294.2782839374995
3006837,127.84043393909236
3006838,35.06208965230674
3006839,35.242230417183926
3006840,2285.343288698965
3006841,15.253211714783747
3006842,1.5034010548350842
3006843,13.304515459860072
3006844,11.966653197505662
3006845,1.423546101824245
3006846,104.76394861460622
3006847,1.434822738650737
3006848,11.77255620621606
3006849,4.146541515551056
3006850,38.80923553360394
3006851,1.5357954401069556
3006852,241.62044621650546
3006853,162.57756648652588
3006854,3.1860589222866995
3006855,4.765384546394726
3006856,142.86159199767113
3006857,20.179865140829815
3006858,682.9290022123295
3006859,5.4132746606076605
3006860,4.667138524651833
3006861,7.574281136810429
3006862,2.306977998593632
3006863,10.39793892361393
3006864,3359.1784243347734
3006865,2.497734851487823
3006866,645.6574266726043
3006867,23.128448201779303
3006868,906.9601769350407
3006869,1028.4634914386602
3006870,316.73992149820015
3006871,214.9794268978591
3006872,158.50317071401722
3006873,68780.03672018462
3006874,25.24266177632161
3006875,4.014062809986754
3006876,25.404332723093862
3006877,38.86103733167256
3006878,2.9942371138149397
3006879,249.7098219315363
3006880,8.483515024973844
3006881,40.67457254250141
3006882,11.129227465404501
3006883,258.76650432427175
3006884,5.487520156021807
3006885,268.88940669239923
3006886,254.3000601932799
3006887,12.838044066466393
3006888,12.386516384636204
3006889,387.55305195321563
3006890,71.70595893594657
3006891,11432.11151117601
3006892,7.556383629887181
3006893,15.368009770685305
3006894,8.874720769849672
3006895,2.283409344635348
3006896,7.951969887734603
3006897,9961.769716372964
3006898,2.446889926998389
3006899,743.9949525600294
3006900,18.955255789298946
3006901,1330.61068541852
3006902,1330.1358186635669
3006903,415.70186485777253
3006904,239.67249759046734
3006905,116.24370701995159
3006906,3337569.2175257374
3006907,14.561798768216757
3006908,3.2111574957800255
3006909,33.484580508013465
3006910,26.891597997771598
3006911,3.124676401954077
3006912,298.37122631277776
3006913,2.9036062578118207
3006914,11.542109298670573
3006915,9.181580072012013
3006916,83.06344488497705
3006917,3.58907281126963
3006918,184.87571680053375
3006919,325.99695056649364
3006920,7.492574500358646
3006921,7.914497807642544
3006922,227.88158954046943
3006923,71.10178591040392
3006924,3346.7860010994395
3006925,8.658972781313635
3006926,10.011269659655966
3006927,8.85280365869025
3006928,2.407788243574233
3006929,5.623524538354597
3006930,5826.889211446429
3006931,2.39520595303082
3006932,725.8236274747816
3006933,13.547181698942108
3006934,1073.6206636055326
3006935,1142.2124274164926
3006936,311.2481302616223
3006937,200.5311359025958
3006938,139.99209799982427
3006939,1880753.8832767212
3006940,20.83928771376017
3006941,3.176713303446043
3006942,26.281131757790725
3006943,25.849442664146583
3006944,2.8439454718831465
3006945,264.6155156918631
3006946,2.8378880580421892
3006947,10.749257260440082
3006948,9.175512183846937
3006949,155.81798469962453
3006950,3.5639451858323308
3006951,107.16244275643487
3006952,291.9870610321898
3006953,7.16321972962788
3006954,6.540763138581196
3006955,177.42609193645887
3006956,58.79139060035658
3006957,2886.080916474353
3006958,8.312014415898695
3006959,13.437324884677103
3006960,16.873127403286553
3006961,6.259431067074881
3006962,19.057604036158484
3006963,2269761.8746464313
3006964,6.122730624143937
3006965,1085.782449458532
3006966,47.032825685092234
3006967,2076.930585107555
3006968,2532.896859920658
3006969,492.30487670009603
3006970,507.3690204984331
3006971,402.5997968191577
3006972,36276136.83973444
3006973,83.09898917688494
3006974,8.595216091364755
3006975,48.44831206091506
3006976,65.67635924378256
3006977,7.639909345844149
3006978,658.5312050515417
3006979,45.26107288473361
3006980,58.01880642693274
3006981,35.86076720988477
3006982,298.0023727571702
3006983,29.2986112115977
3006984,742.9004330478178
3006985,681.39158576366
3006986,26.666493212931144
3006987,30.99478197726089
3006988,1032.6023021990993
3006989,238.7940816463484
3006990,10632544.814080523
3006991,13.760560542090642
3006992,82.49503056806569
3006993,4.551147090415457
3006994,1.256199599261459
3006995,2.4699950463417943
3006996,1398.9838800411806
3006997,1.2475736081352593
3006998,175.9876680278413
3006999,6.350506782715643
3007000,847.2112995316199
3007001,329.1045581443625
3007002,126.76441445802877
3007003,118.9582586438685
3007004,79.01020140311086
3007005,10924.187374093368
3007006,5.719403263090215
3007007,1.4838026589171438
3007008,10.706700531882673
3007009,13.497592952103776
3007010,1.5566170880473233
3007011,156.1758490449672
3007012,1.6329000383962837
3007013,66.11453572168125
3007014,6.547034070213072
3007015,46.14131694140988
3007016,1.779499644312068
3007017,54.27257623299879
3007018,114.8956605389039
3007019,2.6693145346166665
3007020,5.834852699253956
3007021,90.38537074986534
3007022,21.2303145441377
3007023,696.2335069756664
3007024,5.689007816516571
3007025,6.946112162268613
3007026,10.857418393267983
3007027,1.8949062980079376
3007028,5.365711228877513
3007029,4698.231759935181
3007030,1.9509150198783036
3007031,608.564116935568
3007032,12.197388737506367
3007033,1456.2688157374141
3007034,875.6725478027677
3007035,269.6533283950374
3007036,266.41457934792226
3007037,127.48471135519009
3007038,1828415.633970049
3007039,14.957813866601857
3007040,2.3832644788956463
3007041,25.019564460488034
3007042,25.94116533059307
3007043,2.2883289837131064
3007044,321.60895506994865
3007045,3.6498954359828364
3007046,9.087214735585809
3007047,14.456306197451024
3007048,33.01352062665482
3007049,3.020579112683175
3007050,371.44858311940146
3007051,329.9249011930199
3007052,5.561751991438177
3007053,9.99925589946866
3007054,121.73781670917789
3007055,60.719375211719594
3007056,2205.9217990701486
3007057,7.045665660261105
3007058,10.88876724917855
3007059,1.7876727330814948
3007060,0.9594510429396912
3007061,2.457506090435898
3007062,994.2907866070086
3007063,1.104316680590308
3007064,120.04851219350122
3007065,3.1152928337019414
3007066,1006.1269685970403
3007067,210.05979290995325
3007068,80.7999363304178
3007069,136.4955167907905
3007070,26.26518448965453
3007071,4857.986376967159
3007072,3.1193146850707003
3007073,1.30258486835892
3007074,11.717244216470265
3007075,7.405645351430251
3007076,1.3130118501391939
3007077,105.59085719995603
3007078,1.3144164494169392
3007079,55.32047266291146
3007080,3.6966393245501568
3007081,36.18332725820271
3007082,1.481897170266143
3007083,64.25078235286739
3007084,92.15202265547383
3007085,1.703384274078271
3007086,1.9603291953597333
3007087,52.10714246647062
3007088,11.672587829095667
3007089,351.3057899486545
3007090,47.88838054713997
3007091,2.9380374165215457
3007092,9.812622554361322
3007093,1.2501343552777007
3007094,4.155616851715308
3007095,1921.6909795775907
3007096,1.3531290658510913
3007097,231.08393296623456
3007098,7.808099834034202
3007099,994.5139527337287
3007100,569.3400812939308
3007101,191.89884488495147
3007102,155.53476745855647
3007103,122.1551239263066
3007104,79854.4131846646
3007105,6.35063661869532
3007106,1.7902884366644383
3007107,26.1204358678104
3007108,21.667145074364125
3007109,1.6574943546437666
3007110,250.9720586864443
3007111,1.6019539733214165
3007112,69.67961322710987
3007113,14.814874701344847
3007114,53.5787077829534
3007115,2.240076365892129
3007116,249.55906533721222
3007117,241.15111114807453
3007118,2.974206546655415
3007119,5.336286170454654
3007120,179.2225824621706
3007121,25.351535404290573
3007122,1730.9514147998245
3007123,30.043110988902264
3007124,2.835822962119198
3007125,3.8991989558657005
3007126,2.511850583329955
3007127,5.217522685397684
3007128,2743.346276712884
3007129,2.609805728371127
3007130,725.7036792605452
3007131,8.744185900238529
3007132,941.403651909503
3007133,858.6006606380299
3007134,241.35973393692836
3007135,102.9337032885328
3007136,103.58466081077572
3007137,471500.4471169676
3007138,7.98393296588278
3007139,5.883963685906207
3007140,34.1091956407916
3007141,43.27970492635317
3007142,3.151264439156596
3007143,222.25422771550222
3007144,5.200520306241085
3007145,12.445535200703432
3007146,8.878262132081849
3007147,56.65219562080123
3007148,4.635560013020963
3007149,155.96333300920017
3007150,257.4136885294211
3007151,5.893642067690196
3007152,8.924205481422039
3007153,122.92480498323972
3007154,32.466798491315394
3007155,1150.869509448686
3007156,9.791601917456086
3007157,8.881772974101336
3007158,4.344587858780565
3007159,0.9270681547563068
3007160,2.8004715895881263
3007161,1492.3663280360415
3007162,1.0530060846348888
3007163,103.34297682092541
3007164,3.8619786101380695
3007165,577.9324768763461
3007166,205.16690756200083
3007167,100.07681080037891
3007168,141.02150381762678
3007169,83.67126908286194
3007170,15880.097597144524
3007171,7.815467288386399
3007172,1.2823532943942828
3007173,10.682273016460707
3007174,15.05216996691892
3007175,1.3016663471259928
3007176,111.44250643799755
3007177,1.2491730997493669
3007178,55.241979007943534
3007179,3.607121943224343
3007180,58.85714099204479
3007181,1.5076928344048095
3007182,155.01129599600952
3007183,125.22742037750795
3007184,1.6774931458370403
3007185,1.739548989887949
3007186,44.71990943625035
3007187,16.584011142939637
3007188,525.6418173980364
3007189,7.7673798773461815
3007190,1.6105685150281013
3007191,5.741245664281372
3007192,2.138940773906893
3007193,4.052484062623828
3007194,3475.216521343067
3007195,2.2921978806974606
3007196,564.5223985878764
3007197,11.037097034673083
3007198,936.6923644656684
3007199,782.2393569646579
3007200,213.16462540372694
3007201,122.14660494252571
3007202,143.24747901239468
3007203,553180.9838143123
3007204,9.230494504753604
3007205,2.6657174981137888
3007206,22.937783278182785
3007207,15.6973074167962
3007208,2.748369573395566
3007209,205.34993677345508
3007210,2.726516455469215
3007211,28.880383413032725
3007212,6.721840111627463
3007213,71.7713443353144
3007214,3.125723845612203
3007215,193.44334583822535
3007216,252.25194457957153
3007217,3.631020592733589
3007218,6.206255791305363
3007219,106.13141081158743
3007220,40.992700888228015
3007221,2232.235698019535
3007222,7.310422967090783
3007223,3.943506320223279
3007224,5.237252649877268
3007225,2.293581545314478
3007226,14.327857743215231
3007227,2278.8466113732447
3007228,2.4409987028244986
3007229,531.9136880229763
3007230,10.780948207456191
3007231,908.9316185536757
3007232,880.8792835479651
3007233,182.10384768784013
3007234,120.55579655005067
3007235,109.4353704427204
3007236,57549.5543757789
3007237,47.11993345266516
3007238,3.773542166113339
3007239,26.200619840611502
3007240,27.231129606597822
3007241,2.9299309328208496
3007242,265.0317134440439
3007243,22.59911910557411
3007244,25.56966422731473
3007245,6.623077968028969
3007246,134.4914429344403
3007247,8.530100216947167
3007248,197.99366775464722
3007249,250.0963930824731
3007250,14.870285614143924
3007251,16.17493532606154
3007252,242.90642724560178
3007253,53.82456268367465
3007254,8579.842633137134
3007255,36.52985828877067
3007256,13.466770130451732
3007257,7.8788013658500775
3007258,2.410658938486227
3007259,15.30008962980505
3007260,4874.680242331226
3007261,2.6109042028037717
3007262,526.1158361936299
3007263,14.3406763351516
3007264,1225.6992368332126
3007265,900.4389392756223
3007266,194.23477944991248
3007267,99.0100938991835
3007268,106.80118352741128
3007269,104872.93293440438
3007270,28.561158585456173
3007271,3.5861453979745983
3007272,39.82359114387528
3007273,63.558891049396884
3007274,3.016512028634712
3007275,437.47500186827864
3007276,26.721498559571394
3007277,22.500547272360166
3007278,13.13375796450951
3007279,128.41086063902515
3007280,11.944618923258542
3007281,141.6576188460177
3007282,548.7335121841083
3007283,8.510555730191701
3007284,13.923743734243859
3007285,135.59409297926177
3007286,75.67488432157575
3007287,4419.240315727871
3007288,8.912097181768281
3007289,19.567328834872647
3007290,13.7668758977864
3007291,1.9665987431176777
3007292,6.555299593626484
3007293,5777.1379455903425
3007294,2.025590867082738
3007295,723.4389889052815
3007296,8.089996854582509
3007297,2259.6891125190996
3007298,938.4970079823318
3007299,226.7497989612812
3007300,347.4357782823579
3007301,122.87737739643357
3007302,3275259.722231614
3007303,33.910397343035804
3007304,3.1003018416763104
3007305,24.77962208052097
3007306,22.864925501896984
3007307,2.3614127562857252
3007308,313.3795154166683
3007309,5.529519375482483
3007310,17.760956852739103
3007311,19.202208025898425
3007312,88.16318658556092
3007313,3.7001171084548856
3007314,149.0839568442554
3007315,326.3762049494798
3007316,10.027658677986281
3007317,10.79530393989743
3007318,211.04654211247126
3007319,54.26383587570478
3007320,2989.728694509943
3007321,25.402654519840603
3007322,20.013319212430385
3007323,5.470103146918031
3007324,2.5472448339610705
3007325,8.487079787980406
3007326,2299.728081808686
3007327,2.4947982694343525
3007328,386.1025315041902
3007329,7.682303511490803
3007330,833.7758689266774
3007331,858.8995229225052
3007332,281.6754347516168
3007333,137.60186533832265
3007334,99.07954436924936
3007335,29585.14776194405
3007336,26.91564274393675
3007337,3.398141013377863
3007338,16.41314889696149
3007339,19.790089804604797
3007340,2.934018698560787
3007341,276.5787641805462
3007342,24.2684820141384
3007343,24.267755368548112
3007344,5.879609255733225
3007345,136.26967578323678
3007346,7.096610796053657
3007347,348.9248533242553
3007348,268.7783763569196
3007349,9.60386001498666
3007350,9.907170311601243
3007351,374.61390831171
3007352,42.29205613501677
3007353,6154.011372111849
3007354,55.66157206203195
3007355,24.891094239793283
3007356,4.454913954388257
3007357,1.898423667903621
3007358,7.662457774515405
3007359,8463.823214938457
3007360,1.979268271855669
3007361,461.845828948533
3007362,9.872129832136386
3007363,2193.7925475168904
3007364,756.6661390208463
3007365,283.00012896586827
3007366,167.42527540449018
3007367,119.559277840787
3007368,3262198.9814300933
3007369,10.955864685646802
3007370,3.303198593448621
3007371,30.26570791871194
3007372,29.072391383526593
3007373,2.344258751847125
3007374,528.1676505734674
3007375,2.276169569013877
3007376,7.39830856828883
3007377,11.344807209396832
3007378,90.76912868705622
3007379,3.0047314149021576
3007380,119.25365074872079
3007381,388.57669150591283
3007382,5.711457155834751
3007383,11.733914860766308
3007384,164.60281444382653
3007385,59.46780665751954
3007386,1670.7519995848438
3007387,31.009479832979405
3007388,9.470882493338316
3007389,7.434021977066836
3007390,1.722873203815178
3007391,11.03569461844181
3007392,2521.487815366535
3007393,1.8778868652442182
3007394,539.5060696478076
3007395,10.598502670271818
3007396,1000.3263556589894
3007397,822.9085804796376
3007398,252.21838648580083
3007399,121.70764345172708
3007400,146.2254687874699
3007401,42637.688500321165
3007402,43.05597712737097
3007403,2.6150064505101778
3007404,27.936996069124532
3007405,34.994114215373784
3007406,2.1901057810668147
3007407,263.1570158855607
3007408,15.844488004428472
3007409,22.8789163891204
3007410,9.877976090475057
3007411,228.1168206653177
3007412,10.643190840317335
3007413,192.4057224223407
3007414,553.4281064992067
3007415,14.373760885615846
3007416,10.451983924574415
3007417,179.46643467556726
3007418,48.58145094269645
3007419,3409.4846734438806
3007420,6.125799325899273
3007421,8.164699349387925
3007422,5.089010940623476
3007423,2.082746146766879
3007424,12.504337989196584
3007425,2287.6540935987687
3007426,2.195364550865084
3007427,535.6990463352056
3007428,11.878915087425561
3007429,794.5489140668661
3007430,880.8456128927152
3007431,205.86998564368008
3007432,129.28554798297066
3007433,121.38827006429939
3007434,20440.793949810428
3007435,31.566146560038252
3007436,2.759194553516809
3007437,28.430950034978345
3007438,23.569820961779758
3007439,2.5242548121244255
3007440,236.26488787295148
3007441,19.292054694870185
3007442,39.8186444116834
3007443,12.660682619973512
3007444,102.76552920058522
3007445,9.86200468069092
3007446,229.0907050416348
3007447,225.99330135139624
3007448,11.147398592954511
3007449,8.708460738468562
3007450,221.4134898983562
3007451,52.67833489822972
3007452,5928.766911188572
3007453,7.909196436991596
3007454,17.150683634296122
3007455,7.94020841993137
3007456,2.5327975397517366
3007457,7.074070693569407
3007458,11800.277691957257
3007459,2.638251216048081
3007460,622.4906733369548
3007461,15.458867487810972
3007462,1251.887132797281
3007463,902.005391720865
3007464,300.63737236525947
3007465,171.92084496989006
3007466,101.72158766879967
3007467,887021.7553731154
3007468,9.134001114570301
3007469,3.0253302588119277
3007470,19.66385600819732
3007471,23.00048873377283
3007472,3.093807017925225
3007473,267.8324413208976
3007474,3.114060981632674
3007475,16.292912878703902
3007476,6.031564749624138
3007477,129.10978115583666
3007478,4.680224889597824
3007479,158.90380192993976
3007480,328.85759925888846
3007481,5.752811771848208
3007482,4.492891985727892
3007483,190.36350287879984
3007484,101.65458041475277
3007485,1924.2711533515903
3007486,8.071042539078055
3007487,3.2207042096374687
3007488,20.535486613799197
3007489,5.612757500777107
3007490,20.835968931289695
3007491,75561189.97016436
3007492,5.97629183125194
3007493,1492.0677491509275
3007494,35.34644395035801
3007495,3088.6352889005616
3007496,4057.489714268924
3007497,834.939912268647
3007498,636.9324030486381
3007499,495.91972156438334
3007500,2748911320.128158
3007501,82.93838076537797
3007502,10.21831543999161
3007503,135.25626602654756
3007504,140.4472485390006
3007505,7.334182486628465
3007506,928.8416776208551
3007507,85.40235743515731
3007508,34.13620975235785
3007509,75.32239239711731
3007510,469.28664415280736
3007511,25.709089920768637
3007512,910.6542178672069
3007513,790.757410879411
3007514,54.29578973392499
3007515,43.624621113031246
3007516,1122.4686445384266
3007517,268.86948249008265
3007518,187989751.70311266
3007519,414.4834034798645
3007520,102.89658968015277
3007521,17.013401693665962
3007522,4.34025976972256
3007523,18.892904070426738
3007524,9901037.44340859
3007525,4.641255478058688
3007526,1119.5574622069223
3007527,31.986304342987417
3007528,2895.5825524516204
3007529,2600.3226284713164
3007530,871.9559119399149
3007531,383.1255692828351
3007532,368.41498264077325
3007533,3578185934.571453
3007534,149.63425399295184
3007535,5.792194725741686
3007536,67.94963837976866
3007537,95.26645707270939
3007538,5.836503368887964
3007539,781.8326453881389
3007540,72.60345784969941
3007541,42.4316498204543
3007542,19.21079729964061
3007543,294.9499477078526
3007544,20.15198797903198
3007545,1116.0672780487723
3007546,844.4528794044229
3007547,28.40073230275976
3007548,38.42318008146571
3007549,1156.0512033889008
3007550,242.19573927415206
3007551,2331907.3894668478
3007552,364.54900669831426
3007553,87.10318630653724
3007554,17.18296298767141
3007555,3.975292639777968
3007556,24.101516619576437
3007557,236374.1435751228
3007558,4.309632223055716
3007559,964.4394453743876
3007560,22.81969449216167
3007561,2994.1081157214953
3007562,1826.3649867297004
3007563,1053.140187849553
3007564,171.41980815121397
3007565,271.50205645278294
3007566,2413533998.3567605
3007567,46.42715839880618
3007568,5.728144913139784
3007569,40.236893848340046
3007570,36.34173039208344
3007571,5.110548936141916
3007572,800.6482039325005
3007573,74.27784218856317
3007574,33.909237632455685
3007575,17.031644073633142
3007576,186.12428224290957
3007577,12.000618061064554
3007578,918.8852278187551
3007579,870.358321862161
3007580,29.897379561485547
3007581,52.254492677608326
3007582,811.0699110344012
3007583,146.43456352556294
3007584,31453.246459285165
3007585,312.69733628666245
3007586,51.15426817551679
3007587,20.296862249763198
3007588,4.591811681098822
3007589,25.002222546506772
3007590,6814200.143991364
3007591,4.920251694870605
3007592,1032.2221521506963
3007593,30.475108531349633
3007594,2484.532664732004
3007595,2480.2160167133093
3007596,872.0468961044812
3007597,371.08081969760417
3007598,291.1968171466913
3007599,2522568218.831476
3007600,57.57775814795764
3007601,6.740986449679191
3007602,58.689440483188264
3007603,101.95066708309231
3007604,5.932698957571869
3007605,810.4821205797919
3007606,74.91291547048125
3007607,35.54971567839138
3007608,36.23594091037334
3007609,291.1640446062625
3007610,17.489264975129743
3007611,875.8843595513491
3007612,877.5688810357228
3007613,30.704354958861714
3007614,37.2354778983819
3007615,1034.9365122751055
3007616,228.11875784603757
3007617,855484.1254261237
3007618,336.3187335752462
3007619,67.03006909297466
3007620,17.746009334894623
3007621,3.1746332773399635
3007622,22.93995523906188
3007623,33358.41156594813
3007624,3.4163049608725453
3007625,823.7336916117921
3007626,22.804374832900482
3007627,2150.094696684287
3007628,1414.206695601019
3007629,780.0065071065864
3007630,134.722523489674
3007631,185.38371574821812
3007632,223930814.30374637
3007633,52.12504609030205
3007634,3.993652273065929
3007635,35.05769906011645
3007636,78.89345217584015
3007637,4.085272387620645
3007638,697.9616310666602
3007639,68.49349787818419
3007640,15.647711918769291
3007641,16.152072697075756
3007642,156.70958223321716
3007643,8.219029065892054
3007644,830.6929501924576
3007645,819.2919312504957
3007646,19.398510198163017
3007647,32.16392058009613
3007648,836.9606445934157
3007649,89.5519458712475
3007650,7964.150267270275
3007651,212.8289079483086
3007652,20.200690546392945
3007653,13.609359439787712
3007654,2.4120135474650914
3007655,17.6677100288648
3007656,110910.27431411829
3007657,2.639430744171103
3007658,1004.7628316570992
3007659,23.85981540460137
3007660,1547.455929519821
3007661,1949.9064632462782
3007662,564.1462880106053
3007663,437.60595692964705
3007664,356.31262173281795
3007665,15935173.249425882
3007666,61.753247474602816
3007667,4.358627664744311
3007668,54.29577302264366
3007669,90.40992999845807
3007670,3.364716995443512
3007671,571.3135913018835
3007672,26.164901464457603
3007673,34.221227532732634
3007674,19.89394420359358
3007675,328.40032943062084
3007676,16.72484739198914
3007677,727.5042344339857
3007678,579.0199893131335
3007679,23.436852504804186
3007680,35.44914162935481
3007681,884.1261786192835
3007682,210.98595191297076
3007683,4360329.565417866
3007684,200.2364504963437
3007685,68.68021926751983
3007686,6.16733762055229
3007687,2.658573731169788
3007688,12.873758151901933
3007689,1542.9757374557707
3007690,2.2152368512628433
3007691,309.6215216667725
3007692,22.88722455787655
3007693,935.7643057627145
3007694,613.5357482364076
3007695,242.18966506721077
3007696,67.7834505240124
3007697,100.12163632982514
3007698,16993.772655798115
3007699,54.87567292003916
3007700,2.8586791746877314
3007701,31.558886551729984
3007702,25.239044954656094
3007703,2.6846446047355874
3007704,231.24652622989993
3007705,13.34441189600075
3007706,14.814388727816327
3007707,13.95389306523905
3007708,79.46679304876547
3007709,6.922368655188951
3007710,201.0367913551467
3007711,266.08504990837275
3007712,4.687465945347275
3007713,8.552502657456973
3007714,194.45815677739984
3007715,46.81619523528521
3007716,2142.8246702418783
3007717,6.8265498557689295
3007718,10.07657872746283
3007719,12.814265242088643
3007720,2.476120930404371
3007721,19.686329287971013
3007722,13038.517085857447
3007723,2.717317417611782
3007724,645.4866472652354
3007725,32.04573213774086
3007726,1604.433838000919
3007727,1236.3080600749338
3007728,618.5912067428044
3007729,117.26580009411835
3007730,158.80539014248095
3007731,5340880.242136256
3007732,109.4796303793818
3007733,3.52996817207699
3007734,55.249250887257254
3007735,56.597926373898034
3007736,3.307717257855766
3007737,565.8610510716038
3007738,33.558514477339244
3007739,14.451503231860112
3007740,6.596340647837769
3007741,181.74136014745628
3007742,10.948369105026014
3007743,550.6429369929579
3007744,653.031191332921
3007745,16.77326082826865
3007746,29.66189339070288
3007747,414.2303534558733
3007748,81.98247706326619
3007749,8139.53466506294
3007750,203.92120941452686
3007751,24.778136085968566
3007752,8.51755469947691
3007753,1.6292184934311384
3007754,12.798425588115382
3007755,6278.849864431482
3007756,1.850216773739065
3007757,830.3460857262271
3007758,11.010917211801571
3007759,1243.9838138141924
3007760,1404.4498517250397
3007761,294.40602820110223
3007762,309.715992664516
3007763,300.42639102642806
3007764,194464.47688896168
3007765,35.35522011734651
3007766,2.426135847351178
3007767,33.801460746557254
3007768,38.58412137666868
3007769,2.3371762621540544
3007770,354.20225002840505
3007771,3.1803566737536046
3007772,44.09930570866573
3007773,11.513742085606628
3007774,219.62088686914873
3007775,11.537045649018143
3007776,571.612078199645
3007777,313.46008581693127
3007778,24.418226013213353
3007779,13.883298722088126
3007780,678.8382775088629
3007781,113.39445564583967
3007782,224592.8489387139
3007783,9.677188654845956
3007784,40.28208502904855
3007785,13.766069319206462
3007786,2.1125116328998494
3007787,16.519838200379372
3007788,5300.012250553011
3007789,2.2915352359477597
3007790,793.6984899970455
3007791,13.4084711930026
3007792,1461.2322913937269
3007793,1133.4277655020783
3007794,449.8647837851184
3007795,208.23908318239287
3007796,340.8213981489756
3007797,1133550.68666945
3007798,52.17097247806612
3007799,4.737028441326959
3007800,51.97303291425546
3007801,43.020056780971416
3007802,2.744806206014216
3007803,428.57905641182214
3007804,12.100133563726654
3007805,61.93555643566828
3007806,11.449862252822644
3007807,308.83948039420824
3007808,10.872430832622952
3007809,469.0949597856577
3007810,420.56817986552295
3007811,18.314563366543325
3007812,25.962702177070206
3007813,474.37776323595466
3007814,111.19586751963254
3007815,53547.92935375574
3007816,9.52445427490026
3007817,11.775060635845369
3007818,9.69436493331566
3007819,1.5440576046692565
3007820,5.6712569478991695
3007821,1791.6838973195759
3007822,1.6907239577557465
3007823,537.0569867922705
3007824,10.072906643734921
3007825,982.1274513021793
3007826,618.732344677424
3007827,306.60540580743276
3007828,87.59015060292363
3007829,175.74404978525772
3007830,19331.427031671017
3007831,18.635285320594907
3007832,2.3473618115493053
3007833,27.768720251398168
3007834,30.433519586253453
3007835,1.9802891121080424
3007836,262.71207903193357
3007837,4.373414183054179
3007838,18.440862118901283
3007839,10.191359816288566
3007840,157.606381140492
3007841,3.3879445621884337
3007842,280.4482463928492
3007843,272.8494146121012
3007844,6.66186627771482
3007845,7.086012004342949
3007846,187.17903070858907
3007847,57.77958319053944
3007848,3175.670095142328
3007849,6.460093438254676
3007850,3.9368926734583223
3007851,6.654016637215925
3007852,1.2325329878720033
3007853,3.2519083102400166
3007854,3567.6538292722807
3007855,1.3880601696073636
3007856,211.1058497789297
3007857,5.674897539449836
3007858,1208.0032216158052
3007859,286.8183807775448
3007860,210.62626212160967
3007861,53.10674647834502
3007862,70.12670456319891
3007863,48297.41547190978
3007864,7.150979634381173
3007865,1.7851682754160787
3007866,23.458914825536997
3007867,14.222077811454422
3007868,1.6075080868162503
3007869,242.4160781133535
3007870,1.6131348444640707
3007871,69.62907464417346
3007872,6.075087169306251
3007873,26.717253305000163
3007874,2.166515522699982
3007875,44.79560343505471
3007876,200.13173270560762
3007877,1.7999313776282313
3007878,4.0759801958641795
3007879,54.29201830392482
3007880,64.2723861016049
3007881,783.0080541459733
3007882,53.05293607276652
3007883,5.610192123798625
3007884,7.9024412985846
3007885,2.7082257990473066
3007886,11.251813505930116
3007887,4860.192369909965
3007888,2.952859183833932
3007889,587.1360790903277
3007890,17.897459763381157
3007891,1197.8395629782433
3007892,1061.866250593308
3007893,427.14687021389227
3007894,169.62587766342253
3007895,169.16822818682624
3007896,415654.2123847662
3007897,36.43075379657521
3007898,3.683059636258949
3007899,33.94861968745395
3007900,52.11975068769799
3007901,3.3988660044442467
3007902,397.29483482598147
3007903,27.136594566330647
3007904,21.05909652294013
3007905,28.813430276189678
3007906,146.80280573885582
3007907,9.140494282485003
3007908,458.7313795394196
3007909,339.9921931206297
3007910,12.646264254789141
3007911,15.219378613008205
3007912,533.7269015560473
3007913,92.69160849181503
3007914,7585.770857115855
3007915,59.857987526662455
3007916,34.03849982923394
3007917,6.685314178484425
3007918,2.573896675101998
3007919,10.436192115526664
3007920,3554.5276751037873
3007921,2.7989627490652405
3007922,652.9693582056622
3007923,22.705156937017627
3007924,883.0096912261342
3007925,1140.0035823934609
3007926,208.74608477620345
3007927,216.16565752992625
3007928,248.65712398119825
3007929,39035.97370435001
3007930,32.93346562428783
3007931,4.881593105799411
3007932,31.733131897556618
3007933,33.335675109262496
3007934,3.485875086254626
3007935,215.81037616967376
3007936,14.131076214997034
3007937,43.1021728903211
3007938,16.346222358873398
3007939,252.3505225738008
3007940,11.245733384992807
3007941,427.2706494722215
3007942,223.8520728371757
3007943,9.061245281432685
3007944,19.27064293760212
3007945,565.986853540811
3007946,122.84262924530883
3007947,110811.46226443825
3007948,7.849268080771463
3007949,32.95074518936129
3007950,7.824310290687583
3007951,4.264657906177553
3007952,18.001823336690638
3007953,17481.618711601306
3007954,4.480414099126259
3007955,815.1845051964115
3007956,23.697695851537922
3007957,1187.935447321287
3007958,1553.0404517928373
3007959,350.81021364444655
3007960,333.5636471684835
3007961,159.41762549552158
3007962,500239.53764938674
3007963,41.34090458363305
3007964,8.037094817466395
3007965,41.099078948224836
3007966,53.36355812242477
3007967,5.520133222766319
3007968,412.62565763167925
3007969,33.81922483582173
3007970,41.06815812739701
3007971,29.7881455006247
3007972,187.27032764577294
3007973,18.189780059319517
3007974,479.8434450744415
3007975,372.8697565679404
3007976,21.923970141162
3007977,25.373710790929234
3007978,636.5898654389731
3007979,146.35926272313955
3007980,320893.5009534133
3007981,10.512791872729267
3007982,42.075143461412246
3007983,14.627964573055966
3007984,2.309170164590851
3007985,11.00680886094075
3007986,7505.836863291115
3007987,2.385095990954278
3007988,589.0522051084436
3007989,18.440322856595316
3007990,1765.1074375981266
3007991,1162.1027138465633
3007992,638.0748722953682
3007993,191.61834670883547
3007994,129.09289619262753
3007995,43693886.12608949
3007996,19.21085643951536
3007997,3.5661541188424417
3007998,46.54552193261318
3007999,43.477234935002826
3008000,2.8090069885010096
3008001,484.9169236883362
3008002,11.560626695030908
3008003,11.637617986966855
3008004,13.889726336660857
3008005,83.4701735787207
3008006,4.694964113704128
3008007,376.32652907862104
3008008,534.2187139588103
3008009,10.829416653368662
3008010,9.75707993941879
3008011,412.5131845988293
3008012,105.41469102670514
3008013,3283.4293025239162
3008014,57.00546031042348
3008015,21.849743207086682
3008016,4.7592891465147815
3008017,1.536558274339726
3008018,4.528801567193986
3008019,1061.037948438705
3008020,1.6848058540741897
3008021,208.0148500847452
3008022,7.061949547401664
3008023,391.4115230569942
3008024,562.5701281746196
3008025,116.56894882174518
3008026,73.89347866474522
3008027,55.28824659657982
3008028,5761.286553062118
3008029,14.304780414786995
3008030,2.464226351836441
3008031,11.621024914374388
3008032,18.836659753761857
3008033,2.2079817149478878
3008034,132.65771080800957
3008035,9.898824838821508
3008036,14.822489917678146
3008037,4.414749717680069
3008038,83.54349991613785
3008039,4.2247186976040885
3008040,164.46481380851992
3008041,106.42180266639608
3008042,5.643980377754653
3008043,5.722963516708619
3008044,160.27078611567742
3008045,45.896082448082964
3008046,6231.141826908424
3008047,57.51375505373727
3008048,16.633829774698413
3008049,2.3961904796319846
3008050,1.2337488000453893
3008051,3.8756557856762557
3008052,1259.3247696296949
3008053,1.3833928093136572
3008054,127.51584968791512
3008055,4.549098919969227
3008056,773.2366406687927
3008057,324.3155437201571
3008058,234.9290284494265
3008059,44.67096624332395
3008060,31.32183896566811
3008061,28233.084200082936
3008062,10.947178408731238
3008063,1.6734674154408122
3008064,10.568777817954592
3008065,11.774703334515007
3008066,1.682128343972223
3008067,193.19616215851562
3008068,3.1952584006845415
3008069,53.13968999096031
3008070,4.699603754167022
3008071,13.404379738329963
3008072,1.939416034265568
3008073,143.5214295440434
3008074,196.02521383838024
3008075,2.148065933942698
3008076,5.669041709595182
3008077,149.6680864753595
3008078,22.252952350181122
3008079,401.1011836243159
3008080,64.39030657227849
3008081,1.9732871557660168
3008082,9.913107793249955
3008083,2.9990738700347577
3008084,8.242949257320404
3008085,42842.66237480335
3008086,3.1130037550497414
3008087,823.4007293013685
3008088,13.581654437402966
3008089,2035.6682397937793
3008090,1033.7094200127538
3008091,643.2366698073904
3008092,212.99857926764935
3008093,97.69643479881289
3008094,141464397.7379924
3008095,36.764779993921216
3008096,3.9253866055486863
3008097,33.53161757386639
3008098,27.198389272229377
3008099,3.7228179806670534
3008100,533.8118549582466
3008101,11.46993044218174
3008102,9.802821394545791
3008103,12.14606690361575
3008104,42.934832751302295
3008105,5.190146736647703
3008106,561.429229574156
3008107,479.6336356999758
3008108,6.424776917592624
3008109,16.545365143698312
3008110,396.79705855417524
3008111,75.29217729687153
3008112,3448.6419586169923
3008113,99.29328615351345
3008114,13.180632745283367
3008115,7.333304299763044
3008116,1.8447553566829362
3008117,3.785471707750175
3008118,1539.4584463760903
3008119,1.9989090503452236
3008120,207.2327602059635
3008121,11.98487936601666
3008122,1059.1994071594684
3008123,531.1378131722843
3008124,205.38867725712578
3008125,63.30167848591337
3008126,33.41862601892805
3008127,36324.88501461828
3008128,16.959498772530186
3008129,2.5900127922100973
3008130,13.563740130550537
3008131,22.222004540957283
3008132,2.459555627546988
3008133,192.11142925849185
3008134,8.307937285419493
3008135,71.46623066023454
3008136,15.437579919062467
3008137,42.15582338408831
3008138,3.080588231231601
3008139,119.20995385336481
3008140,199.94803790100917
3008141,3.208951522491369
3008142,7.293549190931015
3008143,132.66260139710633
3008144,32.75931134254704
3008145,546.1978180523026
3008146,35.04885400208398
3008147,5.248517948429038
3008148,4.961793081790473
3008149,1.2911512805029792
3008150,7.226540888651007
3008151,1310.6647113113697
3008152,1.455650583309318
3008153,157.5221065465335
3008154,8.063795466772232
3008155,802.3166244015925
3008156,309.8586669216764
3008157,155.97097044234928
3008158,47.944988682257055
3008159,28.956074841589132
3008160,19565.79988058499
3008161,19.629046722563583
3008162,1.6900079180309677
3008163,13.844236570116998
3008164,13.537498169373091
3008165,1.7484546346668308
3008166,158.12582300263875
3008167,3.0485928974544017
3008168,66.58879581981628
3008169,4.948620844358886
3008170,29.597546448643183
3008171,2.1778826195457883
3008172,106.37651946588609
3008173,183.41927947689126
3008174,2.1563004510018104
3008175,6.5769185530086265
3008176,88.40153140411446
3008177,23.752632625824585
3008178,385.30001442429125
3008179,79.33340136995065
3008180,3.4561286309546766
3008181,7.133846753142057
3008182,1.8977235499517766
3008183,6.868013122229236
3008184,1321.1801131735247
3008185,2.078013257451172
3008186,187.58262816463372
3008187,7.3683295756804075
3008188,1437.3554387509867
3008189,416.77105020170654
3008190,201.47612359375302
3008191,39.89175286877843
3008192,34.99195706620397
3008193,37427.957800293865
3008194,12.388084586151763
3008195,2.483928585395195
3008196,10.837038912519354
3008197,21.47155905274143
3008198,2.450911773629792
3008199,200.61117678627008
3008200,3.1586229585682837
3008201,68.40127047550729
3008202,7.430196935175605
3008203,23.677258476986374
3008204,3.3029872070513484
3008205,188.99065904184656
3008206,218.8703507745516
3008207,3.248539251015994
3008208,7.149947194006935
3008209,69.86355902607397
3008210,56.533679807090635
3008211,581.4759238428795
3008212,22.529547432153123
3008213,6.379822603621767
3008214,5.9007552358321735
3008215,3.0065348593214214
3008216,6.5037387911745
3008217,1470.4053414419543
3008218,2.068343716200745
3008219,179.3619416451777
3008220,4.105223491458868
3008221,862.8644516251738
3008222,358.0269561185911
3008223,225.75559730893457
3008224,70.22122502393367
3008225,52.18598897082403
3008226,83651.92267465555
3008227,13.63433144151593
3008228,3.53122011461888
3008229,17.70926987542195
3008230,24.053974356602016
3008231,2.451225029698099
3008232,199.7343243217628
3008233,11.0558941178953
3008234,68.47545206329237
3008235,6.268745478367638
3008236,22.002927317476196
3008237,3.458367164411344
3008238,94.10463301192617
3008239,193.3480516374142
3008240,3.0188106254476326
3008241,6.557497148827402
3008242,72.91433000412705
3008243,32.86270433594009
3008244,931.8829880644105
3008245,151.5635681634819
3008246,6.313741866929326
3008247,4.3122490023645
3008248,1.1779090083624086
3008249,4.62905511091153
3008250,1452.279061161878
3008251,1.2995445841798743
3008252,194.33127550449046
3008253,7.550669623634863
3008254,1332.7185874253464
3008255,368.9051533646649
3008256,179.75618355990673
3008257,174.0990336078844
3008258,32.36653434605747
3008259,35006.94458095191
3008260,9.82936845741808
3008261,1.5792467691821037
3008262,10.500143788081889
3008263,18.245132202021676
3008264,1.5768713035496134
3008265,205.85881289345448
3008266,1.5282453029265803
3008267,55.1180625110447
3008268,5.709681636770995
3008269,46.60055385226257
3008270,1.9895052232613928
3008271,51.40387566382374
3008272,177.41189796080218
3008273,1.9973296065596169
3008274,3.669439742534758
3008275,61.64365947256183
3008276,34.31155607652695
3008277,755.9997428562964
3008278,52.83490964779991
3008279,1.4212897632592423
3008280,8.768545405626034
3008281,2.2650635770162975
3008282,8.407229698647066
3008283,3304.8597802010636
3008284,2.1186744594901348
3008285,445.61197502198576
3008286,9.590723469648625
3008287,1209.8091269718689
3008288,975.3916316923238
3008289,631.4169396425767
3008290,208.2984186985953
3008291,111.57769586475578
3008292,745787.5958503755
3008293,17.948627521451982
3008294,2.9545990393999357
3008295,23.20396438651443
3008296,29.60604223046306
3008297,2.557928640121823
3008298,350.8149487832275
3008299,3.0992415982121764
3008300,57.38979503591296
3008301,14.404082795864422
3008302,51.77750154923583
3008303,4.223758766792255
3008304,241.88058462215307
3008305,339.8678284015444
3008306,3.671969542472164
3008307,9.271497670778958
3008308,419.36503945415814
3008309,59.966064630889846
3008310,2091.0712056934763
3008311,93.93478628840593
3008312,13.822702147484689
3008313,4.778596356336195
3008314,1.5823477082806972
3008315,10.38593916264359
3008316,2315.6784852044752
3008317,1.7086966572788345
3008318,733.115972200008
3008319,6.220563463240701
3008320,758.9868941263798
3008321,984.0045365669156
3008322,251.4568047826914
3008323,187.99351270228738
3008324,59.93560532856284
3008325,100538.64675965864
3008326,19.875401312236924
3008327,2.244628693077662
3008328,25.63498028211521
3008329,23.190319474015425
3008330,2.064727924007391
3008331,234.92378853802063
3008332,10.889761321612925
3008333,11.724959834837666
3008334,15.818843760575145
3008335,58.9255257270192
3008336,2.6999341368265455
3008337,117.81993030086127
3008338,206.20728337569219
3008339,5.995226901692149
3008340,7.766837372259232
3008341,215.2069468046571
3008342,58.65294769504761
3008343,3649.270164968966
3008344,116.17185842919517
3008345,15.938992859047747
3008346,7.078642369198784
3008347,2.1508193794134853
3008348,6.220367501369328
3008349,2156.514828628865
3008350,2.04074891674692
3008351,192.58063341057846
3008352,6.282051140252918
3008353,874.848012253257
3008354,441.5978697415267
3008355,255.18870851454852
3008356,62.77094533363404
3008357,40.11044922918779
3008358,106558.53087752611
3008359,33.74256748416215
3008360,3.4752664859041396
3008361,15.905036219093656
3008362,18.40806249152498
3008363,2.422773951125923
3008364,189.21017671179195
3008365,7.061612672723544
3008366,57.37378932684634
3008367,8.120178636715394
3008368,31.591828841053506
3008369,3.357846221419199
3008370,118.02652698613407
3008371,201.6346789141851
3008372,3.234843962605903
3008373,5.964635519357065
3008374,92.16565102450845
3008375,27.926605461549663
3008376,678.9123543730997
3008377,81.58916178104137
3008378,5.380173333032779
3008379,8.808717183419342
3008380,2.934806794719036
3008381,14.554771723915032
3008382,3201.4229507656282
3008383,3.1264886833834966
3008384,731.8107828552606
3008385,13.485587093859165
3008386,972.2451210698531
3008387,1038.1070511149137
3008388,264.96423354813703
3008389,185.0600695684412
3008390,106.81273499786602
3008391,129736.01566591933
3008392,42.06541847610054
3008393,6.368340087072738
3008394,22.178378571450686
3008395,32.49209308351536
3008396,3.7319781964106418
3008397,298.7420506301713
3008398,31.099915974527413
3008399,22.1613550035522
3008400,10.914367472280173
3008401,103.21783581271907
3008402,9.014500235818034
3008403,455.1405999920915
3008404,302.56506955248415
3008405,10.887362306633294
3008406,10.980175357152353
3008407,507.0218191617249
3008408,93.49603683186398
3008409,9965.839715534588
3008410,58.685192949244566
3008411,40.72076446440904
3008412,9.563917386384237
3008413,1.8668941426780497
3008414,11.936396255583533
3008415,9562.028763814016
3008416,1.979512893276592
3008417,826.7284679510133
3008418,10.328782987509701
3008419,2167.9800258153546
3008420,1253.3335989385077
3008421,900.19577109829
3008422,149.93086397981955
3008423,92.60841431251583
3008424,13832886.991146673
3008425,20.150606276661403
3008426,2.4654316646672396
3008427,25.90339985979724
3008428,24.877333050969234
3008429,2.2735196676099907
3008430,462.8796012562948
3008431,6.137063388167698
3008432,10.631503110406603
3008433,11.29900876766861
3008434,61.86906134823858
3008435,2.7797443185048136
3008436,390.78733538554377
3008437,526.2421854772089
3008438,7.98951646423729
3008439,6.48529165692143
3008440,455.29465385520507
3008441,77.23275908147113
3008442,1845.1813425417215
3008443,131.29032431759614
3008444,13.373635951970623
3008445,13.390251242925775
3008446,1.7331293330181556
3008447,6.3876617752314715
3008448,4281.661881788297
3008449,1.6471029335498986
3008450,678.8857307504775
3008451,5.224237142713387
3008452,2033.335459357574
3008453,905.5559952859127
3008454,444.807200470171
3008455,337.7188365286541
3008456,84.07886964463489
3008457,1445635.017874908
3008458,18.90485878826534
3008459,2.040635732663531
3008460,38.84319031526309
3008461,43.83941386067152
3008462,1.9225851364203428
3008463,421.6524973772109
3008464,6.639050492974437
3008465,9.453973702057478
3008466,14.17290954490056
3008467,90.09026712980472
3008468,2.685212720717712
3008469,129.54061968510862
3008470,392.9958287763175
3008471,3.665789924747583
3008472,5.234504754662067
3008473,187.00323244970298
3008474,148.90519821580574
3008475,1949.6608150404495
3008476,5.948560103465831
3008477,8.645373818633015
3008478,4.606741931932371
3008479,1.263497593198239
3008480,3.9435684937317173
3008481,1578.8917437758394
3008482,1.3371954349699298
3008483,183.01094173351098
3008484,7.675692243642375
3008485,835.8522905999441
3008486,386.63704034704745
3008487,154.29395129832258
3008488,57.29870870703641
3008489,45.27143628409871
3008490,24595.371617356876
3008491,12.609538095678943
3008492,1.819214933629632
3008493,23.336462192343195
3008494,19.888928921796214
3008495,1.5902071519290704
3008496,191.2875899948401
3008497,2.411161169508128
3008498,56.552575395018664
3008499,6.779812221317026
3008500,43.13428202507108
3008501,2.8796513017835026
3008502,89.34016912586317
3008503,188.85650950478734
3008504,2.1980682373223437
3008505,7.413084948567303
3008506,116.8243219141594
3008507,31.55260615775505
3008508,675.9889211936239
3008509,19.28490646124011
3008510,2.6651255762778376
3008511,3.321478863019183
3008512,1.9561155924672757
3008513,6.779879455119186
3008514,1445.630243111972
3008515,2.1520318036101798
3008516,231.1941957208162
3008517,13.395569659101922
3008518,587.3864459917714
3008519,577.6421839316564
3008520,142.26703917661214
3008521,45.70776820855519
3008522,56.297484515113034
3008523,3463.4554133741267
3008524,22.96441333343088
3008525,2.5513845989531605
3008526,15.99700841279896
3008527,29.70657541043613
3008528,2.536996498625615
3008529,146.751410349907
3008530,10.90781842854141
3008531,8.890746553597056
3008532,12.198760895533372
3008533,66.82253501764805
3008534,6.122396448457604
3008535,670.6549133840186
3008536,186.81013192894616
3008537,6.391036088655952
3008538,7.553139913839141
3008539,261.43129654722156
3008540,31.966521538660885
3008541,1878.3861212780632
3008542,74.43307419769415
3008543,8.814831687313191
3008544,5.629797123163305
3008545,3.3138719834438968
3008546,9.083281254685444
3008547,3630.1684943728037
3008548,3.5058914459018578
3008549,745.5147539237722
3008550,16.218005155356042
3008551,1014.1953259871802
3008552,1253.3903834677285
3008553,301.8700983855079
3008554,190.49972126900545
3008555,116.37359498960663
3008556,65637.59914738107
3008557,37.46470951061442
3008558,4.2291545011214104
3008559,27.557420729246846
3008560,42.58133614562526
3008561,4.098489657459752
3008562,254.564243798328
3008563,15.754248370254693
3008564,35.11173952386879
3008565,14.689130848282659
3008566,102.35950570993516
3008567,14.809780157240397
3008568,364.44485395232107
3008569,299.3710509950478
3008570,19.912186157551588
3008571,10.751997366054214
3008572,530.5361309903006
3008573,98.26326066241052
3008574,41700.61018908585
3008575,56.06047333140545
3008576,24.682425098333848
3008577,4.6822342995371855
3008578,1.406879188690909
3008579,9.610102510706714
3008580,1365.613130143951
3008581,1.511940231074228
3008582,385.74371619301206
3008583,6.3692662359928525
3008584,436.09854437838464
3008585,644.4531450114686
3008586,142.1941385631598
3008587,90.30686880779206
3008588,65.57265525980313
3008589,2407.8971999179425
3008590,23.652218841193257
3008591,2.0400792869645437
3008592,13.319726496038609
3008593,19.08889606986723
3008594,1.772616876559705
3008595,117.30773322896142
3008596,1.760410785347068
3008597,22.53034073713821
3008598,7.29549240296476
3008599,164.61277224291214
3008600,6.917493774814151
3008601,164.06388006338778
3008602,135.91900356643927
3008603,4.927369600861732
3008604,8.455878451202494
3008605,139.2583876859303
3008606,34.53615141936697
3008607,1658.3052747821012
3008608,6.003539113140909
3008609,4.98977987541579
3008610,4.617176771898797
3008611,1.0335669064930664
3008612,2.5116725065384857
3008613,1089.7218472773816
3008614,1.1780149700636644
3008615,244.64492914581925
3008616,7.039910282652021
3008617,531.2624875499091
3008618,348.9641312266498
3008619,117.28612028172721
3008620,38.77379972026433
3008621,33.69799193647577
3008622,2503.1383128218336
3008623,17.604787804334148
3008624,1.8015234928952584
3008625,15.726805901879564
3008626,12.370273197237717
3008627,1.5026127348893747
3008628,117.41234003593605
3008629,1.5363777068370694
3008630,12.550939730698108
3008631,4.365292730597964
3008632,22.784432498622436
3008633,1.6332014418987613
3008634,262.99764682880044
3008635,170.52024292042918
3008636,3.0917197002731385
3008637,3.5803321921535884
3008638,148.50669197061825
3008639,23.188983854761922
3008640,727.5765873495656
3008641,5.642937116003004
3008642,3.464906061670534
3008643,8.176827452358587
3008644,2.400802626847793
3008645,10.947501048964071
3008646,4736.194201837031
3008647,2.600127159924201
3008648,745.4355347863018
3008649,17.960557305677945
3008650,977.2750462907268
3008651,1190.1203099411314
3008652,353.90588759216035
3008653,268.5566597830014
3008654,131.17189875246913
3008655,88582.87678157719
3008656,28.93509257345898
3008657,4.042940568607613
3008658,24.92096522080681
3008659,35.362435857364865
3008660,3.067967649055003
3008661,310.6201638577464
3008662,8.311924646526442
3008663,41.79969525406991
3008664,11.96617067606773
3008665,195.02452005511768
3008666,4.796274122901833
3008667,280.97370549800723
3008668,291.13298717975607
3008669,11.899334370665409
3008670,13.889941810662
3008671,425.98388339614536
3008672,88.62047733098674
3008673,11850.215432279614
3008674,7.377917510206968
3008675,20.011207888741872
3008676,8.381485578778904
3008677,2.3730936170920836
3008678,6.841161238713896
3008679,12805.855314324945
3008680,2.5433972409994166
3008681,969.4297071125669
3008682,13.318506000777717
3008683,1477.7275102846431
3008684,1610.5585645478006
3008685,515.231140109647
3008686,324.5116407540215
3008687,85.1101750637276
3008688,5242935.60015061
3008689,18.179946193784883
3008690,4.090358488643027
3008691,33.31942093454091
3008692,27.892319717651958
3008693,3.3910212603264327
3008694,352.6907684991864
3008695,3.000480890067751
3008696,10.38176257596794
3008697,8.852809011304535
3008698,80.3345457214196
3008699,3.7094321031647515
3008700,194.4306636956176
3008701,406.026964917274
3008702,7.513998984071094
3008703,8.384788896469525
3008704,266.44717625919753
3008705,84.21072827477501
3008706,3672.6501648283506
3008707,8.578638965471656
3008708,6.4134648026940795
3008709,7.983028167040041
3008710,2.4922298504310727
3008711,5.982254771883564
3008712,7052.555353647718
3008713,2.4916700209569926
3008714,953.5085833090804
3008715,13.449679286516515
3008716,1222.8101134142405
3008717,1365.3938466148
3008718,375.2084849537218
3008719,258.10027044321293
3008720,78.65738157704824
3008721,2371616.9494677833
3008722,23.981993924726552
3008723,3.310532087679194
3008724,31.295584970783196
3008725,27.02796038630779
3008726,2.944707477210911
3008727,323.9462474597696
3008728,2.9347077012179765
3008729,11.334089365579644
3008730,7.852519582889484
3008731,116.70043127375338
3008732,3.567388193364917
3008733,125.22126570402786
3008734,347.3071491298104
3008735,7.3396499565944895
3008736,6.592159060096722
3008737,216.72405921531464
3008738,66.65013760313532
3008739,3121.622803306451
3008740,7.860297785923172
3008741,9.904430809372037
3008742,16.79324219467979
3008743,6.510446269625847
3008744,23.075482721501913
3008745,2136163.7244102783
3008746,6.213854505115063
3008747,1185.0344977147151
3008748,31.83311053781985
3008749,2127.1127007601826
3008750,2700.93088455902
3008751,478.01658389387535
3008752,533.901377070439
3008753,361.0320583938359
3008754,37482706.84819049
3008755,100.15521374964548
3008756,9.24762998918248
3008757,57.81636374266894
3008758,74.81515070675616
3008759,7.6901816654843405
3008760,687.2230690303721
3008761,53.949487814110746
3008762,55.39863036021788
3008763,37.45953110302281
3008764,220.50305786392525
3008765,31.259949490760018
3008766,809.1053173787652
3008767,732.2452514523205
3008768,26.769365560912803
3008769,33.72660514331885
3008770,1101.7369033284692
3008771,256.3380937702552
3008772,11027462.233640336
3008773,14.1553794210629
3008774,89.55837594227987
3008775,3.1868436733199585
3008776,1.3481406370289313
3008777,2.5090487971085853
3008778,1391.474084857605
3008779,1.3387675880196366
3008780,207.87063144783366
3008781,4.73309912118394
3008782,747.5177192712528
3008783,359.4354716269993
3008784,133.71397279265219
3008785,123.25903425916506
3008786,41.16767027587066
3008787,11313.834772975839
3008788,9.93724121157732
3008789,1.5859305953194598
3008790,15.604554429610376
3008791,13.932377571529294
3008792,1.654038214350098
3008793,153.65663301613742
3008794,1.7499403948585677
3008795,66.20955636953362
3008796,6.087259970974131
3008797,42.8274737854345
3008798,1.8668445015570188
3008799,59.62848496521467
3008800,108.64539678882541
3008801,3.7082626408825017
3008802,5.180166701154357
3008803,93.81868932198802
3008804,19.97263839988404
3008805,717.4446630038881
3008806,5.957058739204493
3008807,5.632638088904391
3008808,11.322858483448726
3008809,2.0012556096059124
3008810,6.399429325356069
3008811,5891.218775111882
3008812,2.047006016994949
3008813,728.1223692409121
3008814,10.211529164743197
3008815,1476.6867760668206
3008816,1015.5010335683569
3008817,291.807106742856
3008818,346.9831521286134
3008819,68.20928767137464
3008820,2329534.2404445605
3008821,17.343014121670347
3008822,2.372204492642253
3008823,29.692721200805625
3008824,30.59829054744573
3008825,2.3790789693796204
3008826,356.16123141140656
3008827,3.548674928737168
3008828,9.007294830704534
3008829,13.346564785061759
3008830,21.042667086816174
3008831,3.026680956031365
3008832,390.6313822170308
3008833,351.4043102928617
3008834,4.653596243827865
3008835,10.936572531023993
3008836,130.02072559262515
3008837,66.76661608716662
3008838,2309.7480933470893
3008839,7.137651208980048
3008840,7.560846562801309
3008841,1.8553958073865355
3008842,1.049411208546902
3008843,2.53434448565101
3008844,1041.357470241933
3008845,1.1943059127669686
3008846,168.54440619418648
3008847,4.969682740540057
3008848,719.1145663511145
3008849,236.6556451338399
3008850,98.49633755800826
3008851,172.89314107106267
3008852,21.368894089387084
3008853,5518.656373985255
3008854,7.075837327038027
3008855,1.4047821401548504
3008856,11.740309580467057
3008857,6.858216625962439
3008858,1.4035785925105602
3008859,111.06317455386142
3008860,1.4105524756439771
3008861,55.43131377709712
3008862,3.790079964127376
3008863,33.84864792349678
3008864,1.573299350152022
3008865,63.67988640419002
3008866,94.202369117365
3008867,1.7277741296629645
3008868,2.0487056723173978
3008869,49.66780450561108
3008870,10.269658348058023
3008871,325.99745474868035
3008872,47.99857139857597
3008873,1.9188102770824031
3008874,9.40955603517541
3008875,1.3411463872847393
3008876,3.700058967924238
3008877,2021.3329134703645
3008878,1.448995765108783
3008879,294.4298325029142
3008880,13.981128909582488
3008881,1071.6426077930257
3008882,598.2794877359182
3008883,181.31039269683922
3008884,151.4693475151376
3008885,55.220958979166575
3008886,83287.17574229126
3008887,7.702957783929299
3008888,1.912504093940063
3008889,23.831599560613704
3008890,20.847060266724675
3008891,1.7622732686319171
3008892,255.26975234260667
3008893,1.6980140396579417
3008894,69.77472216911451
3008895,14.026402981118494
3008896,47.76002030287567
3008897,2.7262984633481206
3008898,278.34537778097985
3008899,274.72120712116396
3008900,2.66142850080264
3008901,6.977166932866634
3008902,187.2440070595481
3008903,27.68790720681869
3008904,1709.6545358193534
3008905,30.133965656449472
3008906,2.3331034207733508
3008907,5.182300020600543
3008908,2.7270018572707313
3008909,5.52898413541598
3008910,2584.2404577138423
3008911,2.706448992106212
3008912,774.8960678704085
3008913,8.857351587182352
3008914,960.4442281847992
3008915,840.7429214041276
3008916,237.62245053233494
3008917,112.68067488127866
3008918,54.497794496192746
3008919,443827.11462867097
3008920,13.447373411677402
3008921,5.5503135234972225
3008922,32.44019404601083
3008923,42.50718978807497
3008924,3.223050506882266
3008925,214.32346131441935
3008926,5.674894388204937
3008927,11.724988687671004
3008928,7.863761293017803
3008929,35.204397224287476
3008930,4.2430213618737405
3008931,146.16546105074346
3008932,254.7154573628746
3008933,5.415675741664318
3008934,9.11450288885964
3008935,109.21935746632599
3008936,35.47492627460568
3008937,1140.2492621388026
3008938,9.278869229985812
3008939,6.140262536068265
3008940,5.197597020063654
3008941,1.0203943963187059
3008942,2.117590812675723
3008943,1482.2988916952995
3008944,1.142952383157204
3008945,141.37148376037203
3008946,4.654711619363626
3008947,628.3427060111918
3008948,238.30094873115473
3008949,103.95705141780608
3008950,156.1373735086404
3008951,38.59508208157241
3008952,15770.34607198088
3008953,13.464396958270699
3008954,1.3773627993842301
3008955,14.722733673023978
3008956,23.490516050051347
3008957,1.3727715722663643
3008958,117.5460668263903
3008959,1.3452545342225801
3008960,55.352754443308115
3008961,3.9476077669677188
3008962,63.90831440796912
3008963,1.5679971715094112
3008964,168.758301751322
3008965,110.24923385831457
3008966,1.7903883281449773
3008967,2.5564963403064276
3008968,54.550360815085156
3008969,20.74650214366985
3008970,557.7110879770537
3008971,8.35805350798128
3008972,1.7347947889423863
3008973,6.985323267252899
3008974,2.229648894551968
3008975,3.632260215099925
3008976,4318.760435324275
3008977,2.388575757596419
3008978,673.8075235311122
3008979,9.723432548693573
3008980,1002.5889784060187
3008981,902.7358074897937
3008982,232.50318379618116
3008983,137.07729307778703
3008984,84.24384595396174
3008985,682828.4313632409
3008986,16.034367049993385
3008987,2.798373913814676
3008988,17.73314101461894
3008989,14.89883040056155
3008990,2.8394335243035966
3008991,240.3919194918272
3008992,2.818405260583879
3008993,28.40231357853248
3008994,6.390596586539518
3008995,60.3853087365804
3008996,3.240653161622302
3008997,186.79669569500325
3008998,257.63981131673205
3008999,4.671233576083912
3009000,6.1786645602805494
3009001,110.59382751525253
3009002,43.12799815209379
3009003,2257.7123048514477
3009004,6.196576083218064
3009005,3.6676121171962195
3009006,5.119370330693738
3009007,2.3851714789175964
3009008,13.908254574504864
3009009,1942.178110544585
3009010,2.5319136732921432
3009011,485.9017539597758
3009012,9.091444931091784
3009013,835.2004435253563
3009014,850.6603723478966
3009015,174.7549982969785
3009016,113.94962663306401
3009017,89.34661385405055
3009018,41762.83695877684
3009019,48.1633176550537
3009020,3.5744688002345857
3009021,21.849029931229683
3009022,25.95506535941025
3009023,3.046121431644492
3009024,222.5411279712788
3009025,21.47945080383147
3009026,25.84693929448904
3009027,6.204649920999628
3009028,105.39354641719315
3009029,7.880176094084931
3009030,163.5970147835305
3009031,252.92079857616073
3009032,13.589906132214963
3009033,13.026370296629857
3009034,193.70705621662069
3009035,61.36167355056335
3009036,7103.673659313673
3009037,36.62196125453781
3009038,12.90899844895907
3009039,8.78559784770685
3009040,2.5022939061235916
3009041,13.842718403076024
3009042,3320.814099361939
3009043,2.701809056317522
3009044,545.2813126087905
3009045,13.177673835614758
3009046,1197.4083323187588
3009047,906.6105186007346
3009048,175.13572134977852
3009049,103.5742275417456
3009050,100.41497605963947
3009051,75798.36125404653
3009052,27.823185278868266
3009053,3.616205019173999
3009054,38.345699508199445
3009055,65.9834528240597
3009056,3.1111636382084287
3009057,388.5511313272432
3009058,25.090888375988186
3009059,21.343164177263716
3009060,12.393559106245725
3009061,85.94351368614146
3009062,12.947153428709269
3009063,138.75501568143846
3009064,520.7970997236228
3009065,9.583374690113665
3009066,12.633075388177447
3009067,135.84467087466209
3009068,74.97914521885872
3009069,4350.5528362466575
3009070,7.780439625301691
3009071,17.48672486604936
3009072,12.361353711415616
3009073,2.046860786253838
3009074,7.5185552123052135
3009075,6262.855041555151
3009076,2.121644104376399
3009077,865.3441260321513
3009078,7.018155054711118
3009079,2088.824161632285
3009080,973.3892874746023
3009081,233.1300890490659
3009082,380.24844993452655
3009083,68.21050508687479
3009084,5518305.514508114
3009085,39.68748642614815
3009086,3.1228703007114174
3009087,24.485987504003994
3009088,21.099234670432104
3009089,2.4446460192639416
3009090,333.3295851248163
3009091,5.393188282762356
3009092,18.186499624694086
3009093,16.601058032516402
3009094,68.6416176045651
3009095,4.136934514089456
3009096,147.0603242944562
3009097,368.71521941316485
3009098,9.683300534953505
3009099,11.990031627407506
3009100,223.5336199963055
3009101,55.71516077144099
3009102,3131.3316027276633
3009103,27.210387086446943
3009104,17.145740259867477
3009105,5.502714525729329
3009106,2.9096559546478766
3009107,11.872196647236839
3009108,2550.9940801022453
3009109,2.5856318795093642
3009110,452.2573100568754
3009111,7.733105236724759
3009112,920.5282076595333
3009113,983.7323737054113
3009114,251.84056027832565
3009115,160.84365061866296
3009116,100.65210842917907
3009117,38955.85363639949
3009118,28.00061396521228
3009119,3.816627173336479
3009120,15.925378689966788
3009121,16.848212388279194
3009122,3.0368226435143106
3009123,289.1832263804878
3009124,23.775464055642853
3009125,23.65997650644468
3009126,6.347387640372951
3009127,113.01302089566948
3009128,7.901215540836837
3009129,386.79625870078974
3009130,293.4498912156145
3009131,9.499290235125667
3009132,12.844087994872295
3009133,407.4251551116797
3009134,45.52985766208871
3009135,6746.940671943732
3009136,55.753587950944215
3009137,28.368755485272295
3009138,6.028079115717637
3009139,1.9888413960754119
3009140,8.041462842424039
3009141,10354.487581625257
3009142,2.0752831176743127
3009143,537.9436337921398
3009144,6.820063962508094
3009145,1975.1516271297633
3009146,780.9199675284983
3009147,274.57599691874407
3009148,142.0728840151398
3009149,53.20511173752175
3009150,2259390.3299028156
3009151,15.684065538036995
3009152,3.489721595403333
3009153,26.17370885675387
3009154,26.0713881719114
3009155,2.43020120721643
3009156,473.1540330837755
3009157,2.3724180093742904
3009158,8.415645672211744
3009159,11.53550668356634
3009160,50.38277183988774
3009161,3.6937599683813995
3009162,122.62571832721439
3009163,356.4282353636855
3009164,5.592758556396038
3009165,11.483447736462246
3009166,170.57022124233154
3009167,48.03136833070444
3009168,1611.7582239636417
3009169,31.09894259743575
3009170,6.369088751285263
3009171,9.811343712842694
3009172,1.811961529245785
3009173,13.579736209138568
3009174,2893.487514488404
3009175,1.9683734419651846
3009176,580.2740027947077
3009177,12.300018263227484
3009178,1261.5222445186162
3009179,953.1601324422516
3009180,295.9326034985072
3009181,148.66771690760982
3009182,116.14044400436161
3009183,43367.7899415233
3009184,46.84528338057056
3009185,2.684939128772119
3009186,22.55578863356396
3009187,33.49107810567397
3009188,2.277136516093885
3009189,318.83235747570694
3009190,22.560113587417298
3009191,24.715844601148255
3009192,12.298152185681868
3009193,95.02949224956807
3009194,10.511098243279912
3009195,206.0974327285373
3009196,516.3078060842731
3009197,15.572066604909644
3009198,10.923228997888954
3009199,198.10838535939712
3009200,51.31645472009263
3009201,3622.029723961722
3009202,6.080639780501959
3009203,7.734458109201558
3009204,4.410116446769736
3009205,2.1710385666230065
3009206,11.789353548890041
3009207,2339.85472059094
3009208,2.285988883930552
3009209,553.4377989314033
3009210,9.764072570869972
3009211,819.6642300426797
3009212,908.8850498952272
3009213,190.9368078820635
3009214,142.52270113222048
3009215,102.01647076371167
3009216,20089.28401052847
3009217,32.992869211591824
3009218,2.9914295004762583
3009219,22.086096049399863
3009220,19.45681500693913
3009221,2.61515553868821
3009222,268.15514568050315
3009223,17.062010824422046
3009224,35.507653937625136
3009225,11.575487607748567
3009226,81.97960894112875
3009227,8.695318321854447
3009228,209.9586672424608
3009229,249.45979965392897
3009230,11.005667655320309
3009231,11.053136929951417
3009232,221.70580552396828
3009233,51.625768492971716
3009234,5836.634842767127
3009235,9.07133578809487
3009236,18.990664004335795
3009237,8.683165460073399
3009238,2.6122763501031185
3009239,8.365766427218928
3009240,24869.009857715893
3009241,2.7348173643117812
3009242,766.6133967734039
3009243,16.708179254898884
3009244,1288.021601588676
3009245,1016.3821384029947
3009246,367.02836957491826
3009247,209.11981904380232
3009248,56.3286595722691
3009249,1244927.0734481076
3009250,16.409351941654954
3009251,3.106037675189519
3009252,19.072976817254563
3009253,22.662853817937126
3009254,3.1853255338284217
3009255,294.8731080349446
3009256,3.2110104231122314
3009257,18.85850197912256
3009258,6.251525420258531
3009259,102.78340198554258
3009260,4.37079807909209
3009261,182.6759344995942
3009262,328.7817111047108
3009263,7.410341618259835
3009264,4.624199548380878
3009265,216.96436540405693
3009266,131.6914797631241
3009267,2000.8896454435749
3009268,8.219073263577194
3009269,3.350098442487388
3009270,21.789494396680013
3009271,5.711437663541695
3009272,22.869382003627678
3009273,47515619.88552226
3009274,6.075979671036127
3009275,1577.4602221431635
3009276,28.152159294702116
3009277,3204.434336548953
3009278,4246.57808004296
3009279,915.592787486165
3009280,721.7183823246285
3009281,501.0689546689728
3009282,1963240910.9062922
3009283,95.05671541287269
3009284,11.581677200245533
3009285,149.42075564308252
3009286,146.42102560737806
3009287,7.476110960182971
3009288,1013.831226930971
3009289,95.2321310272453
3009290,28.67652848453178
3009291,48.14993224243987
3009292,365.0349439714299
3009293,28.382640121652656
3009294,938.720911084504
3009295,847.9934292152452
3009296,47.89901725056541
3009297,47.4265573779332
3009298,1216.0674705347567
3009299,290.4318105011409
3009300,163279416.38848206
3009301,361.62030657156095
3009302,106.22997740642644
3009303,19.412590851280523
3009304,4.437879235117983
3009305,21.45424272864834
3009306,11447757.223657362
3009307,4.73344027205899
3009308,1251.1260758010694
3009309,31.125826975531226
3009310,3145.9236634153785
3009311,2914.0071757776623
3009312,1018.308996234084
3009313,445.3198816600348
3009314,350.02573908203533
3009315,4244753905.204823
3009316,144.683382467244
3009317,6.141330171939588
3009318,80.37667342660994
3009319,111.05873010564684
3009320,6.000041388264035
3009321,905.5480743902999
3009322,83.80199980832413
3009323,43.390231151122855
3009324,37.299956901108146
3009325,213.23571759434424
3009326,22.43151847596352
3009327,1184.0187248938698
3009328,1001.1002249700001
3009329,28.884597427159832
3009330,39.10573063664199
3009331,1279.8845161628965
3009332,271.84181655250546
3009333,2628455.3837660532
3009334,415.89677853634106
3009335,104.9721340707052
3009336,16.904561890892428
3009337,4.072769723682589
3009338,22.80593832304426
3009339,227980.96391607073
3009340,4.384231807929073
3009341,1043.8838445473393
3009342,19.511237966778296
3009343,3161.523133141587
3009344,2066.259118295101
3009345,1127.4500941627025
3009346,180.791691108791
3009347,278.6269917265513
3009348,1875749492.4438064
3009349,48.54557744948946
3009350,6.120096014763319
3009351,43.808941027545956
3009352,42.297581362436716
3009353,5.251840395272707
3009354,887.8729746856616
3009355,79.4599017086565
3009356,34.2880869202767
3009357,17.004026451457577
3009358,128.5742566345834
3009359,11.961495617856102
3009360,968.3135755027658
3009361,965.085536446884
3009362,31.54599781047286
3009363,59.34432629482054
3009364,970.4134186584668
3009365,140.2909828809325
3009366,31995.45871688348
3009367,313.2082565562007
3009368,55.42570568858852
3009369,20.469913563212973
3009370,4.6898024138487475
3009371,26.0582701209294
3009372,6888743.578568798
3009373,5.011253549321831
3009374,1188.3299387022507
3009375,21.658952630309543
3009376,2637.1232838938804
3009377,2669.318949745524
3009378,998.753426233298
3009379,422.0795795203343
3009380,301.1827429409389
3009381,2151819209.2681065
3009382,68.95221663130692
3009383,6.553260225973892
3009384,61.59850316817287
3009385,118.51427042571724
3009386,6.105312962396525
3009387,869.5731717913327
3009388,88.95802376712236
3009389,35.35822347700298
3009390,27.633658219521795
3009391,207.12923983700213
3009392,15.06240461258324
3009393,931.9778443668685
3009394,989.720723897645
3009395,30.99940615122467
3009396,37.99646635634002
3009397,1163.8410769034217
3009398,224.02756030204011
3009399,1004196.3858254133
3009400,382.97728096589225
3009401,75.51608319433761
3009402,17.780728921509123
3009403,3.271441448736441
3009404,23.886580427504814
3009405,36682.24205662908
3009406,3.507584011570307
3009407,983.1846512336244
3009408,17.662770521224438
3009409,2505.8710455696305
3009410,1600.3803163341395
3009411,930.1244154536481
3009412,162.32391277914036
3009413,202.07213833089898
3009414,247055200.42864394
3009415,57.374229884794964
3009416,4.141927922171028
3009417,40.74816651584102
3009418,116.09035534576927
3009419,4.150808056201693
3009420,814.3145084595276
3009421,71.71603721793846
3009422,17.600742554696126
3009423,15.252294560792288
3009424,127.09623031893275
3009425,8.211865213743982
3009426,940.9427321706214
3009427,998.5865732817788
3009428,21.33738625154858
3009429,35.03622981690747
3009430,1015.9119494170017
3009431,108.18579275846635
3009432,8364.97742935851
3009433,185.50434878106077
3009434,26.817695000475098
3009435,13.233667144306196
3009436,2.5084837989952575
3009437,16.899473419265885
3009438,130441.79884963029
3009439,2.730366336352004
3009440,1104.6983588626304
3009441,22.991572532506325
3009442,1697.3638131675223
3009443,2126.8900521298324
3009444,607.0078800425011
3009445,484.7949540426736
3009446,335.2536362830824
3009447,20181625.328295738
3009448,70.25146456248127
3009449,4.076047825158428
3009450,52.573065873952125
3009451,70.93107601558728
3009452,3.3368194043242663
3009453,622.6803267329773
3009454,59.17932034961039
3009455,32.711044861673955
3009456,22.72577449598453
3009457,238.75817017672802
3009458,17.43237858964554
3009459,797.7502524503872
3009460,650.6616924665311
3009461,22.17046990220362
3009462,37.05351254245413
3009463,978.7546334821327
3009464,205.4560704250053
3009465,4735022.6846311055
3009466,253.97397512419187
3009467,74.80346102887441
3009468,7.557521352698958
3009469,2.755392069312871
3009470,11.871904537942743
3009471,1658.7026446080026
3009472,2.3059998448728853
3009473,333.97100187516094
3009474,19.83471927956373
3009475,923.8933646806161
3009476,680.4368859496807
3009477,259.500760843384
3009478,81.02324747949503
3009479,81.02237757431557
3009480,16900.274713563056
3009481,53.32208157421676
3009482,2.8427609598827734
3009483,26.369334114551776
3009484,23.686413970506667
3009485,2.758424543456632
3009486,254.3569092339383
3009487,15.731891057013634
3009488,14.417572449645215
3009489,12.842319882558446
3009490,68.513317942184
3009491,8.127830326044554
3009492,212.34413610842466
3009493,296.8730547239015
3009494,5.137460489841184
3009495,8.733842396158217
3009496,204.0398662023409
3009497,48.514530752057155
3009498,2246.4048606614633
3009499,6.929128428145234
3009500,10.058756637650022
3009501,14.064240664344757
3009502,2.572801188210417
3009503,19.772318022911804
3009504,11551.467888333184
3009505,2.8042142458325436
3009506,689.1406269298484
3009507,30.486207009385154
3009508,1656.1920458706904
3009509,1268.772900501342
3009510,653.2675883500025
3009511,131.03692780815928
3009512,132.2916278309988
3009513,3871988.6035696743
3009514,110.12773510669683
3009515,3.775352543046533
3009516,49.77108058997264
3009517,63.350633318157726
3009518,3.3708109346204473
3009519,566.0782446896465
3009520,24.801631378976474
3009521,14.674982332251679
3009522,7.297970747345897
3009523,127.04471320702073
3009524,8.975093687462937
3009525,549.6479640838604
3009526,678.2414275687213
3009527,15.948025304380586
3009528,26.80737591641766
3009529,450.9398123106926
3009530,74.25149440469525
3009531,7555.975676854786
3009532,231.7821290391855
3009533,20.967799389551963
3009534,10.968033082271427
3009535,1.725195120007775
3009536,12.083984815168995
3009537,7094.310085340496
3009538,1.9377867930054533
3009539,906.2489067735709
3009540,10.955777848221521
3009541,1304.6032039293802
3009542,1526.8290853770889
3009543,308.02044096274386
3009544,335.7756707870234
3009545,232.10592714129788
3009546,206257.03029055768
3009547,36.364564011840365
3009548,3.5289260937888525
3009549,28.337461407758823
3009550,40.382978195771045
3009551,2.6859991984315905
3009552,399.2789776613701
3009553,3.61366401112267
3009554,44.97655254581421
3009555,9.139877946391746
3009556,151.47634626445833
3009557,11.388621042466792
3009558,636.0131761307948
3009559,362.3106769529553
3009560,23.10387746414259
3009561,15.029277621129587
3009562,757.4683523882496
3009563,121.61394449635395
3009564,205977.93254765923
3009565,10.785009325905547
3009566,49.869985923243405
3009567,13.427918558999911
3009568,2.20873156742656
3009569,16.26555524881519
3009570,5080.300767977578
3009571,2.3878075817834583
3009572,912.4979220903197
3009573,11.62164175889854
3009574,1480.9751498313244
3009575,1189.6257919542475
3009576,449.59322352142965
3009577,191.11489334316295
3009578,268.6286423039235
3009579,790731.2029031151
3009580,45.45482259534632
3009581,4.293328444967694
3009582,49.19280104438062
3009583,53.74741016908581
3009584,2.840939257530608
3009585,442.0420759114113
3009586,10.790940643749462
3009587,53.16228232834412
3009588,11.265442522139589
3009589,197.75638415952682
3009590,11.177321644408044
3009591,521.8954879073403
3009592,421.6818963379453
3009593,17.162636836190003
3009594,25.85859680122234
3009595,505.8233843451246
3009596,108.30691807681767
3009597,40194.14425140299
3009598,10.00149204425523
3009599,11.644384695206977
3009600,9.98343959655742
3009601,1.6344789078235347
3009602,5.730455694578307
3009603,2104.2239958503883
3009604,1.781183711284429
3009605,578.2048057015057
3009606,8.57887113123448
3009607,1068.9685498145948
3009608,692.7600699282407
3009609,308.7568710617257
3009610,101.91043488433556
3009611,108.50925041305955
3009612,16089.68619738128
3009613,19.123090410952194
3009614,2.8479297551338405
3009615,26.73994247412624
3009616,26.687644015513325
3009617,2.0710837968445923
3009618,281.5331157793487
3009619,4.561608975367456
3009620,16.47578901863435
3009621,10.41001626389092
3009622,110.1406893725245
3009623,3.776011631644016
3009624,271.89984394669
3009625,295.99858360999434
3009626,7.827266806013773
3009627,7.542035368806261
3009628,211.23962899472588
3009629,63.90935942695964
3009630,3144.279589002299
3009631,6.565018497586342
3009632,4.254768751947934
3009633,6.875094229752975
3009634,1.3225354458315706
3009635,3.541923298692204
3009636,6104.329549659109
3009637,1.4838786384788305
3009638,342.09951835358356
3009639,6.147800935819762
3009640,1279.438363478133
3009641,332.044618124567
3009642,275.0362121877602
3009643,62.616770659556444
3009644,36.33272898219311
3009645,66089.55196533678
3009646,13.357060750926468
3009647,1.8852754364942732
3009648,28.937263139819837
3009649,12.487457960296506
3009650,1.6949696520071047
3009651,300.0064681983901
3009652,1.709133626157577
3009653,69.72411073876191
3009654,6.062582430803298
3009655,29.418291618513564
3009656,2.1600282480749464
3009657,47.19669258266595
3009658,256.14972811254484
3009659,1.878852283762269
3009660,4.737428967844321
3009661,52.91713418972815
3009662,79.90061069003197
3009663,842.269543804736
3009664,53.91112896549832
3009665,3.158197037433366
3009666,10.198065288959382
3009667,2.7974100293926782
3009668,13.407964696981658
3009669,5638.674390291126
3009670,3.0448915099255585
3009671,617.4100102160695
3009672,13.865013499973433
3009673,1336.2864468863415
3009674,1173.5967658526235
3009675,459.42502077431465
3009676,198.47651436426486
3009677,149.44346203738758
3009678,404801.5889131175
3009679,33.301306511140034
3009680,3.6790062674311406
3009681,35.20622750656189
3009682,56.29659166959129
3009683,3.490564205611446
3009684,452.6325845003215
3009685,33.91686493559941
3009686,19.690008562409012
3009687,23.629990805785585
3009688,116.39643822410916
3009689,9.96006530795837
3009690,499.48152869495783
3009691,409.7058282266512
3009692,13.369963772615543
3009693,16.468515678173578
3009694,593.7452829231297
3009695,92.5175743227131
3009696,8339.530779178287
3009697,59.951355781488395
3009698,40.65700268515343
3009699,7.940951185683818
3009700,2.663066355335802
3009701,12.376075696942301
3009702,3339.82961053659
3009703,2.906110490639823
3009704,643.0915779693075
3009705,16.775600605734688
3009706,880.1618103152762
3009707,1145.6121402755557
3009708,210.67032745480765
3009709,235.77434958959682
3009710,199.48115679070276
3009711,33518.184358913284
3009712,32.10807695701187
3009713,4.690427852153304
3009714,37.01429757501917
3009715,30.297209563947163
3009716,3.557757350094934
3009717,231.8454267301906
3009718,14.262478012990703
3009719,33.95390857158874
3009720,21.187390964685328
3009721,183.79437499565404
3009722,10.48096413172859
3009723,465.88044486569817
3009724,244.34421440694928
3009725,9.357362075104515
3009726,18.145065703383697
3009727,594.2726171810974
3009728,102.25696558775701
3009729,95588.37105031816
3009730,7.951109208563858
3009731,37.32199511361695
3009732,7.1747895484716455
3009733,4.467205137758226
3009734,20.682438804753875
3009735,15427.915589530523
3009736,4.5728124368864265
3009737,852.1878225629475
3009738,22.25614952100169
3009739,1245.4824721201455
3009740,1602.5167366707965
3009741,369.08754022210223
3009742,355.2621135524043
3009743,156.8398683782254
3009744,461486.11046639236
3009745,34.260052528226055
3009746,8.061606126438619
3009747,38.19220762585945
3009748,53.38314213017523
3009749,5.496196875526206
3009750,412.57646123049324
3009751,35.33055737071075
3009752,39.83880511714208
3009753,31.50920660056434
3009754,140.2587934046706
3009755,18.718698101479884
3009756,472.8429407843041
3009757,393.91023141159894
3009758,25.550971748612053
3009759,23.31120649465747
3009760,687.6955165018641
3009761,146.03601369504733
3009762,281526.5814131565
3009763,10.628121872324972
3009764,42.82870741446526
3009765,16.57850016018507
3009766,2.415451853861863
3009767,12.937530231536087
3009768,7609.614724871322
3009769,2.481543406345711
3009770,670.9101399247465
3009771,13.423476797318179
3009772,1884.1276709397052
3009773,1253.7341258544957
3009774,668.9923701587245
3009775,221.69860621331006
3009776,106.55955122525957
3009777,50067337.992715344
3009778,19.41225101444148
3009779,3.2559322094096093
3009780,43.14297699686843
3009781,46.694646464612475
3009782,2.897592530429689
3009783,508.2500852269659
3009784,12.615990578285782
3009785,10.681225269687008
3009786,17.630318544385336
3009787,67.39799747699504
3009788,4.896367970126919
3009789,372.19509683501127
3009790,554.7534155885834
3009791,10.458098105796216
3009792,11.104646335025489
3009793,478.4236466936144
3009794,109.90493085980746
3009795,3419.617266262635
3009796,78.60526832020946
3009797,17.35752993478308
3009798,4.689192618031929
3009799,1.876969096083538
3009800,8.835741913220993
3009801,1616.7511312907918
3009802,2.105720486600215
3009803,321.6676824718971
3009804,9.693825833491463
3009805,622.1441115646478
3009806,759.4472709592586
3009807,146.17293447018346
3009808,117.97060463023432
3009809,103.99204907769307
3009810,6120.739228207848
3009811,15.963703111787478
3009812,2.8303952082611508
3009813,17.07556246868992
3009814,25.80434755346591
3009815,2.4840015948728986
3009816,175.45596350498334
3009817,11.512292184079694
3009818,18.84758183406895
3009819,8.205859101928583
3009820,81.18208241607663
3009821,6.5577724688745604
3009822,255.3896190507652
3009823,163.76157584023696
3009824,5.951262904642768
3009825,10.255417531572474
3009826,285.54256581882106
3009827,46.914507599111786
3009828,6664.8792461735575
3009829,49.43145370460117
3009830,21.771330915728683
3009831,1.2070582612270253
3009832,0.5945027841716923
3009833,2.2830503636874573
3009834,1166.066493639831
3009835,0.629395892087686
3009836,102.14387639974177
3009837,3.043553607236552
3009838,884.952174184943
3009839,315.21073648501874
3009840,208.61201639839285
3009841,85.93980943540639
3009842,25.105557247802857
3009843,20991.152474359336
3009844,5.894769958231086
3009845,0.8566164807243403
3009846,6.805703895288893
3009847,8.019941896015496
3009848,0.8360422311330641
3009849,172.97853016488733
3009850,1.8970701400470313
3009851,46.946749233560055
3009852,3.458195437973206
3009853,10.538761793435437
3009854,1.0443623494908663
3009855,135.08357219916647
3009856,193.97002974581403
3009857,1.2170401300885323
3009858,3.380740271064182
3009859,106.8727845662954
3009860,20.381186361203152
3009861,351.32954092260775
3009862,59.73746114969712
3009863,1.4709255635253127
3009864,6.185237968467408
3009865,1.6905328055902271
3009866,5.841286028451366
3009867,28357.391376365376
3009868,1.8182021634812668
3009869,687.8249461223537
3009870,8.922077480165584
3009871,1816.88009045871
3009872,860.2650320562198
3009873,585.2335193317724
3009874,334.53949006088027
3009875,61.42289078325486
3009876,97581835.37198156
3009877,23.406572795286138
3009878,2.447587698312512
3009879,23.8797266343114
3009880,22.74462561944801
3009881,2.286895411641896
3009882,532.458346671782
3009883,9.026122795406492
3009884,7.2227618658326165
3009885,8.333039533141626
3009886,33.46947113460765
3009887,4.166556434097002
3009888,553.9617484318549
3009889,460.00769722182866
3009890,4.352820902621502
3009891,14.224644912096958
3009892,301.15026953773685
3009893,58.6357904451337
3009894,2660.6823225780736
3009895,36.80728526654215
3009896,9.297779135102012
3009897,4.854970831004053
3009898,0.8211995952676263
3009899,3.382037889408496
3009900,1419.236533758558
3009901,0.9336369915585178
3009902,192.75309264592255
3009903,6.750801412033056
3009904,1041.7719115808723
3009905,464.7148118972115
3009906,196.40491874303498
3009907,102.95963118629821
3009908,29.849900017119406
3009909,28855.849243960445
3009910,6.759515636836553
3009911,1.4171009986833114
3009912,10.759437590195578
3009913,18.376827029057136
3009914,1.2555776382273554
3009915,186.39594221696194
3009916,5.593957900109176
3009917,61.65503799816869
3009918,12.142926969251437
3009919,29.780157727963164
3009920,1.8096199241591195
3009921,116.03285842882337
3009922,191.88135736151494
3009923,1.7863988006961469
3009924,5.008568984254829
3009925,125.20779805972026
3009926,24.69816669348925
3009927,465.0787450324198
3009928,23.40177093552901
3009929,3.632951211432167
3009930,3.8582021730871285
3009931,0.6436904901255438
3009932,3.7090895051739703
3009933,1362.1542038082484
3009934,0.6810045330587122
3009935,128.25395851659798
3009936,5.661826702979221
3009937,940.9649729365906
3009938,331.4812222190725
3009939,145.03254163244915
3009940,65.35207711669914
3009941,30.77363895417821
3009942,19810.59168606669
3009943,10.31553787355024
3009944,0.8584752042627181
3009945,14.165259817389767
3009946,11.203929066734222
3009947,0.9027972659471899
3009948,143.43849212116453
3009949,1.6698999739521874
3009950,60.36896983400418
3009951,3.7634181360481613
3009952,29.431959448214297
3009953,1.1766335052648156
3009954,131.47401926724692
3009955,211.5211855065104
3009956,1.1787152377333898
3009957,4.205653230092394
3009958,59.23833740493577
3009959,18.293661020742515
3009960,278.0756295449213
3009961,49.009952871635555
3009962,1.9238928467698018
3009963,3.454786089033093
3009964,0.870886924736815
3009965,4.899816763349123
3009966,1381.641167084538
3009967,1.0320375244525497
3009968,155.18623953140622
3009969,4.931792974809351
3009970,1325.4626231651532
3009971,429.6244510305483
3009972,216.01384919235952
3009973,70.08514551293513
3009974,29.536394078974737
3009975,36353.26659867298
3009976,6.541766429843385
3009977,1.3261144004440677
3009978,7.810100164006685
3009979,24.124469779068008
3009980,1.30046671000121
3009981,234.17761811676382
3009982,1.7254442229896256
3009983,58.61761986066118
3009984,4.798308912550602
3009985,16.080691073340244
3009986,2.038439269575273
3009987,192.48141748590592
3009988,239.7178524456655
3009989,1.833787033613756
3009990,5.216058143648031
3009991,59.93283588013942
3009992,71.58081555916792
3009993,535.083119569249
3009994,15.35742870258481
3009995,4.032580197740845
3009996,3.830097506725706
3009997,1.887233178953728
3009998,5.87464626042895
3009999,1556.6150527714617
3010000,0.9862390952774314
3010001,155.31468953718576
3010002,2.2908405240345635
3010003,918.4662382697273
3010004,411.70271286378625
3010005,230.53832234786927
3010006,113.94937474606682
3010007,48.61309398719108
3010008,76149.22957682126
3010009,7.01199599333505
3010010,2.6064392303766946
3010011,16.210586268866468
3010012,17.992039072956217
3010013,1.2808593792835294
3010014,206.23149032915396
3010015,7.168482437899907
3010016,58.63653256010191
3010017,5.443196734598088
3010018,18.86306597557034
3010019,2.306845232481672
3010020,118.14389666248213
3010021,213.45172349331617
3010022,1.707329095718844
3010023,4.82889188042384
3010024,104.92368998959515
3010025,33.358303908066006
3010026,831.3930405077424
3010027,63.27892796023398
3010028,3.533008835778073
3010029,3.0254990628480085
3010030,0.5056201817429156
3010031,1.5243361136177787
3010032,1251.1377857962198
3010033,0.47410211183036455
3010034,174.9672075848717
3010035,4.063571866567019
3010036,920.39995676082
3010037,291.75872214127605
3010038,149.48531695245674
3010039,234.03906784358423
3010040,23.958375485837802
3010041,27338.37253763966
3010042,3.242571469400592
3010043,0.6625794354154919
3010044,9.370762267687374
3010045,13.484619411038901
3010046,0.6870199079296797
3010047,170.8535216299775
3010048,0.6476350802153558
3010049,49.002376181083804
3010050,3.3456435111014446
3010051,27.823442186025247
3010052,1.0246734171186969
3010053,45.73824021589508
3010054,149.33883735225984
3010055,1.3281039594493818
3010056,3.106271484087617
3010057,54.80029734233724
3010058,31.590369335713035
3010059,689.4591056839263
3010060,46.52928727082242
3010061,1.0016974118365691
3010062,7.387271853244726
3010063,1.1295961810054194
3010064,6.359749898815607
3010065,2491.293333180804
3010066,1.0726694964340213
3010067,332.47116690560017
3010068,5.517273574306123
3010069,1044.2619303240606
3010070,820.6351235420477
3010071,537.7371412915916
3010072,272.0851610510181
3010073,79.85028048284657
3010074,428638.59401931206
3010075,13.133501369071407
3010076,1.9648948094245093
3010077,18.031853549150423
3010078,25.251117646037365
3010079,1.3950913843727395
3010080,287.3270124555454
3010081,1.7002799349325493
3010082,47.60480761562624
3010083,10.568296573827613
3010084,32.37641318402402
3010085,2.954412966927629
3010086,215.90621361312708
3010087,301.40687167841565
3010088,2.355423754609177
3010089,7.715888724080561
3010090,384.72335491862856
3010091,45.51411616256236
3010092,1574.1534202495573
3010093,57.74959752533783
3010094,10.571021190042684
3010095,3.1380819807154436
3010096,0.6110848944737842
3010097,8.822933082880002
3010098,1713.0226049627668
3010099,0.717285962104178
3010100,625.286199069664
3010101,5.264940935902118
3010102,672.4550883104155
3010103,823.1622098182065
3010104,223.62910236844448
3010105,191.86467858660836
3010106,40.35304656975213
3010107,69443.20797126637
3010108,10.829093403592662
3010109,1.1154646305691347
3010110,20.67234420926211
3010111,16.22482643586021
3010112,0.9755277425911077
3010113,172.96625166506016
3010114,7.556369650104199
3010115,8.12053476095319
3010116,10.817889647970675
3010117,50.913766652326764
3010118,1.5594525776475656
3010119,81.64098649981565
3010120,173.40835283556754
3010121,3.5816486294862173
3010122,5.490567011222493
3010123,163.0379335230745
3010124,44.03101534727919
3010125,2408.6321941607143
3010126,85.67815736262403
3010127,9.941770412783834
3010128,5.610793506435813
3010129,1.0047328269740285
3010130,4.224134593153722
3010131,2016.5300066347963
3010132,0.9655393813035722
3010133,178.25550469712877
3010134,4.650475958284646
3010135,912.6148258420832
3010136,451.63217054524955
3010137,258.0433443116242
3010138,103.1550596386353
3010139,37.16614544229678
3010140,93307.34415861136
3010141,20.875210297128895
3010142,2.302520201343632
3010143,10.894055351614073
3010144,15.514038944108663
3010145,1.2731377970450317
3010146,181.67946535610076
3010147,7.543206532055872
3010148,47.544125486050426
3010149,5.624576367540915
3010150,24.763407875165147
3010151,2.0251598311462855
3010152,118.8052993214052
3010153,190.17666581789345
3010154,2.1329110517326177
3010155,4.639268946307782
3010156,82.04534685582034
3010157,23.577168394402843
3010158,621.7733537478751
3010159,60.15589543664214
3010160,3.817370143834909
3010161,6.779980208335356
3010162,1.6781500346581533
3010163,10.569925928726672
3010164,2237.4558783234697
3010165,1.9081263570342903
3010166,635.1290835693698
3010167,8.87558703192062
3010168,840.3107197476592
3010169,853.5024414585791
3010170,242.1926354920483
3010171,139.98410113081118
3010172,76.8477209292461
3010173,67369.88539833353
3010174,33.81395338859724
3010175,3.9482806512682016
3010176,14.754009123484646
3010177,26.809906987206965
3010178,2.3002997582156492
3010179,237.78121178665984
3010180,20.375764561151474
3010181,15.573766007619167
3010182,11.56998942853083
3010183,79.98298455034596
3010184,7.327944788932321
3010185,392.84142856725174
3010186,241.45046743526623
3010187,7.02670722987574
3010188,8.076901181239503
3010189,418.1233663084089
3010190,89.03127729149469
3010191,6535.159878560078
3010192,48.26047165436244
3010193,31.868513260237908
3010194,5.25501045355571
3010195,0.8617085671796492
3010196,8.498448671306553
3010197,4859.690044658009
3010198,0.9688996485753678
3010199,581.9349549444768
3010200,6.188378723069628
3010201,1416.1953288209613
3010202,910.1442553584509
3010203,684.8315734393422
3010204,162.48436335325982
3010205,60.33317663939787
3010206,5525483.843372663
3010207,9.81603926968984
3010208,1.2788620135249706
3010209,19.699821135244523
3010210,17.469430614760327
3010211,1.1915540890568623
3010212,345.8510732468693
3010213,3.2890292792755966
3010214,7.677168481467069
3010215,6.769885900520146
3010216,34.78966317036698
3010217,1.6471885779752125
3010218,253.60822604892957
3010219,393.8861920100616
3010220,4.336286419724615
3010221,4.562967441022899
3010222,275.03964710507967
3010223,47.110732447317105
3010224,1219.030781159373
3010225,75.31592386072721
3010226,9.146616695997142
3010227,8.506684048750651
3010228,0.7074680661911164
3010229,4.507226073816593
3010230,3229.578955170382
3010231,0.7081787863647991
3010232,480.83999056388393
3010233,4.207883872127909
3010234,1445.982227196399
3010235,725.9140807042183
3010236,352.0052827370354
3010237,339.0279812029168
3010238,52.52027893876368
3010239,784955.779083138
3010240,12.875418864546848
3010241,1.045135125791111
3010242,28.351289664444394
3010243,31.43138683081685
3010244,0.9328454448390031
3010245,362.0540383341699
3010246,3.930894312955189
3010247,6.531372465868216
3010248,9.736817537265429
3010249,75.42489226797962
3010250,1.4942510619261467
3010251,92.73680857782672
3010252,296.0371816670438
3010253,2.3817093963882643
3010254,6.2372226265402135
3010255,129.1327989025275
3010256,113.8863123848683
3010257,1489.4927747974843
3010258,4.46216516655647
3010259,6.308506348763861
3010260,3.318028689453903
3010261,0.4952564962708239
3010262,1.8324775070521624
3010263,1385.4249001166284
3010264,0.46927722038511055
3010265,203.5745587859078
3010266,5.156303743380547
3010267,760.1353691364861
3010268,362.770738347962
3010269,145.79784892220908
3010270,91.62005562642983
3010271,41.730811888836485
3010272,19677.7306642961
3010273,5.519415717804083
3010274,0.7876292019795239
3010275,18.72236814508579
3010276,14.142810543709594
3010277,0.6540932309938284
3010278,168.28831036192327
3010279,1.2139988616512056
3010280,50.43934503374312
3010281,3.516780825208753
3010282,47.03996715268834
3010283,1.8826808161055635
3010284,98.50648756688962
3010285,184.0078255761521
3010286,1.3542701831727275
3010287,4.589382592559496
3010288,119.02468966340885
3010289,26.541388173858184
3010290,697.8568478306435
3010291,39.03946139097601
3010292,2.160156414529278
3010293,1.6656848580186834
3010294,0.8783495810213782
3010295,5.959297942900769
3010296,1122.756120484015
3010297,1.0543595222323994
3010298,232.7143091956215
3010299,8.483823398459425
3010300,510.9796522419052
3010301,521.0551262546206
3010302,125.52659171748273
3010303,38.41302601694918
3010304,39.046378494314574
3010305,2817.207684172308
3010306,18.801770545804807
3010307,1.3839021968187106
3010308,9.900236069603352
3010309,19.26861489864552
3010310,1.335414984492804
3010311,127.48453577633146
3010312,8.936514654636762
3010313,6.508753577118601
3010314,7.3287250424597135
3010315,42.57029969453716
3010316,4.5159285971424215
3010317,427.07131098199477
3010318,152.14890914163135
3010319,3.661156657739915
3010320,4.28790549345326
3010321,278.3232336445157
3010322,23.883076038345678
3010323,1588.615846230115
3010324,47.220054327910916
3010325,5.1797630313519285
3010326,3.5051144410650013
3010327,1.9267367214431301
3010328,9.537882089094005
3010329,3230.2497964488957
3010330,2.1134668650248534
3010331,698.723376887602
3010332,14.8687530339496
3010333,903.5795065741225
3010334,1162.3699003277413
3010335,285.07547248321254
3010336,184.35528214440262
3010337,132.68203900188922
3010338,47165.4125392928
3010339,29.586306555346436
3010340,2.654195609164099
3010341,22.17092129225948
3010342,36.43042419999472
3010343,2.564788543166617
3010344,223.04192690244724
3010345,11.316005518005337
3010346,30.20393021867875
3010347,12.413084598679614
3010348,76.57592290377453
3010349,9.945225231630776
3010350,369.2675199712168
3010351,260.024853724404
3010352,16.400727441121795
3010353,7.7205171797835
3010354,485.7020472833993
3010355,94.32732768314948
3010356,35854.195812964965
3010357,45.479860387508545
3010358,19.317663403965426
3010359,2.236972606412618
3010360,0.6023830506002025
3010361,7.061251928238703
3010362,1297.4863922663333
3010363,0.6103559036299068
3010364,321.27450455261754
3010365,4.552174195660019
3010366,392.25780731252337
3010367,590.1232179179316
3010368,124.68608019133057
3010369,73.71952134597609
3010370,49.115618359335166
3010371,1866.2120787870945
3010372,15.18046931642386
3010373,0.9418895218445967
3010374,5.638926611898452
3010375,16.236684382528097
3010376,0.8106647126614165
3010377,100.92670905880111
3010378,0.7985771287518452
3010379,17.2723941376861
3010380,4.868177467857189
3010381,125.25988348741569
3010382,4.823296322959327
3010383,135.7188894023009
3010384,95.99779180268304
3010385,3.6800544460019786
3010386,5.72280013830521
3010387,117.5402058360798
3010388,22.975243925152878
3010389,1393.2274697865832
3010390,4.332807795671673
3010391,2.3290613853800775
3010392,3.698909642763348
3010393,0.5907460053348853
3010394,0.8214232537581154
3010395,886.2895280835749
3010396,0.6135509647042204
3010397,195.19721849104195
3010398,4.115684325947748
3010399,429.0155058332247
3010400,259.49107826913416
3010401,103.75706106272249
3010402,30.467690527810934
3010403,24.02991814004034
3010404,1856.5084406270846
3010405,10.371769475121159
3010406,0.9565677639050925
3010407,9.535123567480596
3010408,6.863050703452014
3010409,0.8685869297793644
3010410,127.05868881295875
3010411,0.8930894240696202
3010412,8.833117773891246
3010413,2.6839610793658366
3010414,19.773259737320412
3010415,0.9620326400866931
3010416,217.15927649254775
3010417,175.34242154735034
3010418,2.2161770359059605
3010419,2.50951511592219
3010420,126.8990292403781
3010421,16.917356267453584
3010422,668.7601589582898
3010423,3.7909085871841697
3010424,2.0834345421002256
3010425,5.130067968325524
3010426,1.2527840171910165
3010427,7.398305488135326
3010428,3046.275798187208
3010429,1.428835386059678
3010430,689.4399832463968
3010431,12.39201269489492
3010432,881.5092354480395
3010433,1067.5797536315329
3010434,288.46225604872075
3010435,213.1172869092854
3010436,85.71570699691044
3010437,41462.36784779179
3010438,18.740333432896588
3010439,2.578645377331762
3010440,18.82088329203117
3010441,26.98187200813414
3010442,1.8259644500040997
3010443,260.1441261774706
3010444,7.138218475895335
3010445,26.68407466365842
3010446,8.622788186029648
3010447,124.26953879603853
3010448,3.2161628885946465
3010449,255.62584334964657
3010450,243.74532160109362
3010451,8.607064554145518
3010452,9.31500370155608
3010453,381.7845778524011
3010454,60.373220120336136
3010455,8461.819177064659
3010456,5.476581510293968
3010457,11.060236369576447
3010458,5.862913309380028
3010459,1.2361436242372577
3010460,3.7753134788746276
3010461,6427.889230367345
3010462,1.3912672130122887
3010463,745.3858293539654
3010464,10.962428022080632
3010465,1301.3707045770889
3010466,1230.7094788680538
3010467,409.0921108851061
3010468,320.9774565246154
3010469,54.504865274284725
3010470,2515608.080168347
3010471,11.57395654282437
3010472,2.0258893263140756
3010473,28.00192504960696
3010474,19.727809284695258
3010475,2.009377170642704
3010476,270.25629560919947
3010477,1.7385633196872181
3010478,7.945605194162744
3010479,6.3509093260679785
3010480,49.70388449689907
3010481,2.3513165468175936
3010482,168.17294634562114
3010483,320.36756258025304
3010484,5.217424464430244
3010485,5.124797993411961
3010486,209.19731015115153
3010487,68.93567137077646
3010488,2412.1565644744737
3010489,6.3250680951829725
3010490,4.332238072087694
3010491,5.893701563355177
3010492,1.3255187952423246
3010493,3.8982856961693346
3010494,4088.57580360479
3010495,1.3524650227179646
3010496,747.879912336557
3010497,9.337916543880686
3010498,993.2168231461505
3010499,1090.0457670154565
3010500,282.06824025443905
3010501,324.1661770641759
3010502,53.22860221251232
3010503,1200298.742673223
3010504,11.842044649097568
3010505,2.441356533941991
3010506,22.524923078640082
3010507,19.128217434216737
3010508,1.697962552788816
3010509,246.1830493906125
3010510,1.6892248130379075
3010511,9.555329716193176
3010512,6.321008288457076
3010513,67.04303442817518
3010514,2.3141301482015297
3010515,98.52968802177254
3010516,288.49580747334227
3010517,5.516811218428659
3010518,4.455416381474329
3010519,158.39004920474582
3010520,48.301900666010866
3010521,2241.2853102317986
3010522,5.760618106199832
3010523,5.9035455434107655
3010524,10.073048332184447
3010525,3.848991799937525
3010526,18.310266589361838
3010527,573490.584092184
3010528,3.738635735398329
3010529,1022.7554849271689
3010530,25.92199189063331
3010531,1669.333257622417
3010532,2083.6031660354006
3010533,390.2217125690123
3010534,451.0937770462383
3010535,284.23243897274716
3010536,12416188.530786023
3010537,61.38802065968253
3010538,5.744219900066396
3010539,43.31179197646273
3010540,61.942507329161
3010541,4.951670549896524
3010542,551.7288203558529
3010543,35.56542517979099
3010544,44.0780393811271
3010545,24.611034216918693
3010546,173.43577879802797
3010547,23.14208839918968
3010548,674.1055287026965
3010549,583.0587463790007
3010550,20.68829634642407
3010551,22.268315763548493
3010552,917.2340499547931
3010553,195.99593423271605
3010554,5791324.145929086
3010555,9.408249067385494
3010556,72.70659780021853
3010557,2.346205584454455
3010558,0.5617130945588713
3010559,1.9383014447504223
3010560,1420.213782488794
3010561,0.4727872874659639
3010562,154.66997122943044
3010563,2.9882829614394946
3010564,659.6604518817218
3010565,342.17887280058187
3010566,116.94767283910979
3010567,163.0084726375133
3010568,30.148635219129158
3010569,7568.102184981633
3010570,4.2811317825480035
3010571,0.6557912209247391
3010572,9.659044709381899
3010573,10.716759271873883
3010574,0.6886376876237527
3010575,150.56860986165725
3010576,0.7314523419867951
3010577,60.09583317717685
3010578,3.7121098168714357
3010579,37.94297072925615
3010580,0.8816324568826138
3010581,51.1160791869139
3010582,99.03959195664224
3010583,1.7732384490429198
3010584,3.9767145429656985
3010585,71.7803051021606
3010586,15.923829395795456
3010587,625.0770922500712
3010588,5.426696051460723
3010589,2.8732088571655434
3010590,5.853385128013281
3010591,0.9519143045279304
3010592,3.004875842762885
3010593,4458.6208695817895
3010594,1.0169683024303007
3010595,559.221920078404
3010596,7.347235170998174
3010597,1242.653644677372
3010598,803.2094706253448
3010599,220.5572061515872
3010600,378.9744933673464
3010601,55.1215787837863
3010602,1132548.6063102956
3010603,10.118248703988556
3010604,1.2677842630200173
3010605,17.699311629724566
3010606,21.788764221516345
3010607,1.2851781273641865
3010608,264.35198467238575
3010609,2.2061466910334584
3010610,5.477774151513688
3010611,8.896961270185853
3010612,16.60673302168803
3010613,2.1287101301477476
3010614,308.1421875519449
3010615,246.77830848220214
3010616,4.01427685787618
3010617,6.497119744545456
3010618,98.90848100620909
3010619,46.590248532632984
3010620,1707.4519767727297
3010621,5.1225490522619594
3010622,5.380228021017047
3010623,0.9906571425056201
3010624,0.4154362218310625
3010625,1.716461698007774
3010626,949.6230138299447
3010627,0.4415159763690168
3010628,127.47653893739933
3010629,2.8526617448301517
3010630,838.4807192153401
3010631,199.60734936651568
3010632,88.81934256825478
3010633,319.37794370953463
3010634,15.055374448799293
3010635,4574.787768007662
3010636,1.89802669757435
3010637,0.5884477480187231
3010638,7.642085655628915
3010639,4.719703647851596
3010640,0.59876932629034
3010641,105.53758205137221
3010642,0.6021303143136495
3010643,49.31267306284305
3010644,2.6011006548243243
3010645,32.464952128434646
3010646,0.7129496588027991
3010647,59.44944500635972
3010648,93.50783966442734
3010649,0.8319483437834718
3010650,1.1136915358906738
3010651,45.045400423145246
3010652,7.509545435647022
3010653,309.79907071853955
3010654,41.69281662696217
3010655,1.3388896307202383
3010656,5.9071156148309925
3010657,0.5425902083202425
3010658,2.5972209899186005
3010659,1759.9423490472286
3010660,0.5311275918740548
3010661,238.30654390736998
3010662,4.988833753263391
3010663,957.6692922877355
3010664,503.3781825681802
3010665,164.72814107826517
3010666,273.46167212213925
3010667,43.02862173061631
3010668,47261.82907955449
3010669,3.156990141469622
3010670,0.8637144412464337
3010671,21.353655068061265
3010672,17.215093120573734
3010673,0.7688619733026228
3010674,196.50972748097175
3010675,0.7223474151312484
3010676,60.121572798703255
3010677,9.893299786733575
3010678,20.819215341032162
3010679,1.205334629898275
3010680,189.37513932994
3010681,199.3943735013283
3010682,1.3361453009477307
3010683,4.036617541893629
3010684,151.8329901650566
3010685,23.956692966582253
3010686,1431.4834826897604
3010687,24.091516020853597
3010688,1.2951009655291512
3010689,3.1341663612021797
3010690,1.415426264031563
3010691,2.6621763968015526
3010692,2170.3593711281396
3010693,1.513685130216787
3010694,724.9428121756351
3010695,6.751300785746985
3010696,908.6153199810609
3010697,783.1701957274028
3010698,223.91880241910616
3010699,150.02073942501193
3010700,51.499307935245305
3010701,356349.9776806077
3010702,7.192040041172067
3010703,3.423712117051583
3010704,26.361898669567204
3010705,35.15528542166052
3010706,1.916172522100161
3010707,206.10961837447977
3010708,3.308770138202159
3010709,9.43537045329145
3010710,6.400919269613736
3010711,28.440464658020066
3010712,3.042594379929856
3010713,136.0522650935675
3010714,257.5754246800286
3010715,4.87436860987515
3010716,7.15077100454317
3010717,116.69494237699686
3010718,28.817496614542954
3010719,982.5837309709992
3010720,7.058330903139247
3010721,4.663250327250148
3010722,2.436450246730489
3010723,0.3853258218611706
3010724,0.7109144484339489
3010725,1357.7954780987334
3010726,0.4029941028453853
3010727,98.81051884836963
3010728,2.1642586533116854
3010729,568.0629560469683
3010730,230.30733697097105
3010731,87.03791983963646
3010732,203.50740546620742
3010733,27.42956532067382
3010734,12738.177726223916
3010735,4.110053602410727
3010736,0.5670514095589526
3010737,7.653436800675326
3010738,9.905438082001352
3010739,0.5731964297132954
3010740,105.39100873267873
3010741,0.5531483054838174
3010742,49.25374327275233
3010743,2.3343760742605477
3010744,29.33876631473589
3010745,0.7345776456264177
3010746,149.03755989104056
3010747,95.12949666602304
3010748,1.0537231822837136
3010749,1.0364715792215538
3010750,38.550198070702926
3010751,14.633647539380174
3010752,488.13079103504725
3010753,6.457520909332266
3010754,0.9707445316701411
3010755,3.9505161305644325
3010756,1.1295066835426508
3010757,2.0330317450712068
3010758,3881.4854997272373
3010759,1.2751308218486863
3010760,576.4579479472675
3010761,7.312435979770008
3010762,884.8645928123899
3010763,716.7317734818836
3010764,193.48073217862483
3010765,164.84065517249581
3010766,53.17643849914381
3010767,424507.8525701906
3010768,5.7567486511984995
3010769,1.5865887566613541
3010770,15.466111797698941
3010771,11.091750301668934
3010772,1.6078762170900935
3010773,211.26707469763045
3010774,1.6043837597966444
3010775,21.713510776369898
3010776,5.495262433782475
3010777,37.0153060659301
3010778,1.9082569979044697
3010779,166.96149504125037
3010780,231.8815616794821
3010781,3.3467034419908774
3010782,4.7531901508026415
3010783,94.62730216777818
3010784,38.18992687277941
3010785,1780.3830444603077
3010786,5.647041589061612
3010787,2.204812361634156
3010788,3.8347829047259987
3010789,1.257985746788255
3010790,12.010784995034923
3010791,2064.859431825044
3010792,1.3828523722803059
3010793,548.2260983881243
3010794,7.2286485667309055
3010795,886.507197644605
3010796,887.5741746923723
3010797,178.77906353239553
3010798,108.65667615660875
3010799,99.56670128045496
3010800,33433.406458714184
3010801,37.816241445061294
3010802,2.177714015362267
3010803,21.58326687208753
3010804,24.950023221536114
3010805,1.7555276592685318
3010806,244.00542663415868
3010807,17.054256385006678
3010808,21.934851167136415
3010809,4.81980469324877
3010810,84.88097082138016
3010811,7.475859694046669
3010812,169.43869833746203
3010813,244.25862289732603
3010814,9.674910423925349
3010815,10.858576831863914
3010816,203.15892286074086
3010817,55.20989042764514
3010818,6237.668824883219
3010819,30.40363649463631
3010820,9.212776315481637
3010821,5.0773014529984435
3010822,1.2407161115223586
3010823,10.239237470753569
3010824,2598.5614499046933
3010825,1.4210773840490094
3010826,472.1622635465233
3010827,8.728354374450529
3010828,894.4473526135932
3010829,825.8497684936665
3010830,173.39845282887296
3010831,71.43291067364629
3010832,77.18244272680467
3010833,35488.8071951756
3010834,19.693134871048745
3010835,2.0927853178611855
3010836,39.720269974664696
3010837,78.23254003146107
3010838,1.7353902695876076
3010839,326.4994617772574
3010840,18.788289739632468
3010841,17.030814108352327
3010842,8.710270929004517
3010843,79.96276066963217
3010844,9.317341041088403
3010845,136.63692997742842
3010846,432.7923042907015
3010847,6.934716648843237
3010848,8.776523823754037
3010849,97.22781807350158
3010850,64.72429069724159
3010851,3445.9617334722275
3010852,5.3973990258938205
3010853,13.404323763189906
3010854,8.493534700795013
3010855,0.8940403613419329
3010856,5.326983587887878
3010857,4391.709943202225
3010858,0.984288685901175
3010859,759.8725665554332
3010860,5.0692856367603545
3010861,1881.800790555032
3010862,870.4204983880037
3010863,223.15433991366987
3010864,968.5375865311703
3010865,58.81800830002562
3010866,4371888.002790401
3010867,28.903665752776597
3010868,2.172508249527769
3010869,16.338151286984566
3010870,18.92104433653061
3010871,1.234884038720503
3010872,314.71222270391075
3010873,5.119026156793343
3010874,13.095136037602856
3010875,11.13134238565992
3010876,46.62775454290062
3010877,2.175372281938534
3010878,136.30690948027424
3010879,304.3757690487054
3010880,6.162694438122762
3010881,7.484071308385511
3010882,186.35200681505566
3010883,45.699763858848804
3010884,2387.089755823429
3010885,41.19081329543468
3010886,12.608355460928738
3010887,3.856787645591103
3010888,1.4462704800396016
3010889,9.887575811294278
3010890,1866.3575254062973
3010891,1.4273309372135707
3010892,378.5163860800731
3010893,7.113489772874202
3010894,759.4410613213789
3010895,796.7550535195764
3010896,208.41737858828907
3010897,111.61146918926977
3010898,68.1202813076367
3010899,19396.13289866567
3010900,17.565614038789388
3010901,2.5755057053677244
3010902,11.441206422777915
3010903,11.797332763620483
3010904,1.7723450080920415
3010905,226.58220532619208
3010906,16.738713690607607
3010907,18.21145134668748
3010908,5.320524656026391
3010909,75.40321768406916
3010910,5.399081177665758
3010911,326.4092358110444
3010912,216.19243041822224
3010913,6.657957256010541
3010914,8.641878191490118
3010915,331.08521107084056
3010916,37.835134701706394
3010917,4356.674695474772
3010918,45.578088918641214
3010919,18.163011178296514
3010920,4.394817170403243
3010921,0.8553470497576738
3010922,4.878548722118695
3010923,7107.067804557666
3010924,0.9494041262269712
3010925,491.17611889697656
3010926,6.478890500618778
3010927,1626.0883362592308
3010928,726.09262522868
3010929,248.65226211144045
3010930,201.62951495754655
3010931,51.92155480789213
3010932,1811145.6913827667
3010933,8.67489153266143
3010934,1.8288922965895968
3010935,23.97727618414598
3010936,23.15871661861632
3010937,1.2126238030127723
3010938,478.42905441576823
3010939,1.1767177146908399
3010940,5.38008877945161
3010941,9.084514853154625
3010942,32.84314999157363
3010943,1.9868326599635773
3010944,111.48941520682192
3010945,322.70440528251765
3010946,3.649862174183767
3010947,7.126617003975102
3010948,162.94517663052414
3010949,44.73355831882732
3010950,1445.7565316437936
3010951,25.421747502745845
3010952,5.928441857945419
3010953,6.2791351649601355
3010954,0.6810446580747327
3010955,8.715439559398133
3010956,2131.543842295385
3010957,0.8300609579841824
3010958,499.4875381395491
3010959,8.443437657304225
3010960,934.5151234777823
3010961,800.4329164356261
3010962,240.55860981417737
3010963,117.96287916157019
3010964,96.22603676154381
3010965,23277.65488619828
3010966,35.07674941949504
3010967,1.4867058075666173
3010968,15.685513645098494
3010969,28.274733185739294
3010970,1.0911314027094634
3010971,248.22889993168914
3010972,12.237947062907551
3010973,17.304570967549935
3010974,8.172703582470769
3010975,86.64590467509427
3010976,8.67586272199707
3010977,160.39526310252364
3010978,378.5285912655811
3010979,10.555627184767129
3010980,9.11187581577157
3010981,164.7634457089006
3010982,39.75396765720041
3010983,2743.853190591216
3010984,4.521360660838373
3010985,4.740421929768177
3010986,3.911667247783576
3010987,1.0065341109839712
3010988,9.145339966389127
3010989,1877.9569290725897
3010990,1.1071137856064794
3010991,539.2372989760639
3010992,7.496514544303711
3010993,741.568050674659
3010994,810.5616263483024
3010995,182.75732593188425
3010996,117.83397071425414
3010997,84.25004018385572
3010998,12145.115064550555
3010999,26.524561106601542
3011000,1.5158011842122279
3011001,14.510315102586986
3011002,16.39022970804055
3011003,1.3608225773512428
3011004,210.60415947541844
3011005,11.665707596301933
3011006,29.72155367765304
3011007,9.486838501281195
3011008,63.04078204175829
3011009,6.9937406386743355
3011010,178.75689381428964
3011011,220.67178812600002
3011012,7.538850571022698
3011013,7.3945591059089075
3011014,183.68799577432398
3011015,40.77956988469438
3011016,4197.615931246422
3011017,7.327985805338704
3011018,12.684452416932103
3011019,5.076322838456141
3011020,1.3214908830223215
3011021,6.096089971568746
3011022,12606.512655951203
3011023,1.4441690089976298
3011024,671.0883529849767
3011025,10.035034546931284
3011026,1134.254166812575
3011027,866.6931529584796
3011028,336.36912290198643
3011029,300.9936959012903
3011030,47.42548561315085
3011031,641936.2779899156
3011032,8.689189780191672
3011033,1.7314139569313745
3011034,16.120658264026456
3011035,17.7243308695304
3011036,1.7909950552269436
3011037,237.37348510245633
3011038,1.8057996767949438
3011039,9.772982173407197
3011040,4.037684279646123
3011041,64.97639554737951
3011042,3.391778957731487
3011043,179.4526358805312
3011044,286.40131331004096
3011045,4.116898779635085
3011046,3.7561268017849394
3011047,174.54420254799174
3011048,96.51492730299857
3011049,1573.1512295982297
3011050,5.84431666476502
3011051,2.1443488936098145
3011052,13.138853910764428
3011053,3.2378150675409776
3011054,19.74807483400337
3011055,5872603.205430977
3011056,3.5399074074357104
3011057,1266.4512021586702
3011058,25.91386938456868
3011059,2184.9427390858773
3011060,2739.153630672159
3011061,690.0012993369642
3011062,581.0103770129041
3011063,395.72197175852125
3011064,453591397.9343429
3011065,78.03324806552371
3011066,7.349833622853659
3011067,92.45269456088953
3011068,113.8581609917692
3011069,4.5661877178121495
3011070,731.2778555420265
3011071,63.985345095740215
3011072,25.017351056303625
3011073,45.289867608167036
3011074,245.2597016004306
3011075,23.52683460385005
3011076,750.8652849169067
3011077,650.3446193210514
3011078,31.568197245614705
3011079,34.797153354036546
3011080,922.8868340068228
3011081,263.802739478722
3011082,58103943.350012705
3011083,245.588000353555
3011084,74.66804080122137
3011085,13.110748291675835
3011086,2.2812423799381785
3011087,16.914297268395153
3011088,3048679.693328171
3011089,2.5357116571065434
3011090,1023.430984758247
3011091,23.619296771411477
3011092,2130.9204239066407
3011093,2058.988828417287
3011094,771.6063197356978
3011095,349.295075026203
3011096,243.0450292944413
3011097,1153120249.5686376
3011098,118.28035662259809
3011099,3.8409620694986972
3011100,50.791998029938995
3011101,91.24597509748733
3011102,3.398185326038935
3011103,683.8027575130628
3011104,39.998242017106385
3011105,32.58175618237522
3011106,31.91127840674492
3011107,157.44808891279547
3011108,15.87164557547928
3011109,896.2185834502386
3011110,795.0443270897542
3011111,18.427740134835688
3011112,29.628814450619
3011113,959.6528032169803
3011114,182.53569491547367
3011115,1125740.686358166
3011116,384.77340560537203
3011117,78.85358752041552
3011118,11.766063901883166
3011119,1.9774726510074292
3011120,20.24887693391792
3011121,58860.11910127476
3011122,2.225104242393424
3011123,851.9687978581776
3011124,13.347570248356034
3011125,1883.1927607986681
3011126,1575.6277071008822
3011127,866.87142559019
3011128,114.52792255511666
3011129,180.68992486854387
3011130,367578920.61666435
3011131,36.52449859915904
3011132,4.032221032520536
3011133,27.947653034585777
3011134,30.66180126214477
3011135,2.874238512189661
3011136,647.6004134272104
3011137,37.070849542543726
3011138,25.799854802948268
3011139,14.848047922948208
3011140,97.01413908953207
3011141,8.421016011019669
3011142,799.4039566241139
3011143,735.5239869590326
3011144,21.31005229149959
3011145,37.82037743946136
3011146,712.5118176788066
3011147,124.95246670306071
3011148,17744.183041333938
3011149,279.9627171412739
3011150,34.841099475913516
3011151,13.756675710068503
3011152,2.439684571211692
3011153,20.039060853418484
3011154,2456524.7044059443
3011155,2.6978000553561596
3011156,992.2882647563911
3011157,19.721482055569496
3011158,2078.6927022142318
3011159,1996.695416050818
3011160,771.2519990328209
3011161,325.1030166716663
3011162,211.2250076902599
3011163,673775799.0085034
3011164,44.527041706821706
3011165,4.475095309500373
3011166,42.690608852971906
3011167,85.34102075827889
3011168,3.5777624690933076
3011169,696.1991681565942
3011170,54.68882298384247
3011171,27.17984620355942
3011172,28.96808550739106
3011173,161.47931205865407
3011174,11.125932082020595
3011175,754.2783351502433
3011176,759.6305000259224
3011177,22.491796166401326
3011178,26.763526388055585
3011179,951.44205090219
3011180,177.33537700553953
3011181,479336.4737141044
3011182,398.38333978345474
3011183,60.06041135993799
3011184,9.776185026681446
3011185,1.3778999818567892
3011186,21.168857410731945
3011187,10565.112267593573
3011188,1.5684265612973538
3011189,781.8954458789339
3011190,12.74404494172326
3011191,1632.0478573749158
3011192,1162.6482289082437
3011193,712.7425223091167
3011194,94.10645853430209
3011195,127.83277174105993
3011196,57060658.15643486
3011197,34.01066137843158
3011198,2.038898723444311
3011199,28.353292334893908
3011200,35.05392866320239
3011201,2.0358930616755564
3011202,610.8755046485396
3011203,34.36361540121104
3011204,12.894381856428154
3011205,11.224385123294281
3011206,88.16020725504941
3011207,5.463039608744886
3011208,745.0467105792001
3011209,769.7941111646485
3011210,15.386418529850882
3011211,24.086728084195496
3011212,711.2808309517671
3011213,74.25008144322553
3011214,4803.161974241299
3011215,182.24832685072758
3011216,19.67577480687314
3011217,9.314426715243856
3011218,1.2452299840731964
3011219,12.034208666707265
3011220,53744.93985619462
3011221,1.4452647559244052
3011222,983.9828844251309
3011223,18.831750240612234
3011224,1475.1321083067562
3011225,1795.3147928355618
3011226,524.952604482334
3011227,427.4968125653199
3011228,264.6042413025678
3011229,9303604.617360672
3011230,59.28542404314902
3011231,2.3075383627843653
3011232,39.69620559939064
3011233,68.07902505773373
3011234,1.892225197247921
3011235,503.31234874610806
3011236,20.415892287178057
3011237,25.106435689323025
3011238,13.161925236744876
3011239,183.02039699070434
3011240,14.552047575913296
3011241,710.2280897686436
3011242,554.2600522414355
3011243,17.844421806880998
3011244,27.7229421983368
3011245,874.4341395556826
3011246,178.35343218742776
3011247,2693217.3713142215
3011248,240.6183660817229
3011249,66.44180560641826
3011250,5.041770240243422
3011251,1.0877091899243683
3011252,10.809151722364549
3011253,1488.3380847524525
3011254,1.2058198432633884
3011255,311.6157197266195
3011256,17.099926883296526
3011257,879.2015630200534
3011258,628.8955445547239
3011259,240.64928002700137
3011260,71.0982458681102
3011261,70.04782240493506
3011262,12413.154324536199
3011263,45.86382262992504
3011264,1.7720363400229162
3011265,21.95236795523864
3011266,21.676508563351
3011267,1.5487412132287082
3011268,239.08699938647015
3011269,11.282574513598957
3011270,11.268913184769957
3011271,9.926547161861649
3011272,44.49331998038284
3011273,6.212297840496304
3011274,207.84598063142334
3011275,234.01296004469157
3011276,3.0715250018327596
3011277,6.499305601277735
3011278,170.34094449254525
3011279,42.8051652283272
3011280,1917.8966213910085
3011281,4.933668500304542
3011282,6.241934771782509
3011283,8.26184997248814
3011284,1.2639867252232277
3011285,15.395498583972662
3011286,5938.612310519548
3011287,1.45077622792131
3011288,626.3875296538282
3011289,23.933942108553193
3011290,1373.80390882076
3011291,1065.2406021784884
3011292,541.1660198739844
3011293,97.71384503734758
3011294,100.63133989767351
3011295,1733444.6290671728
3011296,62.192874471852306
3011297,2.0941219871415124
3011298,39.26605639520375
3011299,48.698011575465976
3011300,1.8781697754030777
3011301,456.3423009260101
3011302,24.425823684121237
3011303,9.858302722947814
3011304,6.102592965486751
3011305,100.45816410761793
3011306,7.17027799838941
3011307,536.688793611672
3011308,575.692086514312
3011309,10.810747852101644
3011310,19.84729487043543
3011311,361.5723719928512
3011312,57.865269095387504
3011313,5206.957484674259
3011314,208.66598239822918
3011315,15.36537550007753
3011316,5.101040928349814
3011317,0.6290361669721372
3011318,7.799916826013623
3011319,5000.607195587429
3011320,0.8015410990188712
3011321,826.2054792955364
3011322,6.3362931457332055
3011323,1204.6737644874845
3011324,1336.3854288071948
3011325,267.24797765511823
3011326,293.2788431605192
3011327,193.99700844813697
3011328,114594.06309641658
3011329,24.62923550616395
3011330,1.5765214749470196
3011331,20.24751299336004
3011332,31.709835361002288
3011333,1.1802858814531456
3011334,353.80591723776894
3011335,2.1965068081545835
3011336,38.07361594155121
3011337,6.3584457584369565
3011338,109.15010935769675
3011339,6.60147635473493
3011340,592.1657791208671
3011341,303.08745215680824
3011342,16.50855327079696
3011343,8.467676939147246
3011344,684.9772651201589
3011345,104.25903331352804
3011346,133622.36170634767
3011347,7.53890264447219
3011348,32.99220255306137
3011349,9.019433356179958
3011350,1.0202672373053299
3011351,12.726882725532903
3011352,3771.514347789116
3011353,1.1836708987587667
3011354,735.1653997817835
3011355,7.861422135309167
3011356,1242.3314217672003
3011357,1040.3980588737545
3011358,373.0754426219733
3011359,164.6693658901111
3011360,220.2014178415918
3011361,365428.76687474217
3011362,48.29713866813423
3011363,2.5460007671080156
3011364,42.753162332286486
3011365,38.24039577445199
3011366,1.5455736629050585
3011367,317.591169913971
3011368,7.188522218045299
3011369,40.369118874017424
3011370,8.439399485159377
3011371,183.9419567805856
3011372,7.110050380268116
3011373,436.3363165157904
3011374,323.23425466980666
3011375,11.991344501167477
3011376,19.015213929860263
3011377,437.3113950312041
3011378,102.56647914649461
3011379,34760.84693534842
3011380,6.843396813798025
3011381,6.300210949595488
3011382,7.311912010334715
3011383,0.6615273568929146
3011384,6.249394266829691
3011385,1619.7965557540833
3011386,0.6898690944635388
3011387,480.90737074389176
3011388,6.506434088254437
3011389,884.7154906508617
3011390,593.3611059029754
3011391,254.66774524043376
3011392,79.52278632764678
3011393,71.32022107252035
3011394,9416.525407651183
3011395,12.560602565773827
3011396,1.601055024157148
3011397,18.471460213049284
3011398,23.800831070377686
3011399,0.909393911849374
3011400,212.43359908172005
3011401,3.0571850491057946
3011402,12.298503869550203
3011403,6.5330804635038575
3011404,83.50408991770519
3011405,2.914739119836886
3011406,213.37628856076108
3011407,215.7482137809687
3011408,4.188532184199695
3011409,5.048648175757082
3011410,150.21985655044156
3011411,43.86910144642017
3011412,2310.1918086889573
3011413,5.0286491077285245
3011414,2.2518396359654425
3011415,3.9992318632715147
3011416,0.45338270080673987
3011417,2.329221902052757
3011418,3327.394290430627
3011419,0.4888430865139671
3011420,263.7195438321131
3011421,3.2764531404144828
3011422,1186.1549687322913
3011423,283.38729953410257
3011424,220.60941262419897
3011425,89.33385070057919
3011426,25.080062948465777
3011427,46471.20718506322
3011428,5.809704536296909
3011429,0.7820104354997118
3011430,17.5582030822308
3011431,10.694888457374741
3011432,0.6669449863785908
3011433,227.26304767167548
3011434,0.6602107972326152
3011435,63.48380659711014
3011436,4.318237628436619
3011437,18.545499772105188
3011438,1.0388416995158143
3011439,40.192437525436254
3011440,194.15785200048933
3011441,0.7869365232314471
3011442,2.478717299287614
3011443,50.3092902293843
3011444,69.35628640888993
3011445,714.8815410057587
3011446,47.499019582852995
3011447,1.597660507534508
3011448,5.4136142160955565
3011449,1.5616530073490245
3011450,9.290668783556642
3011451,3514.658084659316
3011452,1.7854870932219127
3011453,521.5169678273832
3011454,9.00076808780559
3011455,1035.9912948464814
3011456,970.1035585132673
3011457,361.4468679652173
3011458,147.0841139212278
3011459,105.83815751872808
3011460,200214.73385182698
3011461,27.903570293386938
3011462,2.2893792967767683
3011463,27.62019058051679
3011464,47.97846845298525
3011465,2.1104151671942293
3011466,391.47983262874436
3011467,19.849835153665435
3011468,16.03914213432673
3011469,19.689418175906276
3011470,58.170333149119436
3011471,6.5745079472251255
3011472,424.2700276636532
3011473,313.8405097580012
3011474,8.596719885524983
3011475,10.130245096933033
3011476,497.2692131064366
3011477,61.92104466422933
3011478,5857.91240046644
3011479,49.71540260845846
3011480,30.82741165002394
3011481,4.630714541876291
3011482,1.4586408912076614
3011483,9.33291385095024
3011484,3257.603435860616
3011485,1.6606814073291905
3011486,658.1466046245196
3011487,13.416435265329536
3011488,944.2268325772047
3011489,1169.668433491729
3011490,211.91540785870083
3011491,251.7360352246551
3011492,170.44988108782675
3011493,28484.530875903052
3011494,29.119471364227493
3011495,3.1706633289143054
3011496,27.364554739091353
3011497,25.40063309055258
3011498,2.203993841092453
3011499,258.58899452850864
3011500,12.934313277865051
3011501,30.304326950551975
3011502,9.677134253690706
3011503,127.34276135852987
3011504,7.943640643906133
3011505,448.946453500972
3011506,259.4630707935347
3011507,7.290186415550945
3011508,13.670598620880503
3011509,580.9727222342655
3011510,110.25960074058585
3011511,95141.34651326093
3011512,5.955370410445781
3011513,33.71965286816823
3011514,5.808680403548141
3011515,2.642152002053562
3011516,15.636972443124755
3011517,8849.872588181785
3011518,2.8291704041643997
3011519,770.5542565530404
3011520,17.435512385619074
3011521,1040.3441511131318
3011522,1329.2781388466951
3011523,297.17144327625414
3011524,280.0336740133584
3011525,128.64728021257588
3011526,242306.0212107066
3011527,31.218565149829384
3011528,5.464669122036667
3011529,29.045414997566503
3011530,42.953100866532424
3011531,3.519213327699368
3011532,337.19624584286646
3011533,28.239544039526542
3011534,30.196310904781917
3011535,23.59493894618869
3011536,112.38384754295825
3011537,15.534192800996072
3011538,422.66620011265906
3011539,304.8800842347343
3011540,18.778419269565614
3011541,19.698844304934003
3011542,557.3889262415495
3011543,111.6899575887593
3011544,162177.95723555805
3011545,7.857712437150415
3011546,34.98156440760482
3011547,11.83751990006138
3011548,1.5824805988005668
3011549,8.686325934110046
3011550,4841.79069731404
3011551,1.3460151729950403
3011552,600.8694611806199
3011553,10.458167707031361
3011554,1643.1579546292862
3011555,1022.3779060818446
3011556,567.0448495924693
3011557,255.10367080319745
3011558,72.14479084395063
3011559,31624146.729971863
3011560,10.08246717768367
3011561,2.2923842824415375
3011562,40.740654687585504
3011563,38.65005344097727
3011564,1.6589479824858515
3011565,463.44018435248296
3011566,9.76620129721714
3011567,9.176353015927152
3011568,11.181754096120082
3011569,51.193373581922984
3011570,3.024273339677698
3011571,310.66059848331105
3011572,481.69537167104164
3011573,6.892257051101302
3011574,8.145069524474355
3011575,391.4873904003525
3011576,69.93222023067938
3011577,2406.886716091244
3011578,89.23456707113901
3011579,11.813961434769745
3011580,4.892147068243893
3011581,1.786581149363986
3011582,6.332061952852558
3011583,1571.6764035538663
3011584,2.016196672215543
3011585,304.61073309149316
3011586,9.585839817278591
3011587,629.6011960325883
3011588,704.4029094875407
3011589,142.57268571988158
3011590,105.82163628311052
3011591,90.48786130145827
3011592,5313.311809567635
3011593,16.409581945881513
3011594,2.8852375526501057
3011595,15.620285919238574
3011596,25.0617021713745
3011597,2.391448054076898
3011598,175.9921947971304
3011599,10.605391511020422
3011600,16.886085713119158
3011601,10.143356674428972
3011602,72.49168218641947
3011603,6.050690922530066
3011604,254.04669047714557
3011605,159.4552826848388
3011606,5.208916054895075
3011607,11.769423055713387
3011608,296.648753299942
3011609,48.29058994151762
3011610,5665.222539273584
3011611,49.33064612542386
3011612,21.22593851890809
3011613,1.11054122672551
3011614,0.5876183375929059
3011615,1.6431791804043017
3011616,1106.817373010589
3011617,0.6221726047349257
3011618,98.45583747823571
3011619,2.7770833738664535
3011620,733.4080207664624
3011621,320.18057118614945
3011622,212.44781713777115
3011623,33.56958132700981
3011624,27.633170501796403
3011625,22584.814001002393
3011626,4.374492170760051
3011627,0.8897450897979939
3011628,6.631412034185276
3011629,9.735225669485796
3011630,0.8254730128056775
3011631,152.59735695954777
3011632,2.306727293150024
3011633,46.85722913944882
3011634,3.410669746193931
3011635,9.858334319946255
3011636,1.0377015260438103
3011637,138.1994966108372
3011638,167.79367324347237
3011639,1.2028353184020821
3011640,3.3400005409694704
3011641,111.01202026720857
3011642,18.928146600605412
3011643,471.19371956878166
3011644,60.291747190904175
3011645,1.4557520632047605
3011646,8.158555650692318
3011647,1.5958654002035448
3011648,7.565170912565869
3011649,27124.890549254105
3011650,1.7238234725501798
3011651,677.2339614558925
3011652,9.135612076104463
3011653,1692.5272133736307
3011654,876.5832931942082
3011655,574.2704036226778
3011656,258.15004181890123
3011657,70.0009817454195
3011658,103923315.22163835
3011659,25.882246989695197
3011660,2.3028953485449972
3011661,22.869076203178476
3011662,21.00534700173404
3011663,2.2050246349132925
3011664,532.6420954269875
3011665,8.844613972305313
3011666,8.606635291853365
3011667,8.370406957648663
3011668,34.57475612415515
3011669,4.1938070362420525
3011670,573.5163445363905
3011671,486.4240133692824
3011672,4.712547370508169
3011673,12.470013351730264
3011674,416.07160452296245
3011675,81.65897629149941
3011676,5786.669032607223
3011677,41.53509367446222
3011678,8.240911583715302
3011679,4.723934338480748
3011680,0.8056045662668121
3011681,2.0475136395838764
3011682,1321.138880674184
3011683,0.8459497395818437
3011684,177.06653543805356
3011685,6.825819931814199
3011686,909.428151556082
3011687,454.3331478551381
3011688,205.4242112678773
3011689,61.11676932608366
3011690,29.72440134379065
3011691,25681.003066450874
3011692,6.555960904898776
3011693,1.27378984536552
3011694,12.56935559878093
3011695,16.87592230570851
3011696,1.1704143288865159
3011697,167.85243431050912
3011698,5.600844319692742
3011699,61.56246772296003
3011700,12.19398686412459
3011701,29.827046011113268
3011702,1.6395284646561856
3011703,136.43172833913647
3011704,197.81150651578784
3011705,2.3520811741724916
3011706,5.153267624484215
3011707,124.98604629551902
3011708,27.294482986573353
3011709,621.3735335035551
3011710,24.007104051897954
3011711,3.800554707268825
3011712,3.808890104515931
3011713,0.636328390479736
3011714,5.324776011444238
3011715,1202.9415400396724
3011716,0.6732800833944762
3011717,123.86172657531303
3011718,4.401966771653687
3011719,821.8847206439831
3011720,309.42177029989597
3011721,158.95233243672865
3011722,40.73936219131373
3011723,27.603732402228818
3011724,17108.26432344442
3011725,9.24145831874591
3011726,0.853818191411515
3011727,11.070293977991362
3011728,8.25632370232044
3011729,0.8948970120662396
3011730,151.80044853233792
3011731,1.6986157433271183
3011732,60.27868307421115
3011733,4.826689385689733
3011734,29.510897968497524
3011735,1.18825832473684
3011736,137.9868423976788
3011737,186.2583433280538
3011738,1.1674744208890249
3011739,4.349092942097037
3011740,73.08734094727964
3011741,18.532273590841434
3011742,377.70428765235164
3011743,27.384471792151242
3011744,2.0610085655008747
3011745,3.676842914279545
3011746,0.7841322591661449
3011747,3.1840012660336328
3011748,1295.6728863186443
3011749,0.944875106183406
3011750,166.9243962130033
3011751,6.432641051307193
3011752,1112.521523165826
3011753,430.1695962325206
3011754,219.1814948051997
3011755,29.91935629689734
3011756,34.32273841592971
3011757,35246.54881206007
3011758,6.194269250426563
3011759,1.2455959281108453
3011760,7.47308809344492
3011761,19.126826426744444
3011762,1.205099484636929
3011763,200.79180473045525
3011764,2.0151256014561936
3011765,58.5258524625861
3011766,4.054085387938104
3011767,17.540830801409612
3011768,1.8237448085836963
3011769,199.81916171427252
3011770,269.7903733083713
3011771,1.8295845078155366
3011772,4.6467209292419005
3011773,60.75418166829487
3011774,66.60970009568467
3011775,736.1075339092188
3011776,17.99758208108402
3011777,3.964023355196365
3011778,3.964315924459318
3011779,1.7457820456366027
3011780,3.9727730639624523
3011781,1514.5684407671702
3011782,0.8980234208368663
3011783,151.137379299647
3011784,2.072034602868811
3011785,879.1226211561183
3011786,389.854240279501
3011787,230.44083897626018
3011788,83.10640067887083
3011789,49.492040982915874
3011790,82702.13959072813
3011791,5.608145992946064
3011792,2.1463677138304993
3011793,13.573404479717587
3011794,19.428648136494328
3011795,1.1878478121871148
3011796,208.31724270646012
3011797,6.879606529120402
3011798,58.54315391770389
3011799,5.631047431989885
3011800,18.687421669940917
3011801,2.325259878833273
3011802,111.17202809847929
3011803,186.3933171424157
3011804,1.5942901896446582
3011805,4.317616194777503
3011806,100.78423142896531
3011807,39.02308378304182
3011808,1357.5916319713192
3011809,51.53872785724746
3011810,3.6554547895984997
3011811,2.6171842740660076
3011812,0.49944456432264467
3011813,1.556136765632937
3011814,1224.073716658618
3011815,0.46838685469129065
3011816,165.64043178030875
3011817,4.202836351886213
3011818,863.524918850644
3011819,281.9434162885381
3011820,149.94689215610902
3011821,123.50903829052362
3011822,21.923333858474862
3011823,26540.14624455143
3011824,3.006114177280046
3011825,0.6742576596975138
3011826,5.4789157441635385
3011827,12.206722671831466
3011828,0.6862615454677335
3011829,151.23450679842097
3011830,0.6403679146374353
3011831,48.91516303387868
3011832,3.9406634504586404
3011833,26.835247388076702
3011834,1.5577857771827384
3011835,44.86156303394049
3011836,124.40873880006366
3011837,1.046162348028046
3011838,2.8241907096625134
3011839,53.887435244050494
3011840,30.486890085999494
3011841,982.0504137691231
3011842,46.227813555769146
3011843,1.0268481985936202
3011844,7.588433422346766
3011845,1.0246571457165423
3011846,6.100484643244734
3011847,2432.1533855881084
3011848,0.9855062290626317
3011849,337.9651011083259
3011850,5.482199703196234
3011851,1017.0103815593151
3011852,825.9825345622681
3011853,534.195314648151
3011854,199.9310147725787
3011855,82.8488842162992
3011856,439248.0900640558
3011857,13.351068891233929
3011858,1.7253892539185132
3011859,21.016443604890544
3011860,24.328289791385558
3011861,1.2912260698594948
3011862,273.43786644392816
3011863,1.5562792555079756
3011864,47.51303891884149
3011865,10.041663273061081
3011866,31.511662127025325
3011867,2.608452662238195
3011868,252.07330435683838
3011869,263.15089131842586
3011870,2.3402253394207824
3011871,7.285148542659762
3011872,332.11952821124146
3011873,43.04943973637634
3011874,2769.028803505001
3011875,56.66238693803616
3011876,10.849089688588924
3011877,3.1482271526383587
3011878,0.6244379157333797
3011879,8.027484990939962
3011880,1850.8569162374033
3011881,0.6316183977870151
3011882,643.9071397248676
3011883,5.446744124154929
3011884,719.6432465334897
3011885,875.1729834722464
3011886,255.033410994687
3011887,150.2499077164149
3011888,43.28539100594502
3011889,89619.80071055876
3011890,12.473895784832127
3011891,1.0255584713779402
3011892,19.893456521678175
3011893,17.520209925473203
3011894,0.88541931373772
3011895,193.13821711615628
3011896,8.203765750827094
3011897,11.012708984320126
3011898,14.798472431016545
3011899,50.60470527194012
3011900,1.6521147631558155
3011901,93.51370063788914
3011902,174.16012395145228
3011903,3.5079474433772697
3011904,6.206312815100218
3011905,162.0208817961146
3011906,48.565338252732566
3011907,6831.877481161331
3011908,86.57812919609856
3011909,10.443177553370846
3011910,5.13124337033734
3011911,0.9864890032102284
3011912,5.954966330056812
3011913,1749.7558300320236
3011914,0.8775247180949804
3011915,172.01008031877794
3011916,5.661671036178232
3011917,789.6020556930971
3011918,383.53062042643967
3011919,263.6819584320543
3011920,56.731596880939875
3011921,35.201057378457875
3011922,77025.30239668714
3011923,17.196196657151788
3011924,1.6051589749087132
3011925,9.842306596165637
3011926,17.725804096190867
3011927,1.1735269799225745
3011928,163.33152143238996
3011929,5.996728243725819
3011930,47.45105434532169
3011931,5.642532189814796
3011932,32.01060658464522
3011933,1.9649439120987733
3011934,118.77716498448551
3011935,174.55015680678366
3011936,1.6837242053039
3011937,4.360483822737578
3011938,93.23711678469594
3011939,24.963859740562597
3011940,763.4647761549951
3011941,26.714950403044803
3011942,3.1476951325974705
3011943,5.319793044139932
3011944,1.5738955696171177
3011945,11.142982049013373
3011946,1982.7016064204865
3011947,1.8136920104426888
3011948,615.1642839228804
3011949,8.97973252333938
3011950,810.200974838189
3011951,844.7812273641366
3011952,226.32818825813482
3011953,135.37941149120584
3011954,77.2541318458467
3011955,58958.03517390908
3011956,34.83863933898563
3011957,3.2669022306440185
3011958,16.016936021427057
3011959,25.729164923444177
3011960,2.2020806612599975
3011961,217.64193884407908
3011962,19.619486518904267
3011963,15.903765664723407
3011964,8.302861211350026
3011965,76.37320323757515
3011966,7.848306253597336
3011967,401.09201315239
3011968,246.13224663194782
3011969,7.976608169677549
3011970,9.85101256034951
3011971,402.8205136351655
3011972,77.68257983720555
3011973,6279.055250050686
3011974,48.91809875357146
3011975,31.0317829161112
3011976,5.28841047470854
3011977,0.7884405982867244
3011978,8.050433846672671
3011979,4250.053402806511
3011980,0.8827681467986933
3011981,578.9554692970926
3011982,5.965554794739983
3011983,1426.0127296251917
3011984,888.9413188606947
3011985,675.0553967319078
3011986,93.68558639142374
3011987,61.59304901431294
3011988,5016424.318822243
3011989,9.397219482294814
3011990,1.1869363416486927
3011991,16.52076025646618
3011992,17.385156310343785
3011993,1.101227011766433
3011994,354.19855808227953
3011995,3.4182626736930803
3011996,14.282073236254428
3011997,8.452239517353334
3011998,37.17932519243203
3011999,1.9399278421286186
3012000,276.9129834498239
3012001,394.4206191635778
3012002,3.817770820537099
3012003,4.49844619448385
3012004,267.2981797721784
3012005,49.662833055329806
3012006,1986.0423576013695
3012007,57.0589626894498
3012008,8.957178884038944
3012009,8.430138777931923
3012010,0.66922470418929
3012011,7.382217849080725
3012012,2809.4943118126002
3012013,0.6241372274597407
3012014,505.5446079412445
3012015,3.685236579717574
3012016,1387.1180659868996
3012017,724.8785540089779
3012018,360.6186177034675
3012019,261.2674795573818
3012020,58.04086637176838
3012021,699634.2636128396
3012022,13.978016749157925
3012023,0.9506588281335886
3012024,31.610404002423255
3012025,30.672310517590304
3012026,0.8446155716197974
3012027,346.63207957925965
3012028,4.043866595577166
3012029,9.479668889096192
3012030,11.272286497221046
3012031,80.46570742222812
3012032,1.4220771667812069
3012033,91.30413102134519
3012034,298.92516177059827
3012035,2.668885612957776
3012036,9.232940431806227
3012037,134.85455821365903
3012038,110.00160790107691
3012039,2731.0523657828553
3012040,4.394607152759776
3012041,5.2458301574037804
3012042,3.593978195835027
3012043,0.47645902184428224
3012044,2.800707181764705
3012045,1295.2818758951607
3012046,0.46360881690666084
3012047,150.96310219723082
3012048,5.088962647527807
3012049,727.5749516214271
3012050,321.70899953569784
3012051,142.68971120480933
3012052,44.687221019404795
3012053,39.491112483663706
3012054,20321.971682051364
3012055,6.243747043446176
3012056,0.8335103039325223
3012057,19.61170768611193
3012058,16.480946464823045
3012059,0.6487497918372715
3012060,179.92176273501147
3012061,1.0879969617277965
3012062,50.35220356206075
3012063,3.5418434264982244
3012064,47.428521729635285
3012065,2.017095657230183
3012066,78.94258774309426
3012067,162.56362835846284
3012068,1.1058303150011413
3012069,4.96834636360853
3012070,110.60939642675122
3012071,27.871508140738346
3012072,787.1463564159841
3012073,35.706979926142935
3012074,1.8526471693307118
3012075,1.5640396193776078
3012076,0.8607402500691098
3012077,4.58993743616756
3012078,1119.0459230185152
3012079,0.9661612225389291
3012080,234.83139276035604
3012081,8.389317441702246
3012082,495.3220079286263
3012083,518.9394683997069
3012084,121.90668328522916
3012085,39.42346408434575
3012086,45.06137159345685
3012087,2607.9593395690536
3012088,21.98481432013365
3012089,1.2762307505662673
3012090,9.374868771922017
3012091,14.85136064814602
3012092,1.2577642573128456
3012093,119.72872528283645
3012094,9.831595269016818
3012095,6.071826140814476
3012096,7.983951703440821
3012097,42.335415391246116
3012098,4.639626895021862
3012099,582.5540359750559
3012100,144.38289646169173
3012101,3.670306672678684
3012102,4.11104344890169
3012103,277.84347830541833
3012104,25.128701062416756
3012105,1511.1110247600234
3012106,47.12368258400991
3012107,5.71115195154319
3012108,3.6959458751837326
3012109,1.826443647539753
3012110,10.195969548885257
3012111,2889.312849024457
3012112,2.016543037367117
3012113,711.6737164425656
3012114,13.245885331678883
3012115,911.317702552977
3012116,1115.1752882977987
3012117,280.3922378344319
3012118,168.0166026701758
3012119,130.2494085617434
3012120,35473.95258396005
3012121,29.102871365873085
3012122,2.5544551617460494
3012123,24.32451697202694
3012124,34.618836446613095
3012125,2.4635891239563117
3012126,226.41586579628174
3012127,13.695505653073084
3012128,28.831434763979505
3012129,11.319236818833268
3012130,81.19030231752484
3012131,10.078542015124473
3012132,351.7452994167551
3012133,272.8238981000154
3012134,15.695438913293179
3012135,8.13552325883761
3012136,481.1521376314683
3012137,85.53670135152447
3012138,30913.257910164582
3012139,45.36837957855578
3012140,19.33576070714707
3012141,1.9644424233368296
3012142,0.5899655569033163
3012143,7.081194415939685
3012144,1145.670862741271
3012145,0.603481215514678
3012146,268.5922150135603
3012147,3.8962202802801364
3012148,364.79724441138444
3012149,573.8655178038281
3012150,144.92569164928304
3012151,73.58685040179384
3012152,56.1745678183861
3012153,1638.9160762957622
3012154,15.217781021393352
3012155,1.1266424588845085
3012156,9.667009644437673
3012157,18.044847495575585
3012158,0.8005741402775827
3012159,86.99655228462815
3012160,0.7898357593696936
3012161,19.422423344586925
3012162,4.343510430547462
3012163,133.6744892471668
3012164,3.8622143801166917
3012165,140.94410753173005
3012166,118.70934955738693
3012167,3.2984584395312346
3012168,6.494254085245352
3012169,112.72215487306956
3012170,22.97633254971127
3012171,1238.0660715761335
3012172,3.9300527150508175
3012173,3.027217492945212
3012174,3.556825705026889
3012175,0.5742272641649058
3012176,0.7698353191519434
3012177,875.502681002353
3012178,0.6064815447278354
3012179,207.99875169000708
3012180,3.2112506270864714
3012181,387.6471411337642
3012182,239.97708774706877
3012183,81.13329713561252
3012184,30.574801567038257
3012185,23.77833814221391
3012186,1657.2131663185548
3012187,12.160634311649318
3012188,0.9600245803302898
3012189,8.61709763161732
3012190,9.641723776215397
3012191,0.9029552544934154
3012192,91.45713581973217
3012193,0.8721773449268286
3012194,8.058656588965357
3012195,2.6139954321057703
3012196,18.175728080847932
3012197,0.9462056359395274
3012198,190.97367224588263
3012199,145.24589567726377
3012200,1.656816098024915
3012201,2.6995952071624565
3012202,109.67331064392094
3012203,17.235205529783546
3012204,610.9990353707021
3012205,3.5289380121321345
3012206,2.2709353327480164
3012207,6.336541320338863
3012208,1.1710893004289242
3012209,4.855858843697463
3012210,2444.6752167953423
3012211,1.3345423708619837
3012212,639.5336206965802
3012213,11.164714931464347
3012214,756.9301543848874
3012215,949.8181633197482
3012216,272.5070296436433
3012217,187.99616574272574
3012218,69.53313461605342
3012219,28727.194787881515
3012220,20.07774730621179
3012221,2.691917610616268
3012222,19.272309209152965
3012223,26.78101563901048
3012224,1.709001881096067
3012225,229.44077062846512
3012226,6.916060208136811
3012227,28.030272036928206
3012228,8.495066617227465
3012229,104.4940094033827
3012230,3.6802201171140805
3012231,237.61454946812464
3012232,236.4747284074212
3012233,9.173266841203578
3012234,8.999941941040156
3012235,345.14839981299104
3012236,52.65829026388419
3012237,7313.997198305713
3012238,5.515695346441728
3012239,11.211862091872316
3012240,6.3954034003398155
3012241,1.144808313680341
3012242,5.367907247420401
3012243,7799.756152279178
3012244,1.301010100016075
3012245,760.7053674945334
3012246,11.863681202571737
3012247,1216.6200125139383
3012248,1289.8808448484199
3012249,445.8789794244696
3012250,292.7485060947773
3012251,63.355840982569944
3012252,3999534.010090778
3012253,11.944408373725201
3012254,2.0055599400749475
3012255,30.411545209202217
3012256,19.299014837916953
3012257,1.8332667323017213
3012258,292.5797880768035
3012259,1.6451055838489987
3012260,9.62783511231468
3012261,6.212508297087773
3012262,49.5947028727491
3012263,2.3039002191929896
3012264,188.11571536528987
3012265,357.92388948531294
3012266,5.312107357232104
3012267,5.079645455336795
3012268,227.0404970934074
3012269,68.97371547350137
3012270,5375.056875352077
3012271,5.852100106674124
3012272,4.9764754700066485
3012273,5.351332250828249
3012274,1.2200334807213844
3012275,5.5596240509909
3012276,4385.085352131604
3012277,1.2625847108738908
3012278,733.1870441896983
3012279,12.255295866822145
3012280,1031.568249365001
3012281,1081.471933382852
3012282,304.8158066720131
3012283,192.37383976919762
3012284,52.764672780192804
3012285,1562153.566530007
3012286,13.346895083018069
3012287,1.8414108459884357
3012288,23.63072835768272
3012289,19.277708922384544
3012290,1.5962917477424194
3012291,242.42985860867515
3012292,1.5962461946414948
3012293,13.739699489012006
3012294,6.275129560792249
3012295,71.05167859428785
3012296,2.218474818992986
3012297,116.62257289576493
3012298,310.1420016744209
3012299,5.768576595509957
3012300,4.976709127965192
3012301,165.78469549404207
3012302,45.74203015336595
3012303,5542.100827220618
3012304,5.532753598636139
3012305,5.2897874839511285
3012306,11.313790573245022
3012307,4.194344505469073
3012308,19.32490155558779
3012309,413548.51719943684
3012310,3.6260025850250512
3012311,960.8717544083958
3012312,26.541215719060133
3012313,1524.7489759614762
3012314,1904.7053895956562
3012315,385.580686710123
3012316,434.20184158635647
3012317,267.9998285203011
3012318,9446590.895251727
3012319,59.243472186080886
3012320,6.188420926032458
3012321,43.407085169179226
3012322,59.44080436915581
3012323,4.771774834586704
3012324,550.2487599770321
3012325,33.49917986649018
3012326,51.14798393731157
3012327,26.627258557770798
3012328,171.74868514447587
3012329,23.917352272006493
3012330,651.62659131029
3012331,596.2760781004353
3012332,20.258940497967313
3012333,22.721281272681065
3012334,851.370616203367
3012335,208.93652941987378
3012336,3874591.1409337902
3012337,9.499021138243176
3012338,67.26066737808216
3012339,1.4850369705611082
3012340,0.5547089890245371
3012341,1.6516456441430614
3012342,1442.5985541095133
3012343,0.4670847983518806
3012344,160.48030598340398
3012345,3.196058799304323
3012346,887.7123247347234
3012347,334.5009007855266
3012348,118.74158954601924
3012349,117.92487699252379
3012350,36.1632363757774
3012351,10124.115059576103
3012352,4.969116012604888
3012353,0.6493205566012615
3012354,10.936525384228785
3012355,10.80806382216756
3012356,0.6788726588885108
3012357,214.74494427156552
3012358,0.7049303410200753
3012359,60.008639562336604
3012360,3.144258005732452
3012361,31.371635445943905
3012362,1.0680162371203008
3012363,61.04939553123031
3012364,95.90905012691383
3012365,1.3694894342810666
3012366,3.9539060420320236
3012367,88.5705723612075
3012368,17.111039096931343
3012369,1164.6119767620526
3012370,5.3371882491378555
3012371,2.8949842948810516
3012372,5.759569529792504
3012373,0.8641383574718208
3012374,2.3320598602189615
3012375,4927.362581743642
3012376,0.9303383976692227
3012377,629.6204851202559
3012378,6.879983996082364
3012379,1259.2386091582707
3012380,816.3613655164845
3012381,246.64081523679644
3012382,292.1814700947046
3012383,67.76724166324836
3012384,1042533.9986575407
3012385,9.663785178260728
3012386,1.1708623429498257
3012387,20.479389263136856
3012388,21.644505892739502
3012389,1.1874313263802514
3012390,277.5090091913365
3012391,2.086362930739785
3012392,9.308799640780832
3012393,8.891210379060233
3012394,17.929180808866015
3012395,2.083557447888597
3012396,319.1843281337572
3012397,295.4261551207943
3012398,3.8205818290951408
3012399,8.33084628047032
3012400,105.23621486448589
3012401,44.286004870384005
3012402,4064.271205918387
3012403,5.338529149349773
3012404,5.087355462771281
3012405,0.9197216862624262
3012406,0.4102906586981954
3012407,1.2843624725802458
3012408,966.58236606563
3012409,0.4361171573818224
3012410,106.01352107697016
3012411,2.5070742104330623
3012412,588.8685177439313
3012413,179.28466455358148
3012414,82.15236332252788
3012415,136.34518832684412
3012416,14.915590499873247
3012417,4895.949701088677
3012418,1.7646182140154307
3012419,0.5778419830376227
3012420,5.083194959047065
3012421,4.281861196236757
3012422,0.5921202614179096
3012423,87.22328779418895
3012424,0.5952655119952809
3012425,49.225943995057925
3012426,2.5153662341433125
3012427,23.054028276220055
3012428,0.7133130282612938
3012429,63.6948411637731
3012430,88.95935420765954
3012431,0.819764706029947
3012432,1.3131438221634766
3012433,46.76748792099451
3012434,8.056952602128124
3012435,451.8130850638461
3012436,41.81857645184787
3012437,1.2984067918640245
3012438,6.52877016909477
3012439,0.5336958130559823
3012440,1.8833123617141971
3012441,1574.1501786549013
3012442,0.5249222162678154
3012443,245.04775133720713
3012444,7.1171262484727755
3012445,922.9713592357442
3012446,500.19416904894615
3012447,163.67737032931316
3012448,102.80271021380054
3012449,50.437298323802324
3012450,39947.827979406786
3012451,3.312018353943586
3012452,0.8250958778617058
3012453,19.430402686341466
3012454,16.312906749243492
3012455,0.7595130160163245
3012456,219.41971741920196
3012457,0.714457045645372
3012458,60.0336098807893
3012459,11.850093837209318
3012460,22.24695735506417
3012461,1.204590030285791
3012462,223.55379332224229
3012463,213.61760861906706
3012464,1.9497339267887563
3012465,3.7445196009654973
3012466,194.97825672598302
3012467,24.562032706924835
3012468,2540.1234366818053
3012469,24.766518840881695
3012470,1.261818226357029
3012471,3.334628275205117
3012472,1.3189831997548218
3012473,2.694342404442123
3012474,1968.6831179363603
3012475,1.4222434256515712
3012476,722.6813116709166
3012477,6.286503403891564
3012478,883.0255590491322
3012479,747.3507089930678
3012480,219.53288850166817
3012481,104.62344436266036
3012482,54.915483344708186
3012483,341898.5597197536
3012484,6.688065998869622
3012485,3.2399978917324326
3012486,26.86858273096852
3012487,35.269840135498235
3012488,1.821634760107381
3012489,194.2090090899592
3012490,3.0244126743905033
3012491,12.141053399697787
3012492,5.837740838022231
3012493,25.95255477193656
3012494,2.6889214730179813
3012495,141.72934620272662
3012496,255.3289736446094
3012497,4.522787509800722
3012498,6.147860480671104
3012499,106.5701857888661
3012500,28.72413998337335
3012501,1616.2757595497685
3012502,7.077058403117478
3012503,3.878872368909672
3012504,2.402251658849357
3012505,0.3805366760845207
3012506,0.7055876148710036
3012507,1188.4172157202247
3012508,0.39796936290414586
3012509,106.40845562305603
3012510,1.5778381936656722
3012511,529.904049486178
3012512,179.2970702563622
3012513,82.85301666186233
3012514,130.86427242701868
3012515,25.82429395151727
3012516,11709.84290426103
3012517,3.7604093689958646
3012518,0.5596918413814855
3012519,6.9417187766766135
3012520,7.315643909585662
3012521,0.5668803888034877
3012522,105.46161977254127
3012523,0.5467591587204879
3012524,49.16758646165255
3012525,2.310687271735921
3012526,24.51816924302327
3012527,0.7741992853678646
3012528,159.55137213884066
3012529,105.17239166205485
3012530,0.8891908939327507
3012531,0.9986051662416566
3012532,37.69812917918206
3012533,12.189177778882186
3012534,699.0323975854576
3012535,3.6267952191902215
3012536,0.9638456090318783
3012537,3.952679999314274
3012538,1.0408754122705255
3012539,1.9631882371092404
3012540,3434.646148025714
3012541,1.1860014886418053
3012542,592.0534023115074
3012543,5.941579500951235
3012544,874.1876516303618
3012545,773.7284528148626
3012546,222.09984988555755
3012547,124.00038449576593
3012548,62.84508095022771
3012549,477744.66735252267
3012550,6.633847894550284
3012551,1.480626053928396
3012552,15.502635270109568
3012553,14.469090670255206
3012554,1.507185022321997
3012555,227.98242434665292
3012556,1.5123600384075881
3012557,26.147412453364986
3012558,5.3862452063508295
3012559,53.781349557223955
3012560,1.8253797132557157
3012561,199.2340791228027
3012562,246.9036232786795
3012563,3.424138485871409
3012564,4.675986625736698
3012565,107.862071546884
3012566,35.072330188015904
3012567,4424.726371681421
3012568,5.422144646804778
3012569,1.901413998781012
3012570,4.68090643296767
3012571,1.168566054576262
3012572,10.157471225978085
3012573,1890.7365850578576
3012574,1.2928933735356176
3012575,524.5829790389084
3012576,7.726967467152418
3012577,867.7161737801988
3012578,827.5812012615157
3012579,179.85671244179986
3012580,99.53048744489278
3012581,93.23846961287926
3012582,25337.449125613974
3012583,38.28636161842551
3012584,1.9631737574547006
3012585,19.182676030074965
3012586,22.125224722393593
3012587,1.6394620340967494
3012588,252.06230926931005
3012589,18.368674976880616
3012590,20.822826233717173
3012591,4.30362490994398
3012592,94.73809012880305
3012593,6.984818617702388
3012594,210.82530913775184
3012595,261.4894285766561
3012596,11.001405629756006
3012597,11.790943220758574
3012598,212.40013362688592
3012599,52.01340223412501
3012600,5515.311802766209
3012601,30.30452952737122
3012602,8.64758981833512
3012603,6.15002940890962
3012604,1.1509040652198186
3012605,10.73820845476427
3012606,2554.839271048724
3012607,1.3307070471497005
3012608,443.87828164964156
3012609,8.203850367850766
3012610,810.6991259671354
3012611,773.7632065655785
3012612,138.00781194333283
3012613,68.39053595958372
3012614,78.38353679114368
3012615,26062.406024240085
3012616,21.6293083438649
3012617,2.283473663837367
3012618,32.63774037014582
3012619,62.13661531737285
3012620,1.6422448141756272
3012621,295.5972976229318
3012622,16.618928142843153
3012623,17.689806055693882
3012624,8.94391931346206
3012625,95.74246297133614
3012626,7.569430116497565
3012627,109.05964663963209
3012628,404.9651531349463
3012629,6.979403477627364
3012630,10.10062030846492
3012631,92.18222936358993
3012632,63.90004239941417
3012633,3014.638778940921
3012634,5.297572726235135
3012635,13.90366882373069
3012636,8.237511494046844
3012637,0.8625609465643187
3012638,4.115016697230583
3012639,4643.4590634635115
3012640,0.8979878558238047
3012641,737.8270058459118
3012642,5.192194664890805
3012643,1625.4062640374354
3012644,872.863766314689
3012645,221.7231909790575
3012646,418.8534624080072
3012647,59.339463170456206
3012648,3302134.271679437
3012649,27.144828416821028
3012650,2.273837715175979
3012651,14.928734411152162
3012652,17.78782606990367
3012653,1.15120926150839
3012654,350.75764429403887
3012655,4.836373033115486
3012656,15.53207100752828
3012657,8.788737432212116
3012658,38.91152365931129
3012659,2.0677796626240816
3012660,136.55744412639015
3012661,315.0266389652527
3012662,6.319450427621933
3012663,7.6867211739160695
3012664,174.99816362021164
3012665,43.29803366239515
3012666,5776.694915601436
3012667,37.61181035834617
3012668,13.934130444008462
3012669,3.7817014142058847
3012670,1.3476167441616211
3012671,9.375328179574467
3012672,1665.3956285542963
3012673,1.3361787365338496
3012674,350.5679454456417
3012675,5.771874301575965
3012676,756.7739252464264
3012677,770.4301710135405
3012678,198.96447084882237
3012679,103.09143426338876
3012680,64.71935082643365
3012681,19778.425922927174
3012682,17.818893381088653
3012683,2.1294480493285137
3012684,11.702482903016005
3012685,13.071284271109285
3012686,1.6704990921909495
3012687,214.99175826712133
3012688,17.484723979219304
3012689,18.446817883136614
3012690,5.031783268564805
3012691,74.96373370195803
3012692,6.444509929907564
3012693,349.6273266690642
3012694,213.69413546967132
3012695,5.696789550281363
3012696,8.065099858471863
3012697,327.3660781168846
3012698,37.10781616105407
3012699,3946.371537173558
3012700,45.49673159012184
3012701,17.742447463510022
3012702,3.315636052375665
3012703,0.7609595015284347
3012704,5.164235796163489
3012705,7238.731530061813
3012706,0.8634378668894218
3012707,494.5572557418107
3012708,5.471809365584126
3012709,1459.354531612597
3012710,717.1792884277764
3012711,277.89564139497645
3012712,174.6819741796426
3012713,56.133265915686515
3012714,1867248.890722228
3012715,12.08624784905498
3012716,2.1841097463554133
3012717,27.819905600218682
3012718,20.702250557471046
3012719,1.120045711173305
3012720,476.90930958036506
3012721,1.088715961354671
3012722,5.363428806518462
3012723,8.35318499578818
3012724,31.56584118104647
3012725,1.8364410519584424
3012726,115.0137240990517
3012727,320.45082251562025
3012728,3.7172755966144218
3012729,8.694364074621722
3012730,146.9510008094732
3012731,42.94274409661605
3012732,2626.842701172126
3012733,25.32980179750453
3012734,6.131907582788348
3012735,6.608457806127581
3012736,0.6635934748881013
3012737,9.374838972073567
3012738,1666.2452885786709
3012739,0.7438424538045293
3012740,491.02809959410126
3012741,6.898416410370237
3012742,926.1895337769816
3012743,763.0131178123085
3012744,225.2744655371591
3012745,98.3982727813315
3012746,81.4558781250564
3012747,19468.65056198418
3012748,30.24993164460815
3012749,1.405615619234484
3012750,18.29543974064912
3012751,36.69415425865535
3012752,0.9914159670866288
3012753,234.90272220555897
3012754,15.130531388377209
3012755,17.24800416859553
3012756,9.719179580371739
3012757,100.20557894578816
3012758,7.93011462816556
3012759,155.46933886358457
3012760,490.6712322750942
3012761,11.155341081657944
3012762,9.131751711830384
3012763,158.94089831250747
3012764,39.23554796548449
3012765,2623.448996592743
3012766,4.54742055487279
3012767,5.054010544374201
3012768,3.7385857245605627
3012769,0.9195520341313215
3012770,7.927429777583171
3012771,1773.092035130484
3012772,1.0197127663401697
3012773,469.4226780334648
3012774,6.97317328858863
3012775,693.7045236611428
3012776,798.3912631033284
3012777,174.11186063266624
3012778,98.27904433229484
3012779,90.43956772970556
3012780,8591.57818322667
3012781,26.97691563948378
3012782,1.528480441047364
3012783,16.537939789040227
3012784,17.8715323132203
3012785,1.2714118377418335
3012786,201.46708676855727
3012787,14.354908182145653
3012788,29.28571416845685
3012789,6.0687296286343795
3012790,56.92094066873652
3012791,6.704662151521827
3012792,183.9912970913273
3012793,234.05934679149934
3012794,7.836176508241062
3012795,7.569305645329526
3012796,175.82939237932783
3012797,37.46919487754726
3012798,3667.485444784681
3012799,7.52998254610433
3012800,14.209971620113501
3012801,4.7852466310228285
3012802,1.229963135765714
3012803,5.149693074093442
3012804,10847.267532653124
3012805,1.353399256902152
3012806,634.5067241664021
3012807,12.221152187678314
3012808,1041.9083994065602
3012809,840.9633753253893
3012810,282.1719800440529
3012811,185.60151710824198
3012812,47.87674233192334
3012813,744657.9530111694
3012814,6.879892328523786
3012815,1.6385124974701664
3012816,16.0891480160866
3012817,15.535456663139495
3012818,1.6973184539843533
3012819,219.36085794185166
3012820,1.711690101473304
3012821,15.157056463786873
3012822,3.9293709576422335
3012823,65.70222226421134
3012824,3.3645688577020554
3012825,176.52574743577097
3012826,269.2701483716368
3012827,4.027411959835529
3012828,3.686056157783752
3012829,216.3839470446088
3012830,107.74744177778513
3012831,2970.219974345171
3012832,5.728408778351833
3012833,2.0775074985961792
3012834,13.868691335228634
3012835,3.128625493610946
3012836,18.158240683448064
3012837,3368477.7431220827
3012838,3.4292271066599813
3012839,1168.7416809029014
3012840,24.978026003883848
3012841,2008.6314584622075
3012842,2465.650492919809
3012843,675.5715636663202
3012844,562.2333369368216
3012845,406.5878345427569
3012846,258931293.49647415
3012847,78.64190616149727
3012848,7.014456951551281
3012849,117.68928047766502
3012850,118.73958912558912
3012851,4.435034523846293
3012852,669.1962557787798
3012853,52.31952186277131
3012854,24.6963184199236
3012855,42.60937664349938
3012856,236.26882909917015
3012857,23.015153160162825
3012858,715.5985856078117
3012859,644.6847166375222
3012860,34.05559434677719
3012861,37.01401426992303
3012862,840.476515350457
3012863,237.65038009763407
3012864,46024203.05666869
3012865,322.4699821520616
3012866,73.95992391213645
3012867,13.326165718335615
3012868,2.1812938430973734
3012869,17.90375343363323
3012870,1341314.4254946702
3012871,2.430937584234248
3012872,914.4012358391068
3012873,26.209752782792577
3012874,1894.4887218482652
3012875,1875.4098210722507
3012876,755.3436781732853
3012877,334.5037941464128
3012878,239.44857773114734
3012879,586999027.5167028
3012880,113.70823517026223
3012881,3.375840014497745
3012882,58.508980931875904
3012883,73.97747331459344
3012884,3.2318195739311806
3012885,669.720967822114
3012886,33.452265407145035
3012887,32.63429304316373
3012888,26.937870526897534
3012889,173.0954157923627
3012890,15.763154324457734
3012891,833.8928936388482
3012892,722.4710301047171
3012893,20.28562284100901
3012894,25.18536513077993
3012895,894.3765196645799
3012896,183.76956791607202
3012897,711988.0486334836
3012898,407.11073351846
3012899,65.42285425479746
3012900,10.38515833435077
3012901,1.9572347670947645
3012902,19.17987932023678
3012903,40369.75673550807
3012904,2.1434796310082365
3012905,776.3429678457769
3012906,12.840962933247713
3012907,1603.0693458932303
3012908,1321.0534524906952
3012909,836.750358556066
3012910,100.43961245259194
3012911,172.7294655152318
3012912,210752112.12732416
3012913,37.0983720730055
3012914,4.0538782764596855
3012915,31.99764688431531
3012916,30.02210878446982
3012917,2.729368195890317
3012918,633.5163749458775
3012919,36.28924581445855
3012920,24.905668468253786
3012921,15.183943786219068
3012922,93.18987788045123
3012923,8.399231751979812
3012924,774.6325001971106
3012925,704.9992921047176
3012926,20.03519007746717
3012927,40.42240564077265
3012928,678.5983747008906
3012929,98.61220603908077
3012930,14212.03107026236
3012931,317.0770827942441
3012932,35.91661854590192
3012933,14.668414004956052
3012934,2.4149709274379676
3012935,22.452487777041625
3012936,1046751.6195257942
3012937,2.5882988117993158
3012938,930.6530495699833
3012939,18.439845428409267
3012940,1736.9733401470426
3012941,1813.042413629225
3012942,740.1625032536305
3012943,309.69356320500367
3012944,192.44998065531644
3012945,296115942.1073757
3012946,43.78158142983337
3012947,4.2533330884966425
3012948,39.07791645539261
3012949,80.67174900316121
3012950,3.915861887671371
3012951,649.7235787500186
3012952,62.2640657155971
3012953,27.0211078843937
3012954,62.50019739712925
3012955,155.41620138716263
3012956,11.722575872158817
3012957,726.1433884709802
3012958,743.2441539647788
3012959,22.54757435085236
3012960,25.977584734715197
3012961,868.2052826343905
3012962,151.57520036234314
3012963,363780.8246506126
3012964,474.6050315349657
3012965,56.610772550006004
3012966,11.686700891404081
3012967,1.3634913383149068
3012968,20.88920154009252
3012969,8851.23153906607
3012970,1.4748383156038214
3012971,698.3627848416695
3012972,14.431314067545687
3012973,1399.8211943261135
3012974,1043.6794298379796
3012975,632.7987647144262
3012976,80.68272327187059
3012977,127.63728575913518
3012978,36056809.69579435
3012979,33.06707915500827
3012980,1.9421698722188847
3012981,27.042460205134788
3012982,32.799875638053734
3012983,1.9525745925711309
3012984,583.4304416226138
3012985,37.44041811422681
3012986,13.503863464587734
3012987,11.834213875777303
3012988,93.90927345087269
3012989,6.820350896312983
3012990,702.8956549484313
3012991,737.3867089703409
3012992,14.602696512848407
3012993,24.907707203188235
3012994,660.6719534949702
3012995,60.92581902379063
3012996,4218.57906159096
3012997,218.6716977237179
3012998,18.1717047537822
3012999,11.622925727482054
3013000,1.1552965672931983
3013001,14.18181770888491
3013002,36999.63072401083
3013003,1.354766996923671
3013004,902.4754996344672
3013005,21.91905004600002
3013006,1342.0582901151613
3013007,1620.8271511715043
3013008,513.7008538829333
3013009,419.0590197441343
3013010,267.3026924448262
3013011,5521860.818791517
3013012,62.28178682645128
3013013,2.5069415732352653
3013014,52.26698595657958
3013015,55.17718276087812
3013016,1.8002104996472434
3013017,487.44369966175066
3013018,19.61491222878215
3013019,25.900218253324603
3013020,14.391140577882753
3013021,181.3177314111966
3013022,13.71481849104657
3013023,647.6382048279321
3013024,555.305828715242
3013025,16.12832248645636
3013026,25.00188345190189
3013027,774.7717445511643
3013028,165.8148882319512
3013029,1879352.1571793812
3013030,265.7361713326387
3013031,58.14958245263426
3013032,5.349584445217691
3013033,1.3424439936530763
3013034,11.164768509905072
3013035,1288.5858881857366
3013036,1.1171874498466035
3013037,287.60625305866444
3013038,17.79212159914626
3013039,779.8862536740093
3013040,584.0776252900035
3013041,225.54070231688382
3013042,64.39529437845302
3013043,63.600731339208686
3013044,9031.778787227156
3013045,43.050134108319945
3013046,2.2009073750051082
3013047,25.922403715577182
3013048,21.14641656268955
3013049,1.4363186226433944
3013050,205.68733062887068
3013051,12.432591661328022
3013052,10.513123286167872
3013053,11.063872589783504
3013054,43.67501844578523
3013055,5.318708905317176
3013056,185.24175550628743
3013057,254.65291053743184
3013058,3.515942646719222
3013059,6.083793004154864
3013060,188.38321753026875
3013061,40.21984688007289
3013062,1831.2263356916058
3013063,4.854741961679569
3013064,7.151509968277414
3013065,8.189954604315277
3013066,1.25069224216534
3013067,15.249497540865853
3013068,4934.067168278721
3013069,1.3583879515583872
3013070,577.3207322982153
3013071,24.459931128002097
3013072,1250.8153959233753
3013073,1012.2758296060354
3013074,520.202273241421
3013075,78.9162768814654
3013076,100.47613336534978
3013077,1197754.8770369808
3013078,56.932074373088085
3013079,2.473330880069308
3013080,44.55121058904269
3013081,38.55858740491085
3013082,1.771263440355165
3013083,430.3215121970854
3013084,18.803816012456096
3013085,8.90478345626138
3013086,5.324055829010378
3013087,107.20648879406222
3013088,6.9809045637163205
3013089,510.1160287424323
3013090,544.432604676716
3013091,11.413043101111597
3013092,21.92497461966532
3013093,362.03123498875885
3013094,53.665810352367004
3013095,4504.539246179562
3013096,310.48889352728577
3013097,14.692946531469575
3013098,5.838813702939636
3013099,0.6218733257251208
3013100,5.701440314618553
3013101,4047.6180003701675
3013102,0.7155667615323827
3013103,755.2565757859143
3013104,6.127726707346763
3013105,1076.5341862250307
3013106,1250.9515354885932
3013107,247.13964714580177
3013108,290.1617904407011
3013109,179.336843934821
3013110,85288.99623253847
3013111,24.246066093925336
3013112,1.6083781880206645
3013113,24.475093753236344
3013114,33.336149102454506
3013115,1.0448451300991548
3013116,318.7505753256787
3013117,3.2524186351569435
3013118,33.92956792324116
3013119,6.55977447935693
3013120,104.37252239543926
3013121,6.120621867741233
3013122,552.2168562096622
3013123,284.9090369592628
3013124,16.876868985580217
3013125,7.941773449161377
3013126,632.4120952136512
3013127,83.1791597905699
3013128,115962.1197269767
3013129,7.083640265758956
3013130,35.902994072275085
3013131,9.614838144334133
3013132,0.9325141428099026
3013133,13.001130700562348
3013134,3158.8999760285187
3013135,1.0954609105679851
3013136,672.37035462464
3013137,8.007325665712948
3013138,1114.922217502945
3013139,937.4433890420576
3013140,371.5603088884553
3013141,144.90769159265452
3013142,208.3783576447268
3013143,283061.00255688414
3013144,35.0180120876565
3013145,3.227217803002124
3013146,38.01723272874968
3013147,38.78008560161113
3013148,1.5717080277753386
3013149,338.12259093855135
3013150,8.054445613064374
3013151,34.70108232273945
3013152,8.19691019441849
3013153,162.02516067893305
3013154,6.211970303250368
3013155,400.52713762756764
3013156,338.86563113718887
3013157,11.500265967428833
3013158,19.667494402655873
3013159,403.6597693708139
3013160,100.67832757254664
3013161,26459.47073563544
3013162,7.0615678095747025
3013163,6.012582962384171
3013164,7.283737209088489
3013165,0.6515485858664517
3013166,3.9293759691250436
3013167,1437.438209628593
3013168,0.6823721277951303
3013169,489.30855391116677
3013170,5.81330172500648
3013171,804.4784612588553
3013172,614.11240456729
3013173,222.5956277566997
3013174,72.25524246246728
3013175,80.14770891627408
3013176,7333.919746196957
3013177,15.394093938054139
3013178,1.2698328767053357
3013179,18.708074638951388
3013180,22.786420263349896
3013181,0.8993050468928332
3013182,226.20775013352974
3013183,3.3569192005178614
3013184,12.664491300176433
3013185,7.043032283112154
3013186,63.02297941365678
3013187,2.951821931685643
3013188,207.41258994343056
3013189,205.2243441384118
3013190,4.301644530787923
3013191,5.01556831977483
3013192,131.9990629162183
3013193,42.47892001775449
3013194,2024.5497553765688
3013195,4.213764184006692
3013196,2.275174881449865
3013197,4.159125464980414
3013198,0.4478686461757036
3013199,2.209750027055763
3013200,3934.5742749023257
3013201,0.4830576401327617
3013202,245.47053645545304
3013203,3.1827598153156296
3013204,954.7021694365831
3013205,245.5311400790831
3013206,234.3972057490149
3013207,70.53159850105887
3013208,24.658099939403403
3013209,43811.46073671076
3013210,5.622521348065974
3013211,0.7807135949478244
3013212,15.26874208334742
3013213,10.812652072261153
3013214,0.638346736025543
3013215,251.1187447490898
3013216,0.6528543831509137
3013217,63.39648607587687
3013218,4.3136388019650855
3013219,18.783023813779796
3013220,0.9563556462794853
3013221,45.654656567497916
3013222,170.154239379694
3013223,0.7786586750775987
3013224,1.7908791324948514
3013225,48.24495966838564
3013226,68.7597842047569
3013227,1090.4005411096798
3013228,47.41018994025289
3013229,1.7411819783383882
3013230,5.414004933656755
3013231,1.4670046142922621
3013232,9.151616212843402
3013233,2915.7697567826162
3013234,1.6922128520385316
3013235,552.6383724794024
3013236,10.534611842070007
3013237,1007.4907960623894
3013238,932.480395815722
3013239,366.16237644331034
3013240,135.89725632771479
3013241,106.53613143766154
3013242,147789.19536061853
3013243,25.57216548604663
3013244,2.694530062521343
3013245,23.213196089738375
3013246,47.65186221300777
3013247,2.0182780850182316
3013248,307.7730361400236
3013249,21.6764070384458
3013250,14.934056909451037
3013251,16.92283760820851
3013252,68.64382060711756
3013253,6.560534343863049
3013254,435.04224404983825
3013255,344.9519039140066
3013256,8.979539730927739
3013257,11.388474839611067
3013258,492.7900304338579
3013259,65.3915950737856
3013260,4898.526526149868
3013261,49.61048703664141
3013262,30.166392387859464
3013263,4.870128603629821
3013264,1.3669041924356673
3013265,9.171556862632814
3013266,2907.2454437555575
3013267,1.5669056435267297
3013268,627.7046523784527
3013269,14.665786680148871
3013270,931.1240954923281
3013271,1121.7248594970695
3013272,212.8562653878577
3013273,220.1280800622063
3013274,169.7981722675702
3013275,22884.206179351775
3013276,30.92631274381575
3013277,4.220794910481667
3013278,30.392865243644437
3013279,22.766993203396495
3013280,2.119088433976894
3013281,245.0768475294157
3013282,10.02178115919705
3013283,31.801264524357734
3013284,11.976271552304242
3013285,125.38896127106365
3013286,6.9217191809680685
3013287,410.1779739018504
3013288,278.9767109363521
3013289,9.119297574281823
3013290,12.481854684812024
3013291,574.0519723344922
3013292,103.03770485252463
3013293,69403.44818222786
3013294,5.851895019122715
3013295,30.72582260466729
3013296,5.786829974214205
3013297,2.903676217684064
3013298,15.765683979855623
3013299,7468.6100795768025
3013300,2.7254687654969265
3013301,741.0794259470775
3013302,17.94245407067545
3013303,996.7523778749776
3013304,1195.3347857483352
3013305,283.27496652990345
3013306,249.40219435724535
3013307,121.2727317110428
3013308,154750.4176476535
3013309,28.482926513922514
3013310,5.640921080134193
3013311,34.0113664560515
3013312,45.38867551362069
3013313,3.4029951595086136
3013314,325.26558941813835
3013315,28.684694503717346
3013316,28.906150389131405
3013317,24.937716310148797
3013318,115.3058285445813
3013319,14.574930305278414
3013320,398.9536369437737
3013321,306.32848219489057
3013322,18.299449500599756
3013323,22.236935860580292
3013324,540.714233300977
3013325,101.69883884269787
3013326,121904.06101484474
3013327,9.191022591191748
3013328,29.836781342562162
3013329,11.209497112196383
3013330,1.3013858723408254
3013331,8.968226380572837
3013332,5488.81548390744
3013333,1.256279743945957
3013334,571.2652217570496
3013335,12.49826992871879
3013336,1544.7959119944758
3013337,1010.9293482628307
3013338,602.8796049966991
3013339,168.77206381771205
3013340,76.4115997972132
3013341,34972015.1685708
3013342,9.86323628968406
3013343,1.9120810191768645
3013344,35.22095236330272
3013345,34.4221452722609
3013346,1.5632017583365836
3013347,464.3630443960408
3013348,11.52667971297719
3013349,11.800705650317715
3013350,12.408698721841986
3013351,47.551145901143244
3013352,2.8628326258670396
3013353,327.9879693361321
3013354,518.6315283758274
3013355,6.662987043557166
3013356,7.331288459532162
3013357,414.22057045569807
3013358,67.10130844409218
3013359,5262.990046933879
3013360,86.66424141894375
3013361,12.341640741834116
3013362,4.616088515307366
3013363,1.6791666555529636
3013364,8.704082565147333
3013365,1648.7522536989463
3013366,1.8831164886470335
3013367,322.3945616247886
3013368,10.493799720234424
3013369,677.0499961835113
3013370,758.6229372235368
3013371,169.1583569558982
3013372,115.49739507274306
3013373,120.26198000127245
3013374,5852.347916182447
3013375,16.518813529371318
3013376,2.70775963515947
3013377,18.377200398372537
3013378,24.275222047978968
3013379,2.2812636604600978
3013380,189.5390720305178
3013381,12.568884474496821
3013382,20.13539804734748
3013383,9.55557252695393
3013384,90.55399334484272
3013385,6.984692445275207
3013386,233.4387709376748
3013387,159.89699255506102
3013388,5.120373224437056
3013389,9.752067874198596
3013390,277.9612248144178
3013391,48.07780739404773
3013392,27611.479986144175
3013393,49.24426864731374
3013394,21.825050444063788
3013395,1.1476161339283903
3013396,0.5771945595906981
3013397,1.2133912106118863
3013398,985.4725224201156
3013399,0.6112357860895755
3013400,95.35736689231258
3013401,2.3547055079003654
3013402,714.6506665073849
3013403,364.4106893175169
3013404,211.7229501451283
3013405,29.463271665696595
3013406,31.358625456357796
3013407,19464.59254683792
3013408,3.7377926568610316
3013409,0.8763928903169298
3013410,8.631572855054996
3013411,9.570632463470776
3013412,0.8136800064536865
3013413,139.29041386803613
3013414,2.210806228532275
3013415,46.75112866598955
3013416,2.7068661231441467
3013417,11.670975727620794
3013418,1.0226878264177413
3013419,143.55466315015846
3013420,167.7279115427041
3013421,1.1593128426946926
3013422,3.186747642622292
3013423,112.30123420266125
3013424,19.44196329079858
3013425,349.7820779837344
3013426,59.1112863985909
3013427,1.3686830191958514
3013428,6.0994478978098305
3013429,1.5012497740360222
3013430,7.161431263649747
3013431,22708.71756932234
3013432,1.6103665712354789
3013433,651.3265765530622
3013434,8.539890805259478
3013435,1626.5852383808146
3013436,1076.2293046414493
3013437,542.3690114177203
3013438,158.15124424824447
3013439,63.78545278406386
3013440,59967340.88110129
3013441,32.43169402355979
3013442,2.2307872468930663
3013443,21.49943404883772
3013444,21.609894981004402
3013445,2.073074234259783
3013446,519.1923107033848
3013447,9.346592392939492
3013448,6.856142639461783
3013449,10.014230573531979
3013450,31.28334930366274
3013451,3.549845055710606
3013452,602.3245627073478
3013453,456.9095576064976
3013454,4.5555594163850675
3013455,13.573365423615627
3013456,361.86706344120176
3013457,75.82992440444778
3013458,2687.6410114244773
3013459,39.2952688692228
3013460,8.106995643738928
3013461,3.904032534972108
3013462,0.789303355743188
3013463,1.4732313840971631
3013464,1228.1062508347338
3013465,0.8199159079483292
3013466,163.35770735239646
3013467,7.51062405929094
3013468,807.5032496763522
3013469,530.1815784366931
3013470,185.01173035463302
3013471,70.5649102662894
3013472,32.51357511319928
3013473,26330.287914275894
3013474,7.177785753925169
3013475,1.2115715292193765
3013476,10.981814165099685
3013477,16.24205452848849
3013478,1.1266005771441705
3013479,158.46671741927565
3013480,5.801631008044559
3013481,61.451748953720895
3013482,15.76322642133964
3013483,29.890146419251682
3013484,1.6115336471235606
3013485,122.37523435169919
3013486,175.70757272620702
3013487,1.802950991531055
3013488,5.053111737621288
3013489,116.40884915904454
3013490,24.560142300073053
3013491,486.6257152162446
3013492,19.24728232620282
3013493,2.9918435036631434
3013494,3.480286075546202
3013495,0.6251813953869224
3013496,5.4156672722763135
3013497,1140.170151740265
3013498,0.6615844521690889
3013499,110.11333592748466
3013500,5.444889223212386
3013501,709.7367330690705
3013502,350.16217534031944
3013503,137.49533886629007
3013504,42.565587597306845
3013505,25.730026882157414
3013506,18519.977660668286
3013507,10.692265385364928
3013508,0.8332175006309814
3013509,7.702060712649193
3013510,8.309113911769247
3013511,0.8805027026387892
3013512,144.1103833331649
3013513,1.5572184382852052
3013514,60.17142178807562
3013515,2.9655842438147966
3013516,31.98055673158818
3013517,1.5149162006247683
3013518,117.78549088210039
3013519,178.97605512505106
3013520,1.1511225673673144
3013521,4.010227374162749
3013522,59.1188565752386
3013523,17.391639171075596
3013524,265.75165484314965
3013525,63.176194974093086
3013526,1.7291038875040479
3013527,3.650495757752463
3013528,0.7178569001315388
3013529,2.6296445846440486
3013530,1342.9122821325627
3013531,0.8423444025325595
3013532,154.1236650362184
3013533,5.4019021131102045
3013534,1004.8975051632972
3013535,477.8598127614835
3013536,227.65143171902426
3013537,28.961993307505363
3013538,32.73874586474955
3013539,31965.407066060405
3013540,5.875801161721766
3013541,1.138822519111026
3013542,8.36364582175369
3013543,21.47873115896676
3013544,1.1197180767646175
3013545,180.64692861763118
3013546,1.5670351814492478
3013547,58.41634933397921
3013548,3.9862648923616826
3013549,14.518204644866703
3013550,1.6178855356174235
3013551,172.4172091077401
3013552,266.5123670715019
3013553,1.6188796708896533
3013554,4.727495001946192
3013555,66.10566513301394
3013556,73.7580970994992
3013557,530.7488834913074
3013558,18.458601449951054
3013559,3.336482258283635
3013560,3.3176854137459384
3013561,1.6030746019506172
3013562,2.8492562259826477
3013563,1455.4595236209843
3013564,0.8711895018783622
3013565,128.54907081821182
3013566,1.9003225606827978
3013567,854.3952959916845
3013568,417.9871636222735
3013569,233.05735250657165
3013570,98.09926932396539
3013571,52.85485080199449
3013572,97896.5587428277
3013573,7.87837577140295
3013574,2.0305115356863386
3013575,14.404587736014026
3013576,19.02080637163507
3013577,1.1761239406634805
3013578,202.57403442183937
3013579,7.681920881014422
3013580,58.43121119530917
3013581,5.634402057069998
3013582,20.657381427175654
3013583,1.883898243878998
3013584,111.46698972208446
3013585,187.82867658001905
3013586,1.560272765288961
3013587,5.331292770978652
3013588,103.39235049734874
3013589,34.860753065518544
3013590,886.3841863936238
3013591,92.96624026771605
3013592,4.279938612505708
3013593,2.8702963889497
3013594,0.49194838507780664
3013595,1.2778826447837328
3013596,1150.9438403086117
3013597,0.4597333527898731
3013598,134.98007831823952
3013599,3.9468728316439066
3013600,836.0161842652574
3013601,308.94703774933373
3013602,143.19561353184056
3013603,117.44148098871094
3013604,23.721381896286424
3013605,23869.006108686837
3013606,4.328358436978882
3013607,0.6901618999302831
3013608,6.444657048007793
3013609,12.218681738054983
3013610,0.6908242055713191
3013611,141.05195145080248
3013612,0.6293646597328548
3013613,48.812555521270085
3013614,2.761302333296987
3013615,32.88196139550138
3013616,1.2776799177315001
3013617,41.2691218405886
3013618,137.7426054077054
3013619,0.9994930844039159
3013620,2.900324516795105
3013621,53.539801363262086
3013622,26.687002614205102
3013623,676.4273005150735
3013624,46.144882809593874
3013625,1.074092551766198
3013626,6.63737365886619
3013627,1.2407930078203953
3013628,6.819940914507322
3013629,2128.0934910027254
3013630,0.8829742397814592
3013631,294.7765248535445
3013632,5.287243204273748
3013633,877.3965645209878
3013634,1060.454219945709
3013635,499.0824727473401
3013636,139.4471014748156
3013637,68.5550806253
3013638,286951.2283955263
3013639,11.090846611772665
3013640,1.5266897419983607
3013641,19.495002365439678
3013642,23.04267375126978
3013643,1.1827550142282246
3013644,244.01866660418514
3013645,1.368849148277537
3013646,47.40353382385122
3013647,12.898248022821615
3013648,30.793249459661407
3013649,3.1714468482003273
3013650,204.781247788881
3013651,230.40817396616518
3013652,2.3750304599248473
3013653,6.6521441790048
3013654,287.4388652982878
3013655,43.17193629614603
3013656,1521.8021299476595
3013657,56.7610382431017
3013658,8.62722050891418
3013659,2.8776836716726417
3013660,0.6094241861388666
3013661,7.939543670428543
3013662,1582.7469473612864
3013663,0.6086425862174384
3013664,582.9246206690407
3013665,5.021206689798796
3013666,627.0272557597781
3013667,1109.1520259824736
3013668,216.96262393124698
3013669,130.36212120000906
3013670,49.800789321844626
3013671,61571.741507400606
3013672,10.201470169711389
3013673,1.2386055532035707
3013674,17.584204293861074
3013675,14.697719176345561
3013676,0.8534933245717676
3013677,156.76077635700256
3013678,9.814829918193444
3013679,7.591268411354911
3013680,15.297657950005574
3013681,55.55726337776054
3013682,1.3586959325686454
3013683,79.68993373884489
3013684,163.73448313976925
3013685,2.9902532845585594
3013686,5.40293152528684
3013687,140.6146982223126
3013688,44.93524458725332
3013689,2122.961822262085
3013690,69.14857964763306
3013691,9.119972689615189
3013692,4.822641843159776
3013693,0.9748306519199882
3013694,5.5544502233097
3013695,1692.609480518324
3013696,0.8509951513354688
3013697,153.38919803860875
3013698,3.529918839896455
3013699,797.8191074520844
3013700,405.95838943651836
3013701,209.90830274359428
3013702,40.75856365381969
3013703,42.184703194030305
3013704,71633.53466862609
3013705,17.534146334535798
3013706,1.487944324794254
3013707,11.065032478147925
3013708,16.60453415660088
3013709,1.129837069644951
3013710,163.52663612299347
3013711,6.332600863238124
3013712,47.339577212875966
3013713,4.90798799845672
3013714,24.382045865701553
3013715,1.853299164544485
3013716,99.8598589098323
3013717,172.18741625947828
3013718,1.868442272759498
3013719,4.109821335430144
3013720,80.11365464869611
3013721,20.11336663879739
3013722,545.7010462791204
3013723,20.26046585185866
3013724,2.6963080470870273
3013725,5.32651619503536
3013726,1.45844421161835
3013727,10.533030520205438
3013728,2140.6292247836786
3013729,1.7001508398042051
3013730,621.0434562602198
3013731,9.139181139072223
3013732,825.0811964340783
3013733,824.4266173046016
3013734,231.1539624310003
3013735,133.24964442457252
3013736,84.24764400049624
3013737,48843.44541295201
3013738,29.90505250855841
3013739,3.0763068795843997
3013740,13.81606599170478
3013741,31.174337064298328
3013742,2.080147412042254
3013743,240.02803156957563
3013744,18.520351736817105
3013745,19.586788957061398
3013746,10.299733289764884
3013747,70.38140731861156
3013748,7.20690302211792
3013749,375.56575096397125
3013750,252.42056451895021
3013751,7.940596342886261
3013752,9.38241800647835
3013753,404.0362675257564
3013754,82.6539252472233
3013755,27677.310704341427
3013756,48.82216679047293
3013757,29.485135427671338
3013758,5.05199774337184
3013759,0.6741071692023508
3013760,6.254037376724732
3013761,3800.5677699118532
3013762,0.781798359412978
3013763,509.19228537756555
3013764,5.910124858883266
3013765,1337.5036146915957
3013766,1213.7982276004125
3013767,622.5226049630417
3013768,63.483259284108485
3013769,55.6435959811784
3013770,4338101.14319478
3013771,9.61192044629696
3013772,1.0835695673453323
3013773,20.199803194838843
3013774,15.181969977992356
3013775,0.9975706787191384
3013776,321.8054320385486
3013777,2.7509384438256865
3013778,7.414029954469122
3013779,6.384471561473819
3013780,45.34689869430039
3013781,1.443050622498592
3013782,285.7269194227667
3013783,382.68684981049194
3013784,3.993456251684624
3013785,4.119022437098334
3013786,252.04277667031656
3013787,47.0789541886373
3013788,1204.8091728196052
3013789,73.73442437505766
3013790,8.74823379267995
3013791,7.135523327853447
3013792,0.5400791528349924
3013793,4.4281335903320285
3013794,2446.5886683894073
3013795,0.5263318339365055
3013796,441.4039930756732
3013797,3.215774825984636
3013798,1366.165996672266
3013799,818.9083174489593
3013800,300.64881750165114
3013801,191.6467555410149
3013802,71.70332216224094
3013803,496546.1918961857
3013804,13.159520459470158
3013805,0.8795054793041308
3013806,26.677745733331605
3013807,40.92002866998448
3013808,0.7584185549877867
3013809,287.8935820803706
3013810,3.6892266640262874
3013811,6.406816257050065
3013812,9.132141288464622
3013813,81.39994739974172
3013814,1.5423272639279695
3013815,84.69165522066598
3013816,258.6810842107508
3013817,2.113418364966517
3013818,6.903938351930951
3013819,121.11514386996147
3013820,100.44566480080256
3013821,1365.444988058328
3013822,4.180653737952323
3013823,3.9745420908261657
3013824,3.4475085529042753
3013825,0.4877010835635358
3013826,2.084762814696226
3013827,1188.5356405293785
3013828,0.4550262563874823
3013829,118.4360361673797
3013830,5.314073760708679
3013831,707.7637925556461
3013832,366.4488087847125
3013833,131.68623042320186
3013834,46.72812379843785
3013835,41.0659841187094
3013836,20612.585528123032
3013837,5.095575722580848
3013838,0.7586186848308687
3013839,16.3720917546537
3013840,14.845302868532057
3013841,0.6381504690341339
3013842,157.07407058667016
3013843,0.927269554777117
3013844,50.24970457375082
3013845,3.6914013872093547
3013846,43.78850782875883
3013847,1.4182128209452367
3013848,93.20088113999093
3013849,159.99043468892532
3013850,1.094741832963949
3013851,4.617688200841698
3013852,92.00520179443656
3013853,23.582636229164496
3013854,569.197643204147
3013855,22.711416632947568
3013856,1.26116728489921
3013857,1.478162357631134
3013858,0.8462786723562414
3013859,5.639891909796013
3013860,1132.9720224922364
3013861,0.9112720973405055
3013862,240.13883611000557
3013863,6.161965798639617
3013864,539.190418787208
3013865,510.8608401069132
3013866,130.351309743362
3013867,38.02294807734586
3013868,50.14984474995755
3013869,2621.666253302803
3013870,21.710462927337524
3013871,1.2152527891573386
3013872,8.799737168137112
3013873,16.74224182309699
3013874,1.1909246830176956
3013875,128.3728508241821
3013876,11.720846258577915
3013877,6.063121437263133
3013878,5.83568736734429
3013879,39.24408638486977
3013880,4.243487756585829
3013881,510.93886140286276
3013882,155.12944040249917
3013883,3.6230449814246493
3013884,5.870921059445893
3013885,256.0599161079574
3013886,26.269416697669037
3013887,3314.845154038459
3013888,47.04402144958139
3013889,5.662569767901191
3013890,2.9254151050913606
3013891,1.7118418878492438
3013892,7.202079076162649
3013893,2949.1824456815125
3013894,1.8976042660037609
3013895,729.6838408323496
3013896,13.80243416055946
3013897,949.725338766503
3013898,1162.9438534593623
3013899,293.54263314428823
3013900,180.296640490791
3013901,135.63583698983828
3013902,31907.739641059645
3013903,26.884372273020663
3013904,2.523005734105857
3013905,17.8256647440396
3013906,31.692881823502145
3013907,2.339872115721428
3013908,271.8839764690796
3013909,11.370623596579534
3013910,63.70393934061101
3013911,11.446399872801233
3013912,87.04083265675561
3013913,11.424328355265594
3013914,354.02109907977706
3013915,259.93434841173195
3013916,15.788162194941245
3013917,8.927599808572465
3013918,489.3095695994977
3013919,92.26289487660338
3013920,196313.1468692553
3013921,46.03316793582566
3013922,19.513059930346
3013923,1.5128574645391444
3013924,0.5773714948688269
3013925,5.165020862864952
3013926,1234.113365992424
3013927,0.5930722084167459
3013928,320.00609904965427
3013929,4.217565903242976
3013930,349.1364527316868
3013931,574.8855731809323
3013932,148.97872752477838
3013933,77.59519531537079
3013934,56.14062086918727
3013935,1693.229458132957
3013936,15.027710613056588
3013937,0.9901770735518316
3013938,9.486131903261601
3013939,16.102685033287123
3013940,0.7739111711203019
3013941,90.63466504954675
3013942,0.7766004044716108
3013943,56.55391424572731
3013944,4.803656077340998
3013945,141.43872694113935
3013946,4.044131150951762
3013947,188.09039243302163
3013948,116.76221539558257
3013949,3.351149324531125
3013950,5.580040504782329
3013951,134.92671693829834
3013952,27.29583725878576
3013953,2843.6049369642224
3013954,3.8608544273961205
3013955,2.979368614397644
3013956,2.6502134683376326
3013957,0.5670102044574215
3013958,0.7608276872248497
3013959,795.9606650877778
3013960,0.6592376463819131
3013961,193.39416826658797
3013962,3.8426551850995097
3013963,407.62138919567394
3013964,231.28507788907194
3013965,82.7225149808076
3013966,30.44599866375444
3013967,21.01661632626946
3013968,1549.1301525095505
3013969,11.176315230131895
3013970,0.9391675891044309
3013971,9.70863623613999
3013972,7.271074280634797
3013973,0.8845739570676387
3013974,85.91406664075741
3013975,0.8527343309325129
3013976,10.279679429101133
3013977,2.3307718640038306
3013978,20.404800842849436
3013979,0.9409130456736561
3013980,206.63597321401633
3013981,128.27318254006457
3013982,1.6585027834270218
3013983,1.958814308872074
3013984,103.4444844030926
3013985,17.332758783581458
3013986,985.7248987414508
3013987,3.580931484253747
3013988,1.832506100221652
3013989,5.276063970497507
3013990,1.054913952798336
3013991,7.207207664227975
3013992,2413.7581448934243
3013993,1.2255461055175403
3013994,647.083775336448
3013995,12.145455669555943
3013996,824.0263748987686
3013997,941.8383568037668
3013998,281.00678006837643
3013999,193.43018227648926
3014000,81.79331947875077
3014001,21313.167652556636
3014002,19.901112304599394
3014003,2.4931638976035915
3014004,19.87931547642459
3014005,24.92719417069555
3014006,1.5771637903674844
3014007,212.20608892648923
3014008,5.157789773895851
3014009,34.89178420425661
3014010,7.6169910487453585
3014011,111.48324310490214
3014012,2.8861248833804813
3014013,227.50695471490118
3014014,234.65566443536176
3014015,9.650624520062795
3014016,8.851427246319377
3014017,356.406158323127
3014018,61.40099453838659
3014019,33937.04021994529
3014020,5.305755452626832
3014021,12.282460472375353
3014022,5.93688293736271
3014023,1.0400600433656206
3014024,3.289816303475903
3014025,4786.676589423059
3014026,1.193793702256749
3014027,677.7982275648773
3014028,11.078514638449532
3014029,997.6418666005004
3014030,1609.367135262995
3014031,363.2397272225566
3014032,200.01762756877946
3014033,51.53442684416408
3014034,1374124.5224483968
3014035,10.252118762043759
3014036,1.7555152796924038
3014037,26.75275619593642
3014038,17.397655065409715
3014039,1.8092731273531408
3014040,253.4147385735381
3014041,1.533043105646561
3014042,7.735042615119672
3014043,6.415401833330915
3014044,54.515174238167624
3014045,2.020089484423537
3014046,169.31578455749766
3014047,247.92106289941367
3014048,5.3926161777583825
3014049,4.384862021495221
3014050,159.24453199586102
3014051,58.741043845898936
3014052,2062.670824695698
3014053,5.517223496642429
3014054,3.842607273067063
3014055,5.389045261567246
3014056,1.1297660545812536
3014057,5.215364347387029
3014058,3259.4648428495684
3014059,1.1559388297872442
3014060,662.4478562274194
3014061,8.716470048847722
3014062,883.6544910331776
3014063,1412.3092744074265
3014064,236.87197429417728
3014065,168.09725596839752
3014066,51.84363456146781
3014067,843400.493275136
3014068,12.462928627799506
3014069,1.836608587769292
3014070,21.498942978159704
3014071,20.228356899250254
3014072,1.4841011643358497
3014073,203.26490012683925
3014074,1.4849091507620948
3014075,8.580161144729876
3014076,5.900188965625404
3014077,73.55927325750294
3014078,1.985886632350777
3014079,89.18925248665153
3014080,215.6590030190368
3014081,4.519656266027744
3014082,4.611797186049671
3014083,142.1677337101115
3014084,45.2174959898057
3014085,2003.7227100889238
3014086,5.4121219161004674
3014087,4.821578416333577
3014088,10.534779916405846
3014089,4.1120187349058455
3014090,17.5136664627892
3014091,369999.1597850751
3014092,3.4849201514115133
3014093,1012.2230139764949
3014094,27.32067455983999
3014095,1521.923801626657
3014096,1972.9884062327822
3014097,385.40602506300525
3014098,440.93773580973146
3014099,300.9936340338415
3014100,9421060.26865868
3014101,69.06390456853327
3014102,6.185064393745188
3014103,46.59809474350329
3014104,55.7888313532812
3014105,4.444257963793225
3014106,528.2164951727026
3014107,34.0672506827813
3014108,84.24370985330128
3014109,24.42040353671328
3014110,181.2691783565788
3014111,22.001302476456253
3014112,641.0543420389981
3014113,557.650872147401
3014114,20.232519665061893
3014115,24.594107329547313
3014116,878.0434143295839
3014117,189.8539563814366
3014118,34564915.72425449
3014119,9.086306410760193
3014120,70.75150288896336
3014121,1.6222449927525269
3014122,0.5107665022745433
3014123,1.5453258462078905
3014124,1212.8004563250731
3014125,0.4584506285865061
3014126,155.31298754654233
3014127,2.467403593174751
3014128,643.6580488198525
3014129,383.62479555425296
3014130,104.07970042667908
3014131,91.3066001841721
3014132,34.43586619933767
3014133,9855.212127540692
3014134,4.728702945799892
3014135,0.633909985348225
3014136,9.381339383306582
3014137,7.801858658914266
3014138,0.6681753481749139
3014139,140.94566265248136
3014140,0.6782558073385246
3014141,59.90606162378789
3014142,3.1836011367789756
3014143,41.56024156512766
3014144,0.8775722926554058
3014145,51.01526023812183
3014146,106.76564628609475
3014147,1.3443957992446087
3014148,2.9218155208017182
3014149,77.60665714125443
3014150,15.770533654810855
3014151,688.0877674296722
3014152,5.232283041534591
3014153,2.765463212052801
3014154,6.092727133962005
3014155,0.759560266256749
3014156,2.3951299581016317
3014157,3305.229336155465
3014158,0.8286139756155895
3014159,521.8568919668206
3014160,5.674033876966638
3014161,1191.139122082668
3014162,910.0995126703438
3014163,209.20795142577728
3014164,198.60439612726847
3014165,58.16735490321383
3014166,701011.1910640828
3014167,9.854674381955707
3014168,1.0626587014759876
3014169,17.184504998685128
3014170,20.677248959412434
3014171,1.0898316332036833
3014172,233.51559955164316
3014173,1.936053930182109
3014174,7.779656257044132
3014175,8.439589429568954
3014176,18.068040413368966
3014177,1.7661723425156461
3014178,302.5219766512634
3014179,230.20700001968308
3014180,4.031192836953927
3014181,6.179446211408923
3014182,87.77468991537842
3014183,53.86452359031666
3014184,1624.5928722525277
3014185,4.959725757616793
3014186,4.376092009147
3014187,0.9430804746998602
3014188,0.40249973358367663
3014189,1.5482159199032381
3014190,851.0248824176982
3014191,0.4279427762062682
3014192,102.35824137968443
3014193,2.166583928663079
3014194,826.3376252716438
3014195,217.71844000188736
3014196,77.86793489760328
3014197,152.62113856555965
3014198,13.14870239524825
3014199,4676.335463401674
3014200,2.0068940971763776
3014201,0.5673718410579294
3014202,6.355775291614226
3014203,3.972709277565304
3014204,0.5820527504334582
3014205,89.67349215315384
3014206,0.5848714774891649
3014207,49.12406942973056
3014208,2.4145956685354117
3014209,24.622647641324093
3014210,0.7019821795568196
3014211,57.23744310258615
3014212,88.78751328354213
3014213,0.8127963224539053
3014214,1.0009654073934877
3014215,40.96864040332494
3014216,7.799506754952165
3014217,301.5506872764442
3014218,41.7079703454357
3014219,1.2500645764372487
3014220,4.986463556800243
3014221,0.5185346087878894
3014222,1.7259377324707692
3014223,1481.5659386222483
3014224,0.5155266233310637
3014225,200.64756539124804
3014226,6.416738533650674
3014227,837.276605781656
3014228,560.9836896076607
3014229,154.6815130227175
3014230,114.54281600401457
3014231,45.918069017428465
3014232,29727.008072111443
3014233,3.480439343505593
3014234,0.806356864841761
3014235,19.523156349162246
3014236,15.524242931777996
3014237,0.7481181908606379
3014238,173.78468350147713
3014239,0.7025101943161275
3014240,59.92986713627487
3014241,9.900931566779503
3014242,32.155353886320974
3014243,1.1325084240297678
3014244,220.55854428413411
3014245,180.12370628750534
3014246,1.502833542256719
3014247,3.3275268519133556
3014248,185.9658743228551
3014249,22.2029264387627
3014250,1317.5527088315007
3014251,24.694759932051014
3014252,1.2033476312638653
3014253,3.462300921849229
3014254,1.2111127272387017
3014255,3.763325589603732
3014256,1852.6386188953936
3014257,1.3132334313583838
3014258,677.3052956612266
3014259,6.110531893574931
3014260,809.1620233812124
3014261,909.1199624795372
3014262,211.26849061226812
3014263,83.28543293087881
3014264,51.51087515765957
3014265,299280.7036653688
3014266,5.9800950665479204
3014267,2.9278591564880188
3014268,27.28776850601905
3014269,33.143486685931514
3014270,1.7023880558973148
3014271,181.0054850302197
3014272,2.7049722713787556
3014273,7.6596303105776755
3014274,5.682840802701806
3014275,33.52229398001998
3014276,2.59115337533269
3014277,139.64793477571263
3014278,225.48621418453462
3014279,3.6034838130740647
3014280,5.866675857239189
3014281,112.99996528304418
3014282,24.149531283779933
3014283,1009.6763715050929
3014284,6.233223843752718
3014285,3.4632156310337123
3014286,3.0263588016507823
3014287,0.37328531729671827
3014288,1.0467483852922457
3014289,1236.4604867644462
3014290,0.3903613768455013
3014291,94.25595380020233
3014292,2.904865785332047
3014293,540.7345518957827
3014294,220.65780696439265
3014295,73.62816833591197
3014296,98.80088774226789
3014297,29.583273883223292
3014298,14484.97929791089
3014299,5.114053548269636
3014300,0.5446487315030946
3014301,6.161104983728437
3014302,6.2994693468510565
3014303,0.5574545261404523
3014304,101.78386086405395
3014305,0.5370853168758379
3014306,49.066578353283134
3014307,2.1424854520299323
3014308,24.24346426586404
3014309,0.7186136135768038
3014310,148.5031210340686
3014311,103.66289789023298
3014312,0.8815056135356714
3014313,1.0062339366941861
3014314,35.07823675267399
3014315,11.79176894552945
3014316,492.8370946425881
3014317,3.354738153514391
3014318,0.9758809393239456
3014319,3.9441031735992937
3014320,0.936121726858852
3014321,1.7649905756192261
3014322,3185.5304107276434
3014323,1.0804926683919223
3014324,526.4466244939131
3014325,6.126436301188804
3014326,828.7720100535051
3014327,902.2950905544599
3014328,209.37546351719325
3014329,89.05165938652718
3014330,58.26896731946751
3014331,295501.3934396346
3014332,6.715529609806052
3014333,1.499312798778414
3014334,17.29951843272789
3014335,10.93186549840463
3014336,1.39053321223251
3014337,181.53456143417273
3014338,1.402468809277682
3014339,20.446855684492114
3014340,4.724529492909093
3014341,40.44279171902697
3014342,1.7122587950743586
3014343,205.3881816073272
3014344,223.66982726271755
3014345,2.604254243340928
3014346,3.7808336978631916
3014347,89.78550030901637
3014348,34.166613555287576
3014349,1801.7167875714163
3014350,5.0940429893907515
3014351,1.8786873478880863
3014352,3.713973207059673
3014353,1.0626175999753578
3014354,10.603707191523743
3014355,1990.4085008983907
3014356,1.1861283224306465
3014357,529.8282860009849
3014358,6.772671161815822
3014359,879.0972162990114
3014360,857.128330849083
3014361,185.63931719409638
3014362,108.1471583511514
3014363,100.6394684831287
3014364,23281.325218578084
3014365,36.477833911092844
3014366,1.96962517093665
3014367,18.900996232344582
3014368,23.86643151016514
3014369,1.528299262273133
3014370,227.79285797626767
3014371,20.375580498434537
3014372,27.703540041975867
3014373,4.024381334945167
3014374,104.45188646349838
3014375,7.011888734422398
3014376,184.15664773505705
3014377,224.25509444106976
3014378,14.02040938174115
3014379,12.679834643204153
3014380,207.33010097172937
3014381,55.024633690269006
3014382,25405.893467280843
3014383,42.2940473747738
3014384,9.356593858292857
3014385,5.444868440500872
3014386,1.0443615453485569
3014387,9.948388481994304
3014388,2102.070243396178
3014389,1.2233191552895486
3014390,473.24461005240926
3014391,7.892351646040192
3014392,921.9713812685603
3014393,757.6945527749953
3014394,158.2570397799045
3014395,71.92052775046096
3014396,109.06589382115344
3014397,25380.193729230847
3014398,22.835781980661388
3014399,1.8761625814104055
3014400,35.08101215014332
3014401,70.42109042299222
3014402,1.5280186617091964
3014403,293.0053116430524
3014404,14.511142203311907
3014405,21.120278957509168
3014406,8.671979350550922
3014407,80.2376150342073
3014408,7.9739207675357875
3014409,132.0966926478891
3014410,507.7211112878283
3014411,6.16573489625933
3014412,10.023100904977927
3014413,99.39845237706098
3014414,56.271620370065456
3014415,9713.347891901707
3014416,5.174230888295304
3014417,13.193384299344668
3014418,7.033033112786652
3014419,0.7235282269072469
3014420,6.286548797369985
3014421,4125.999965960296
3014422,0.7967616875375665
3014423,677.4228389070129
3014424,4.724047321108587
3014425,1561.9898103443875
3014426,1117.650520880635
3014427,214.92200741115008
3014428,359.63716037616064
3014429,52.513376449065504
3014430,2128510.419146559
3014431,25.868832207516355
3014432,2.05279689071432
3014433,13.41398462475255
3014434,18.798807848678486
3014435,1.040802845079975
3014436,305.25526916839834
3014437,3.866826451245288
3014438,11.897264776052113
3014439,11.690450719074684
3014440,52.33078056885495
3014441,2.4650854710790173
3014442,130.0823910208327
3014443,283.0900627415349
3014444,5.529732468526312
3014445,7.118531813279227
3014446,177.7805654149089
3014447,48.77088299867824
3014448,2406.069307103935
3014449,56.8373806593739
3014450,11.919277551903694
3014451,3.5100781985293965
3014452,1.2303104093786796
3014453,9.345945694520903
3014454,1682.1160219851172
3014455,1.228910986066694
3014456,350.04987794392406
3014457,5.465489742655484
3014458,748.158868099428
3014459,756.50518165336
3014460,218.59556754727444
3014461,110.23652005371423
3014462,73.14374840615487
3014463,15002.59589488135
3014464,20.150558999660113
3014465,1.9317922846915287
3014466,13.553841231155491
3014467,14.582404464322419
3014468,1.5591164637870423
3014469,195.55299462928505
3014470,15.647568960732798
3014471,21.93965080254517
3014472,4.125769457791322
3014473,74.88850800334464
3014474,6.020552832441613
3014475,310.5027211192743
3014476,215.6982497486757
3014477,5.6342580082954345
3014478,7.184450267969279
3014479,310.9103732899065
3014480,40.4994070387624
3014481,12736.091894713354
3014482,45.41229690315444
3014483,18.16032795217552
3014484,3.0515868520677825
3014485,0.657833015326299
3014486,3.0486946551931204
3014487,6990.5272199271285
3014488,0.7627182739790148
3014489,443.3016507761116
3014490,6.107882375349284
3014491,1298.4689780434137
3014492,884.476304041322
3014493,230.87150765734378
3014494,158.0836257995001
3014495,40.15445375835479
3014496,1877342.1707471116
3014497,9.321842798484477
3014498,2.007043161385918
3014499,26.21024100963347
3014500,21.772826640512687
3014501,1.028899110342687
3014502,428.7751401283144
3014503,0.9849144159163626
3014504,5.421713154759731
3014505,8.080374725876275
3014506,37.81225759046836
3014507,1.9985364991360033
3014508,115.62279959519978
3014509,314.4828064520032
3014510,3.402486583777874
3014511,7.780921341423445
3014512,144.14909326813836
3014513,43.91502362315401
3014514,1395.052942917047
3014515,25.259732111987176
3014516,3.6022009195959286
3014517,6.03648088707469
3014518,0.6524028955852258
3014519,8.694903850210718
3014520,1839.2253241947042
3014521,0.6802142289777213
3014522,502.2467136633119
3014523,7.85531670428519
3014524,954.2456656594135
3014525,749.4120641621205
3014526,223.85621846565778
3014527,96.74784245709536
3014528,100.31223769553492
3014529,17644.855504383453
3014530,26.979680503235585
3014531,1.3536444643820462
3014532,18.599166693574062
3014533,32.61419279220272
3014534,0.9271877092571231
3014535,237.78508656481202
3014536,12.291496701203625
3014537,20.543482708344712
3014538,6.9943798603213825
3014539,143.75668709855975
3014540,8.333631060607189
3014541,176.45021566651096
3014542,447.1184628381794
3014543,10.261266781628978
3014544,7.159189578447318
3014545,155.5969220440708
3014546,44.042699350034965
3014547,7734.770867729943
3014548,4.143349281069805
3014549,4.892842291679013
3014550,3.305478449220026
3014551,0.8202910765091722
3014552,7.615043370659415
3014553,1834.6770286346082
3014554,0.9168207936685513
3014555,470.2182348761805
3014556,7.587618359997642
3014557,693.6399608444622
3014558,779.3685358138465
3014559,172.0346705135554
3014560,110.02240424096087
3014561,93.26182824973817
3014562,6854.486701189979
3014563,25.142438838790376
3014564,1.6707788745480223
3014565,13.561761748523226
3014566,22.112548084790546
3014567,1.1654268913325614
3014568,181.7555864471672
3014569,12.35896657736329
3014570,42.78156247837761
3014571,10.431523251840463
3014572,70.71016181335288
3014573,7.4817338795061845
3014574,186.26609396355147
3014575,214.76497956811926
3014576,7.689501884691622
3014577,7.030759192566625
3014578,188.60390209210124
3014579,41.15521850633869
3014580,13330.887892481462
3014581,7.2561526741671765
3014582,13.121287779083179
3014583,4.896762737412322
3014584,1.1228461871721507
3014585,5.676670067689937
3014586,9627.430261140495
3014587,1.2454066694960115
3014588,598.7595536230875
3014589,10.264120564549508
3014590,1005.2936888205152
3014591,1058.4827699229008
3014592,279.90052339893344
3014593,170.31378479376963
3014594,47.193769336592744
3014595,624508.0003196865
3014596,7.324787684907571
3014597,1.5222892604661113
3014598,13.712833057207552
3014599,18.80770580757407
3014600,1.583365496502953
3014601,230.1114018628599
3014602,1.5986406695657334
3014603,9.829811518468262
3014604,3.953677920874269
3014605,67.28417599128399
3014606,2.656372100675668
3014607,174.12661507044092
3014608,277.69324799019495
3014609,3.3827566300637875
3014610,3.6303044412651246
3014611,213.5444883506599
3014612,96.32581063720576
3014613,1545.7682846272824
3014614,5.705877957147635
3014615,2.038816028289435
3014616,15.0951244152118
3014617,2.992743353838152
3014618,19.101537962300593
3014619,3191957.983600913
3014620,3.2910429311034686
3014621,1248.0232305956326
3014622,24.797463607921863
3014623,2097.0086929765603
3014624,2554.0200880959637
3014625,642.4153990222084
3014626,536.8998371016438
3014627,400.520232084036
3014628,185460865.20128044
3014629,89.5904799236113
3014630,6.727237628960387
3014631,95.09134955973853
3014632,114.16839404832108
3014633,4.262235214841068
3014634,665.8361405215019
3014635,92.14218633566338
3014636,29.606325434634773
3014637,40.10121143628531
3014638,258.0167230663537
3014639,21.164971225119025
3014640,716.6456054871968
3014641,625.7596389386999
3014642,30.95456065325601
3014643,33.08425830755069
3014644,872.9999965114993
3014645,258.60839199582136
3014646,468095802.5959417
3014647,325.2095497172054
3014648,73.0185377329568
3014649,12.929333931329058
3014650,2.059403607814053
3014651,15.752166436440532
3014652,1352892.2018140596
3014653,2.3050381394457884
3014654,952.6304959887012
3014655,24.817478076240498
3014656,1756.147930466786
3014657,1835.2761077239202
3014658,730.4387782979695
3014659,321.2905292719623
3014660,255.32389013373688
3014661,435034820.0807746
3014662,101.08575173918895
3014663,3.2238267367757163
3014664,53.78870737962044
3014665,82.76271067419754
3014666,3.212140727999447
3014667,597.3846404162553
3014668,35.244077038604026
3014669,49.69523670651547
3014670,24.035288786091332
3014671,181.86845809312527
3014672,14.375766399021714
3014673,808.234538006837
3014674,705.6887643901391
3014675,19.31382157309449
3014676,25.39092065861475
3014677,879.2231811529347
3014678,212.14683465007633
3014679,5463175.189864636
3014680,433.3742659475902
3014681,69.63906372850467
3014682,9.972627955562638
3014683,1.926592477052976
3014684,18.585585595170986
3014685,34448.650052383324
3014686,2.094357980401518
3014687,804.8019122168455
3014688,12.514990590353884
3014689,1735.661543845813
3014690,1300.1747103408952
3014691,782.8362654091931
3014692,100.74824346918972
3014693,178.67953018857492
3014694,136663007.9159121
3014695,34.26426514072199
3014696,3.927699869640763
3014697,34.96568700369748
3014698,29.812435089977086
3014699,2.695159459028049
3014700,597.5974385825849
3014701,71.60659694671381
3014702,65.11682307142162
3014703,14.593880828770555
3014704,103.62231274667688
3014705,8.156137293581446
3014706,803.2485164617083
3014707,675.3032307869369
3014708,22.04853898080473
3014709,37.952268235418764
3014710,609.6911264906447
3014711,103.93375457991007
3014712,78007.56715738101
3014713,282.0687151644382
3014714,35.70025558716296
3014715,12.506719428821718
3014716,2.3775518650610916
3014717,20.77236375173209
3014718,1107553.154703242
3014719,2.53242539763209
3014720,917.4607655414871
3014721,17.788386897498896
3014722,1640.1155296008526
3014723,1805.2027090684196
3014724,710.4773488157454
3014725,293.9103930640502
3014726,200.8097801951097
3014727,190025067.88159665
3014728,44.84829631747605
3014729,4.125637143918674
3014730,58.6999147076659
3014731,85.00441767337591
3014732,3.545553456205127
3014733,577.1610511800009
3014734,62.00338050199767
3014735,70.89951658252684
3014736,56.09967003786775
3014737,171.40925954387242
3014738,12.303795522036305
3014739,691.9798884591197
3014740,688.145769653941
3014741,20.464435512882357
3014742,24.649581073201883
3014743,836.4652594400123
3014744,163.96506801031234
3014745,2231286.0319508305
3014746,497.9394189304497
3014747,52.84345838880385
3014748,10.834942132792788
3014749,1.3416751328052565
3014750,20.696049664596437
3014751,7891.671970663784
3014752,1.4390760386370538
3014753,692.9747228809149
3014754,12.65259673775766
3014755,1397.592019268292
3014756,1026.8311937895926
3014757,633.9509207478479
3014758,88.91843418211481
3014759,127.77348679956975
3014760,20095195.3906679
3014761,32.22953379509047
3014762,1.8746727634347409
3014763,29.137923457912713
3014764,49.61387541471833
3014765,1.907722396117218
3014766,548.093765754667
3014767,41.0289853747964
3014768,17.788659308856108
3014769,13.46839985664825
3014770,96.44071825283565
3014771,5.469230268989984
3014772,673.4639122200772
3014773,720.176181705473
3014774,13.6225570407426
3014775,23.511997926346265
3014776,634.3616039927002
3014777,60.64249295373918
3014778,16498.009120806862
3014779,281.7756442787327
3014780,17.02299571312474
3014781,9.770127330691148
3014782,1.0485702797343996
3014783,13.227970987548069
3014784,36153.88186993641
3014785,1.237206471670107
3014786,993.4466453543901
3014787,19.934997074466747
3014788,1378.6341530190434
3014789,1640.812989844281
3014790,498.25942479548786
3014791,403.6454377096733
3014792,290.2943297437006
3014793,4777745.731979926
3014794,58.52289036335328
3014795,2.023123326799046
3014796,40.855691516685326
3014797,54.945721335682634
3014798,1.852850459647244
3014799,465.9135991376966
3014800,16.494811642987493
3014801,31.89022641277924
3014802,13.997054945924324
3014803,197.7714321829135
3014804,14.482193772083706
3014805,654.9635838944492
3014806,559.7083084662734
3014807,14.813833886497008
3014808,26.53413091620994
3014809,802.3860347591703
3014810,183.99127024336417
3014811,18810443.610962387
3014812,270.2266620843115
3014813,63.237122500273195
3014814,4.556734604514685
3014815,1.0023865135165382
3014816,7.103574184926035
3014817,1384.9607091108865
3014818,1.0124251715169603
3014819,301.3259595578785
3014820,15.987252593947245
3014821,829.6459111768108
3014822,613.9047551200875
3014823,242.2382756927093
3014824,67.40482336312768
3014825,66.60859415285123
3014826,8476.987544606429
3014827,30.943828260839005
3014828,1.5375705135156132
3014829,25.357551167599144
3014830,21.793960760474125
3014831,1.3639855051602459
3014832,183.17726190786308
3014833,10.602242672764044
3014834,12.570660983534285
3014835,8.983808740261821
3014836,43.68869380507253
3014837,5.37864066957741
3014838,188.20560105247728
3014839,221.07801690369453
3014840,3.5750065888624496
3014841,6.309721632251001
3014842,174.28391726660982
3014843,41.234248880017844
3014844,4274.446017212127
3014845,4.744328459391041
3014846,7.537179833843002
3014847,7.90586103573979
3014848,1.230562993100889
3014849,14.193257576494254
3014850,4720.516547811931
3014851,1.321452079727692
3014852,610.4876820807465
3014853,22.404153446506765
3014854,1235.4635020530268
3014855,973.793604315293
3014856,508.44941269950823
3014857,81.44716376335195
3014858,105.7215838422414
3014859,989550.0033291302
3014860,59.25137610880914
3014861,1.9981513768364694
3014862,44.52862526543221
3014863,40.68305318059309
3014864,1.7124509981301024
3014865,393.34051986955944
3014866,21.029832926779775
3014867,14.257023712224784
3014868,4.767337612346363
3014869,109.02167846979535
3014870,8.168612842655715
3014871,522.6833474819989
3014872,533.9043075920537
3014873,10.91933328415368
3014874,18.473514699801747
3014875,349.9308654443417
3014876,55.977908407543325
3014877,19400.939741619793
3014878,321.5866244442437
3014879,14.03942077889863
3014880,5.963195074564525
3014881,0.6110280288570514
3014882,7.547055389607197
3014883,4107.995038137067
3014884,0.6928323727039393
3014885,802.8986537616993
3014886,6.654798799627437
3014887,1185.6098067994378
3014888,1298.483054170385
3014889,262.2833735782753
3014890,310.5723328731127
3014891,203.32189806726612
3014892,75270.84206220595
3014893,26.561391590727055
3014894,1.215358401953696
3014895,24.66865132731133
3014896,34.3562120875153
3014897,1.0334428326021494
3014898,285.74939492482537
3014899,2.6263836736657122
3014900,47.77457676228151
3014901,5.82513887805889
3014902,106.39728406783468
3014903,6.868631518758009
3014904,556.4367759445707
3014905,277.20929356240345
3014906,16.862094735134708
3014907,8.37525742646321
3014908,650.1475862898437
3014909,89.98917245376394
3014910,859489.4565317999
3014911,6.79775747145184
3014912,37.11526916381502
3014913,8.896446011357401
3014914,0.8290890930740265
3014915,10.67738770781719
3014916,3546.181783490446
3014917,0.9913440756043788
3014918,719.8217254080581
3014919,6.787799987755748
3014920,1250.483177198948
3014921,1012.0612043209399
3014922,397.917312599109
3014923,165.54567359636673
3014924,249.69284262397613
3014925,287318.42764471297
3014926,43.12455327235729
3014927,2.859327898881334
3014928,42.13765149952571
3014929,36.200277392261825
3014930,1.3907384462146994
3014931,361.5220805747721
3014932,6.910332613698573
3014933,81.60163176663737
3014934,7.730955807980109
3014935,201.11598124127926
3014936,6.586497518740641
3014937,423.97714414148675
3014938,347.25349918162743
3014939,11.00979563429122
3014940,20.776835517562052
3014941,445.8803809298309
3014942,104.22303634969744
3014943,214614.22219886235
3014944,7.186120623062391
3014945,8.351924787036955
3014946,6.409945923367903
3014947,0.6407354315886373
3014948,5.4138424922652915
3014949,1591.983892317865
3014950,0.6710209283174664
3014951,492.45686206233825
3014952,6.2664899182655605
3014953,898.4883333323387
3014954,605.416372721854
3014955,220.68463164167693
3014956,71.25942046061364
3014957,84.58478731281328
3014958,6605.880486522588
3014959,13.18478775960012
3014960,1.3070790657484714
3014961,21.42983369341338
3014962,27.469492284955102
3014963,0.8852984548417983
3014964,196.8402589577227
3014965,2.7881905961533215
3014966,15.278262557991212
3014967,7.04281694491957
3014968,74.34694289039682
3014969,2.3831215688436984
3014970,221.44832660871919
3014971,238.59479162435767
3014972,3.4462018681550557
3014973,4.601019539651732
3014974,149.4041050123024
3014975,62.98593202957661
3014976,5336.916618445413
3014977,4.043176940653287
3014978,2.1251993034265118
3014979,3.4813517016476787
3014980,0.43951978608447384
3014981,1.8448616115341694
3014982,3447.836215650746
3014983,0.4742978643182964
3014984,206.81072790490055
3014985,2.9368704065536755
3014986,863.5313929256813
3014987,261.677275422102
3014988,187.01853376296614
3014989,44.55324596240522
3014990,26.247759419362538
3014991,37690.45850874677
3014992,5.931067104556185
3014993,0.7748687717497712
3014994,14.373925524681347
3014995,9.471055789313922
3014996,0.6275115369068069
3014997,176.41255888906937
3014998,0.641715996601619
3014999,63.29371598766864
3015000,3.391484351811436
3015001,18.296509403946082
3015002,0.9387709782664517
3015003,38.913314012738034
3015004,171.1500187848148
3015005,0.7611209902655165
3015006,1.5481237566198829
3015007,37.08719562983812
3015008,57.21664963401186
3015009,702.2519131589002
3015010,47.341982166106334
3015011,1.4458544230084938
3015012,6.125501831108225
3015013,1.3536473887348472
3015014,9.07220798514343
3015015,2965.7543593844994
3015016,1.580428203998514
3015017,532.7150531511327
3015018,13.346309695885813
3015019,992.7237037159765
3015020,920.1440761168623
3015021,337.1117337645806
3015022,146.20752254350666
3015023,103.75274615469424
3015024,125013.8112347568
3015025,25.132330049487514
3015026,2.187343915099699
3015027,25.435637704383264
3015028,44.27183758700097
3015029,1.8950080368449562
3015030,286.53637172879263
3015031,19.292564674227336
3015032,28.83385307601478
3015033,17.157786314887417
3015034,76.362069550881
3015035,6.30552355797582
3015036,419.37963815898826
3015037,346.1037681570623
3015038,8.977187870241291
3015039,12.773619581909566
3015040,466.04975371310644
3015041,62.57492353023976
3015042,19967.41671837216
3015043,49.51806958700885
3015044,32.37646936323565
3015045,5.199888823644621
3015046,1.2547194619634028
3015047,9.33111936816781
3015048,3188.258356614059
3015049,1.4523423712219516
3015050,647.7096187963549
3015051,14.190492166245393
3015052,965.7204824732776
3015053,1173.327396917932
3015054,217.44481401623236
3015055,233.48159958724014
3015056,178.2109558132679
3015057,20797.593097959638
3015058,30.718460304230252
3015059,3.312036291427585
3015060,29.886648666937408
3015061,23.928072220797397
3015062,1.9949125208736889
3015063,247.8595788085212
3015064,9.767280044771066
3015065,68.66361548845109
3015066,12.2757763655381
3015067,134.21103316735415
3015068,7.145114073399524
3015069,422.64537145142026
3015070,242.95629132567302
3015071,7.8549885139896825
3015072,12.886569713231887
3015073,584.5979692970199
3015074,107.88959651057156
3015075,500030.2968238198
3015076,5.660349422883949
3015077,33.34235230965661
3015078,5.019709934188423
3015079,2.4844587248347123
3015080,14.349364776310773
3015081,7671.361559265471
3015082,2.5976416998591105
3015083,748.5464800004441
3015084,18.417605853993383
3015085,1032.9067450487942
3015086,1235.5999584692256
3015087,330.3797361942052
3015088,260.1050045447827
3015089,134.69050708036315
3015090,138979.87168960963
3015091,29.253112456559847
3015092,4.880399213639191
3015093,34.2095215150853
3015094,50.16121329287026
3015095,3.278875234457382
3015096,334.16423149398514
3015097,25.41855729964054
3015098,64.55512150071137
3015099,24.558031064337037
3015100,114.72325548867019
3015101,15.853036955418704
3015102,388.0876862193163
3015103,290.84505756165026
3015104,16.98610269943253
3015105,19.607411810353263
3015106,536.1868882226258
3015107,114.56926090656052
3015108,927370.8731712165
3015109,7.908005108522622
3015110,34.017695555441904
3015111,9.54015661395608
3015112,1.108410927485397
3015113,8.465648125264728
3015114,4933.466318786604
3015115,1.1498532306867635
3015116,517.7746828456695
3015117,10.790969478915684
3015118,1350.169764613177
3015119,1356.5312625883198
3015120,560.7354960552778
3015121,152.09873568380812
3015122,78.02237614166131
3015123,21572034.96037807
3015124,8.973279213980145
3015125,2.0655930227976556
3015126,36.341188984480326
3015127,36.66791856427708
3015128,1.4542694223337547
3015129,429.79892085603325
3015130,10.18569792599686
3015131,7.642322071967896
3015132,13.53651879212175
3015133,50.49792107898601
3015134,2.502814405263133
3015135,296.45271945935957
3015136,481.9681778821724
3015137,6.892528162067759
3015138,7.268528588337951
3015139,358.71259984181586
3015140,71.61027428419074
3015141,2460.5260147305385
3015142,85.30733662701928
3015143,13.42543096239395
3015144,4.424349294106369
3015145,1.6822442893760527
3015146,4.756443469887165
3015147,1583.1648532340787
3015148,1.8867968291576926
3015149,278.5613433651878
3015150,10.199997452661263
3015151,627.8805640777081
3015152,666.8763840141726
3015153,156.7577907609305
3015154,100.99815894583118
3015155,109.58529098128379
3015156,5014.977143106116
3015157,17.319042788329867
3015158,3.0638768295643217
3015159,18.412200816070637
3015160,25.113883779279295
3015161,2.274125759980065
3015162,156.43276275550068
3015163,11.698811162521539
3015164,15.526390967751615
3015165,7.746292342554042
3015166,93.73162823831464
3015167,6.70452686440591
3015168,240.36546098180645
3015169,133.9688901040023
3015170,5.891462251106816
3015171,8.395805704281791
3015172,230.41986007539492
3015173,48.18111816342184
3015174,5872.50052485323
3015175,13.183870698099904
3015176,26.786168236250823
3015177,1.1129099847146282
3015178,0.5837847200839433
3015179,1.3150238238831875
3015180,998.3317784104229
3015181,0.6181503030491818
3015182,88.55643790686094
3015183,2.7555700617284
3015184,852.5508265652958
3015185,261.47208883274124
3015186,234.98471425806702
3015187,28.933320703304794
3015188,28.147743881954007
3015189,13201.948351772713
3015190,3.8524476239351646
3015191,0.8787505590538949
3015192,8.349892670534048
3015193,4.708863490234762
3015194,0.8197589341062445
3015195,142.52667981311387
3015196,2.0158427437046216
3015197,8.803342258726458
3015198,1.5622726560453217
3015199,7.463436385576458
3015200,1.0304867829818307
3015201,196.3521369418945
3015202,163.05633057550043
3015203,1.169362062908
3015204,2.9325321057271587
3015205,91.02620811385898
3015206,21.875390560746638
3015207,188.54029872901813
3015208,7.759489800140473
3015209,1.3125915447371912
3015210,6.529789058453413
3015211,1.5074635685302071
3015212,5.964986455705059
3015213,18332.376454462632
3015214,1.6172643588451372
3015215,591.7491301211512
3015216,10.676951766746898
3015217,1429.5197679834564
3015218,819.6085780398494
3015219,534.4823644014859
3015220,144.54104709380857
3015221,59.17732902151954
3015222,22614721.080902714
3015223,27.48644607210181
3015224,2.1547149074552627
3015225,23.2533905499878
3015226,21.158409971878328
3015227,2.07139019283788
3015228,484.48591918911677
3015229,8.046707294064374
3015230,3.657109799264284
3015231,10.138587277117932
3015232,33.71983676605533
3015233,3.3678073541333315
3015234,734.79634297135
3015235,434.0622992217766
3015236,5.2600477727728325
3015237,11.706204481633158
3015238,335.30628919038253
3015239,81.20830900103917
3015240,1254.2004147351217
3015241,34.33085245630619
3015242,9.006317869655689
3015243,3.9639646304508833
3015244,0.7983804555401537
3015245,1.9274875114337506
3015246,1190.6277945526515
3015247,0.8287390690514633
3015248,169.8782789407417
3015249,6.511876418502701
3015250,900.9663474814204
3015251,454.13619188798197
3015252,182.98611578216395
3015253,60.8257673354997
3015254,37.81757827011265
3015255,17379.80107185801
3015256,6.284087613496377
3015257,1.2294156008878865
3015258,11.174629089642009
3015259,16.101153428425505
3015260,1.1246500409575244
3015261,169.4545781579902
3015262,5.113115860696659
3015263,12.694317420275814
3015264,12.505249911072571
3015265,31.859786424323694
3015266,1.6043873751444744
3015267,176.81756730375517
3015268,175.09314525123963
3015269,1.7321490631558052
3015270,4.329301576603023
3015271,122.81165500629282
3015272,27.463987518528846
3015273,336.6470558148541
3015274,6.222264796815359
3015275,3.4367061066546567
3015276,3.605898182188743
3015277,0.6322287908971951
3015278,2.9979373902407254
3015279,1155.7285873255043
3015280,0.6689787084956875
3015281,103.28121558700451
3015282,5.276364094642171
3015283,809.6829994280819
3015284,258.7960402539899
3015285,131.70907290462515
3015286,35.43904661713053
3015287,26.04099997077651
3015288,11064.584616672144
3015289,10.254296776346747
3015290,0.8418879375706549
3015291,8.0890582955861
3015292,6.759842585407214
3015293,0.8845624130015095
3015294,138.4974126472713
3015295,1.636936842931222
3015296,11.44721423539894
3015297,2.637105761622135
3015298,28.404644406733514
3015299,1.3447379710581964
3015300,165.95751609898602
3015301,167.57891219306083
3015302,1.183800897637897
3015303,4.165430447836497
3015304,73.91996800122017
3015305,17.957356871046848
3015306,117.1276391890027
3015307,10.678522599008486
3015308,1.6884509242259562
3015309,3.1049291544799256
3015310,0.7257873396515903
3015311,4.522030505990878
3015312,1233.9032583590185
3015313,0.8423343880198106
3015314,147.484724110207
3015315,5.105280334568434
3015316,1446.631641203903
3015317,416.92500283634206
3015318,209.71971113674687
3015319,29.880709927597657
3015320,34.53902588488919
3015321,24078.321269238055
3015322,4.787617475109765
3015323,1.1339890631104328
3015324,8.237788812758135
3015325,16.110635176951927
3015326,1.1124177181943407
3015327,187.54279678841905
3015328,1.6332961373345023
3015329,9.992846852415617
3015330,3.140424811503954
3015331,10.594872076584213
3015332,1.642603499115895
3015333,285.64431869664696
3015334,222.164245385297
3015335,1.5426673022218074
3015336,4.421418537701926
3015337,62.22078135775569
3015338,75.44542808026188
3015339,341.26468374220264
3015340,5.565705545739311
3015341,3.5357822087758923
3015342,3.960119790773015
3015343,1.5896669325486528
3015344,2.6520370137225724
3015345,1491.7709273840578
3015346,0.8805184972242684
3015347,135.8880083167797
3015348,2.0681232706378827
3015349,872.589941652031
3015350,346.88964233190404
3015351,250.51454922653207
3015352,67.33661846054981
3015353,50.98178642191783
3015354,58088.839610518895
3015355,6.506081926281081
3015356,2.6540229620543556
3015357,10.118144110638921
3015358,18.277718731252207
3015359,1.1870948374040209
3015360,182.31742192244565
3015361,7.135711909463264
3015362,9.983051036393181
3015363,3.7820167544105647
3015364,22.844604363368603
3015365,2.2120418272416127
3015366,146.680693553444
3015367,185.5788926508864
3015368,1.5771158405420522
3015369,6.192433179084403
3015370,91.13067264043417
3015371,36.34387097314356
3015372,625.8972358485227
3015373,68.2266389263153
3015374,4.899770768924865
3015375,2.819880104313685
3015376,0.4970159712500988
3015377,1.3572616372429276
3015378,1015.5517000978584
3015379,0.4652043025786195
3015380,132.21783313644698
3015381,3.188119046539345
3015382,910.0641242378567
3015383,231.32145216311588
3015384,133.10966425035406
3015385,115.87496546795441
3015386,24.31333412988025
3015387,12327.619952602658
3015388,4.334855055554525
3015389,0.6908903135442511
3015390,9.329596891075546
3015391,8.452998181712296
3015392,0.6806285227624567
3015393,138.28631096309218
3015394,0.6363211792762177
3015395,10.900074106824547
3015396,1.7062208156861267
3015397,29.47563202620847
3015398,1.1305665675756011
3015399,74.24173169465797
3015400,131.48198190481543
3015401,0.9900296672220619
3015402,2.00528707225014
3015403,50.367616428578586
3015404,24.52891849924744
3015405,473.75771159551937
3015406,10.340357561421833
3015407,0.9991343443521745
3015408,5.903215896503232
3015409,0.9343829656361179
3015410,6.070363866430542
3015411,2041.8271444126365
3015412,0.8829650380747902
3015413,275.9688053458241
3015414,9.891121011366984
3015415,863.0099668144217
3015416,753.9366451670256
3015417,458.93990223585223
3015418,144.40344839885012
3015419,81.39520401589584
3015420,141186.87383850978
3015421,11.600075852258007
3015422,1.5305757436600538
3015423,16.513911757671075
3015424,18.784120334192934
3015425,1.180413024453449
3015426,226.01259075910235
3015427,1.3531069145593284
3015428,9.423055528802783
3015429,13.04962528829119
3015430,31.139849347719007
3015431,3.1167031575985553
3015432,238.4845343500303
3015433,216.57717230251353
3015434,2.1642247292613463
3015435,6.026632363550689
3015436,247.8351022560887
3015437,44.44347530765084
3015438,1038.8599753187286
3015439,30.286558185970506
3015440,9.949049792493945
3015441,2.8506842255374654
3015442,0.6183545500795384
3015443,7.669649851534381
3015444,1534.0220470734773
3015445,0.6155323942788353
3015446,532.7677530965839
3015447,6.27738532409532
3015448,618.6190767089525
3015449,761.8616360572692
3015450,213.14978475198785
3015451,118.52263605952676
3015452,45.099577496602095
3015453,38714.67062487174
3015454,9.761989090771829
3015455,1.0282310502761214
3015456,20.45046354680712
3015457,13.90031237195598
3015458,0.8621155792805408
3015459,165.64088816351074
3015460,8.008363115813076
3015461,3.74264566689199
3015462,10.506541215912081
3015463,47.262679520307685
3015464,1.3264307307863707
3015465,168.37776793795246
3015466,152.97568960934703
3015467,3.0134860286408425
3015468,4.9799745207226245
3015469,129.31952248110613
3015470,44.67072083292206
3015471,1268.982014540147
3015472,42.34290156719931
3015473,9.48113564250806
3015474,3.850640925959297
3015475,0.9632350471936907
3015476,4.199088992777306
3015477,1608.742307589141
3015478,0.8601317279799344
3015479,130.79064782734258
3015480,4.168233684950712
3015481,813.8094411564963
3015482,346.0645872857045
3015483,213.00839265072776
3015484,41.81498370882799
3015485,32.93964724876323
3015486,55321.98653166251
3015487,16.8547913986152
3015488,1.5000637021309189
3015489,10.67321614395411
3015490,11.486380765633209
3015491,1.1428281016175457
3015492,152.24985367425165
3015493,6.721181009021124
3015494,9.339166610774216
3015495,3.9939125390472388
3015496,27.28482703734649
3015497,1.8542595178657852
3015498,139.93254048623655
3015499,173.3993461659044
3015500,1.6512718829859772
3015501,3.769345968780522
3015502,136.94598951319801
3015503,22.860535399486672
3015504,394.8260899183536
3015505,6.883565517089033
3015506,3.4936856085103942
3015507,4.841043334283134
3015508,1.4656238251261968
3015509,7.783610897571206
3015510,2058.7294775452287
3015511,1.7071019063482797
3015512,588.7270520977742
3015513,8.776649029796909
3015514,757.2409423910635
3015515,742.5952569574918
3015516,215.72054742164622
3015517,118.60515391677188
3015518,73.19430173321123
3015519,31852.10975875465
3015520,23.370464211387556
3015521,3.108482455046133
3015522,13.01310668338471
3015523,27.441343912204903
3015524,2.0882831744815324
3015525,193.88753509428696
3015526,19.628181908067983
3015527,12.18254561788367
3015528,10.766267772292384
3015529,68.35244378719638
3015530,6.616522738536359
3015531,337.4415512053625
3015532,212.63037717097978
3015533,7.821639138119993
3015534,7.68231854447406
3015535,368.22118576793343
3015536,87.78578349098242
3015537,5571.961291813059
3015538,12.831369331459985
3015539,28.769283869706253
3015540,4.307268761510541
3015541,0.6727575175525131
3015542,6.417635793117677
3015543,3704.5447053068847
3015544,0.7808014964996329
3015545,446.2509547676897
3015546,5.176158771236795
3015547,1210.7486820494537
3015548,852.845304133187
3015549,635.0508774863414
3015550,72.24673447275238
3015551,60.341210568538926
3015552,2984829.917982808
3015553,9.711665316416452
3015554,2.312742828992059
3015555,18.542619610992435
3015556,13.322480480882302
3015557,1.0051371032588978
3015558,297.61346526768045
3015559,2.46694068979606
3015560,4.6421245657014945
3015561,4.698022195933015
3015562,41.0178525859542
3015563,1.7495541956261738
3015564,515.3529078606892
3015565,365.03041804013486
3015566,3.6111049149459777
3015567,3.819870344947878
3015568,257.5517293291459
3015569,46.81998398500916
3015570,834.4550223872898
3015571,36.178223498411505
3015572,8.372877859049112
3015573,8.045597071075326
3015574,0.5527649061064662
3015575,4.4959415920339545
3015576,2393.9198578569203
3015577,0.5233343659351082
3015578,377.8014352628377
3015579,3.9210151595425526
3015580,1454.5927206997467
3015581,561.0124182866124
3015582,286.52137383677865
3015583,189.0912935158466
3015584,60.688778516384986
3015585,293249.4249489783
3015586,11.438787321900964
3015587,0.862002996657558
3015588,22.53721740766672
3015589,27.507492419523697
3015590,0.7611196362665398
3015591,266.17187493459585
3015592,3.0489021800542617
3015593,2.6562843349203815
3015594,7.817917514773695
3015595,73.7699553212379
3015596,1.3485958834482008
3015597,120.59077981548538
3015598,236.11054838654997
3015599,2.0276075498329225
3015600,5.350893402729759
3015601,117.16902243234902
3015602,106.60333712583727
3015603,880.8931341576317
3015604,0.9548095354727407
3015605,3.770684792942287
3015606,2.8393007496687375
3015607,0.4876618475237995
3015608,1.4760119494870745
3015609,1318.123480645107
3015610,0.46045235534651907
3015611,131.66144464222359
3015612,4.583995683803518
3015613,733.3544107407326
3015614,316.735391417912
3015615,126.45961520188402
3015616,42.1983106697173
3015617,42.25722175621805
3015618,14532.036048325206
3015619,5.464420175925338
3015620,1.1808839946073022
3015621,17.47463561607117
3015622,13.573838140464291
3015623,0.6573671405383485
3015624,164.16741344609966
3015625,0.8283469323105186
3015626,10.973056444603035
3015627,3.0135981843865465
3015628,50.852350994288614
3015629,1.5354391002043806
3015630,111.61254096757288
3015631,140.29040282045182
3015632,1.1237862354754427
3015633,4.830854451536451
3015634,88.7864670881228
3015635,25.549122877213403
3015636,460.8114116030667
3015637,15.630441657570879
3015638,2.329841130727731
3015639,1.7213887766626756
3015640,0.8554216258604405
3015641,3.6736279574750936
3015642,1131.1266400476345
3015643,0.9208650532287996
3015644,215.71349926074097
3015645,7.326357304812139
3015646,511.520014244648
3015647,458.6397506703023
3015648,118.48393959354179
3015649,38.01823832196095
3015650,47.48417355545751
3015651,2114.1870897713457
3015652,20.970631568049125
3015653,1.265431142344524
3015654,8.22802864245862
3015655,17.088320201353568
3015656,1.2577301447024156
3015657,115.29371245366865
3015658,9.45136661658997
3015659,2.677732568830965
3015660,6.575990341104362
3015661,38.56160411903007
3015662,3.8370682192571346
3015663,538.3219866978429
3015664,141.4898952508603
3015665,3.2329543044850633
3015666,5.170275157940426
3015667,236.38901418224881
3015668,25.92204722803523
3015669,1261.3546147376574
3015670,10.865302043945722
3015671,6.751421521298885
3015672,3.4800772838232583
3015673,1.7134114327806533
3015674,5.353147281758211
3015675,2781.617835434701
3015676,1.9086224201250568
3015677,647.2017003514525
3015678,16.106016585062513
3015679,908.7785797766448
3015680,1002.9671196815469
3015681,256.976084527875
3015682,157.1840014502657
3015683,131.30661263556865
3015684,19217.237819585116
3015685,29.39394303078007
3015686,2.445397332849815
3015687,22.03138477644177
3015688,33.43186225639009
3015689,2.3463999740898056
3015690,207.45134459963518
3015691,12.152695768314015
3015692,29.557232889552385
3015693,10.095643976720197
3015694,81.81572116425174
3015695,11.129009644561037
3015696,311.49428626059944
3015697,222.07057728675602
3015698,15.03005839680019
3015699,8.63162984282047
3015700,439.2273081636551
3015701,87.30895605142092
3015702,26910.799027686237
3015703,10.249346877946673
3015704,20.558461883730914
3015705,2.211729239541836
3015706,0.5836988279412597
3015707,5.2329090497335
3015708,1196.7474743243877
3015709,0.5996780486333846
3015710,239.73351080117502
3015711,4.329716476012043
3015712,320.7810286823707
3015713,492.2452967689505
3015714,132.32663089603693
3015715,73.40971484783313
3015716,48.900414370191726
3015717,1389.2414292551578
3015718,14.613362625753467
3015719,0.9681118351040388
3015720,10.024792734281954
3015721,16.08701799655381
3015722,0.7807953776610507
3015723,75.2728127250717
3015724,0.7849944571556776
3015725,16.64241022171136
3015726,3.3257622281404675
3015727,120.05367489609647
3015728,3.940503468083709
3015729,147.05671092489817
3015730,92.89062154510044
3015731,3.3892018401711352
3015732,5.456406406765441
3015733,112.61983958508284
3015734,24.517301104343304
3015735,1051.457938357022
3015736,1.2299336440682094
3015737,2.972721187836738
3015738,2.3372918105391998
3015739,0.5734604189901363
3015740,1.7062398292640393
3015741,750.6612460407929
3015742,0.6660048734647085
3015743,175.6240322413451
3015744,2.895593356352623
3015745,308.56743355902825
3015746,187.3109282807058
3015747,56.05019666584156
3015748,25.664826266635565
3015749,26.17240159020654
3015750,1247.0721152722126
3015751,6.780048633107503
3015752,0.9247398858518074
3015753,6.076126284100198
3015754,4.67840743101881
3015755,0.8857020414670685
3015756,65.59434192037318
3015757,0.8614115035519971
3015758,5.063979207208925
3015759,1.458530870819239
3015760,16.698399750439542
3015761,0.9541630140504039
3015762,178.3889423900435
3015763,109.0673662556525
3015764,1.6795208792960499
3015765,1.8883426985861207
3015766,89.57234953566318
3015767,16.463587284256597
3015768,453.9597361146333
3015769,1.2386903971953465
3015770,2.3667113556238792
3015771,5.349566619411659
3015772,1.057292736355381
3015773,6.166744806393709
3015774,2123.795237554656
3015775,1.2284587867596386
3015776,565.6823382294158
3015777,12.794683311876565
3015778,684.8699606362095
3015779,828.0803647165657
3015780,207.0169740802847
3015781,154.4697926794971
3015782,77.91698837431576
3015783,13056.729368510305
3015784,19.192634283411948
3015785,2.303687747622705
3015786,20.035384782616134
3015787,24.885568967977054
3015788,1.5787355221978623
3015789,182.06784034642126
3015790,5.533847847808831
3015791,23.80746469546241
3015792,7.495178261286959
3015793,116.3406744578509
3015794,3.1370991682008205
3015795,191.43169009545267
3015796,191.65774420883898
3015797,8.263133874560378
3015798,7.409660688570167
3015799,276.3664483628003
3015800,52.293336781129604
3015801,5602.715994576988
3015802,2.1389609667010037
3015803,9.979240568028287
3015804,5.56725498327855
3015805,1.0434284146265307
3015806,2.673928113127591
3015807,3701.8726554605555
3015808,1.196746095042798
3015809,586.4143636753145
3015810,9.207014916025718
3015811,1041.1750031534937
3015812,1049.9054597717968
3015813,367.6784402430715
3015814,192.23161891734347
3015815,47.012893615560806
3015816,702945.0767150648
3015817,11.608410133957054
3015818,1.7638845758174484
3015819,27.22949193622766
3015820,16.829447542152128
3015821,2.455830060312894
3015822,212.90162169789468
3015823,1.5390593057881201
3015824,5.183470157729615
3015825,5.578745433727076
3015826,45.979555464471886
3015827,2.1001607900452157
3015828,250.09960432264467
3015829,249.34167828306883
3015830,4.785939770158686
3015831,4.8969498149352235
3015832,152.53289754925387
3015833,60.59960336118778
3015834,1211.977917812799
3015835,2.6057870306371074
3015836,4.57303698584273
3015837,5.591251876111948
3015838,1.1573108311059823
3015839,3.465356248353214
3015840,3202.0639445222487
3015841,1.1585305283589238
3015842,613.824112768299
3015843,9.923711072642952
3015844,902.1090333858307
3015845,928.6719913287311
3015846,243.3960784056345
3015847,168.24540396064066
3015848,52.675220383773194
3015849,526998.5341869154
3015850,13.531602417473863
3015851,2.075950710166576
3015852,25.047732662236307
3015853,17.101262388123416
3015854,1.4891944165754785
3015855,205.8095233026588
3015856,1.490466714064882
3015857,5.636187983704304
3015858,5.476786692452716
3015859,78.45751681822935
3015860,2.4517987799458787
3015861,144.31256379358774
3015862,200.43626262854494
3015863,4.9257009557789795
3015864,4.6633694307600475
3015865,159.73209439917653
3015866,41.700749868141976
3015867,1070.4142199861776
3015868,2.4035594334841752
3015869,4.609028810577229
3015870,10.529559964405294
3015871,3.718454003813908
3015872,16.32059140898009
3015873,336296.0955475896
3015874,3.509259774987344
3015875,943.2659970433588
3015876,50.43083959222717
3015877,1443.8668068313068
3015878,1664.3326415928984
3015879,375.7828190646386
3015880,388.19717866034927
3015881,273.86490581758164
3015882,5614722.828183234
3015883,67.5752047631605
3015884,6.277317564638157
3015885,40.719479033226655
3015886,53.82374607976179
3015887,4.475794017672634
3015888,456.46556949010073
3015889,31.327143756967004
3015890,41.18312466906637
3015891,28.255385534652582
3015892,190.95553879552259
3015893,23.00254234799636
3015894,608.9640805783521
3015895,528.3528408255243
3015896,19.80784872614804
3015897,22.779165035171555
3015898,815.1648169913767
3015899,191.198649765074
3015900,3507439.3873500265
3015901,5.536801357516579
3015902,64.875364135329
3015903,1.4062588449800182
3015904,0.513428865337192
3015905,0.8967114538287865
3015906,1215.266507985871
3015907,0.4639093561388903
3015908,153.8790165371457
3015909,3.011155686054649
3015910,731.2003788786874
3015911,261.0852419913093
3015912,96.12017713418017
3015913,115.78159861434358
3015914,33.563881587970684
3015915,6809.600207701338
3015916,4.237874545968374
3015917,0.6449243180661655
3015918,10.34591068261271
3015919,5.222894577921727
3015920,0.6616787698482399
3015921,155.63844394199998
3015922,0.8278481766093381
3015923,11.550833303585883
3015924,2.313199670456048
3015925,43.12737798614245
3015926,0.8666640662096973
3015927,120.46526083145066
3015928,90.33198477029237
3015929,1.4472201533500995
3015930,3.277357779075456
3015931,89.49677666340791
3015932,17.456160775450765
3015933,557.7650759318853
3015934,0.9590594142539489
3015935,2.660475343739179
3015936,6.081332446323205
3015937,0.7497632848878849
3015938,2.3067215244513695
3015939,2889.8168671703206
3015940,0.8280942106937927
3015941,501.05899937268157
3015942,7.061386729129352
3015943,1223.4095089276361
3015944,671.148481026517
3015945,188.33838857675374
3015946,226.67493051745524
3015947,58.747402537990354
3015948,431048.70728868345
3015949,9.565013121934854
3015950,1.063453492990045
3015951,17.89767510145394
3015952,19.684840424031453
3015953,1.0882613713224498
3015954,226.20166569149202
3015955,1.926390406688624
3015956,6.418059830206642
3015957,8.210697930094078
3015958,17.45169522614073
3015959,1.7471469867945129
3015960,483.800698970891
3015961,228.76267092428117
3015962,3.5030511693535544
3015963,6.194357077608464
3015964,100.26556348471225
3015965,45.82836469065201
3015966,1047.5900142629373
3015967,1.8310995568901385
3015968,4.0582414486860925
3015969,0.9600736108406104
3015970,0.4074253418161065
3015971,0.6886900125610947
3015972,973.971502837525
3015973,0.4331108144727423
3015974,110.86570911050332
3015975,2.5731982319272504
3015976,835.2552540885821
3015977,152.59064673794512
3015978,70.79403029358012
3015979,163.67085777708607
3015980,16.174836452018262
3015981,3780.5694121615147
3015982,1.7866179944352782
3015983,0.6008501126931356
3015984,4.906523011976104
3015985,2.147034772493702
3015986,0.6260156204381796
3015987,77.55679743067357
3015988,0.591442833401867
3015989,10.187897456168097
3015990,0.8865912244531442
3015991,35.77446471191616
3015992,0.707565596689877
3015993,106.95703188213669
3015994,76.51996043637726
3015995,0.837408331264719
3015996,1.076972321661354
3015997,35.21885898831404
3015998,6.121139263870269
3015999,152.43632883331077
3016000,6.83374572624915
3016001,1.2133491869837596
3016002,5.154014731084218
3016003,0.5241960784605323
3016004,1.8016703391023763
3016005,1477.0596252756682
3016006,0.5214667407283973
3016007,203.79396231896615
3016008,6.659551662576765
3016009,869.7848560337136
3016010,403.870780937051
3016011,164.6310556465651
3016012,140.48598905071444
3016013,50.89707748404415
3016014,19124.417536878173
3016015,3.410276424267296
3016016,0.8622862815284023
3016017,17.99045883583275
3016018,12.918132319202435
3016019,0.7736669866516495
3016020,175.1781997485802
3016021,0.7100632779694873
3016022,11.56458843868648
3016023,8.800230794041545
3016024,25.242633274757083
3016025,1.2007674537955373
3016026,269.7408172568064
3016027,180.22848838124338
3016028,1.5017647460983627
3016029,3.681381021955892
3016030,168.75734480929734
3016031,19.310077128138126
3016032,951.1234214673896
3016033,9.017760484490196
3016034,1.2388556752881468
3016035,2.685488150321028
3016036,1.2158591026133856
3016037,2.341449363189632
3016038,1857.4098229751605
3016039,1.317319778546917
3016040,615.7197936859343
3016041,5.964338425430185
3016042,836.1678074065417
3016043,656.3763113426606
3016044,193.9546478246815
3016045,67.53069511989479
3016046,61.04867762796739
3016047,226522.44153960186
3016048,5.837611143814793
3016049,4.307367500627313
3016050,22.635945369721515
3016051,32.1073537005263
3016052,1.7100024540932384
3016053,180.87712594766953
3016054,2.555098217758177
3016055,4.895391046347198
3016056,4.296529270382197
3016057,30.826999819451597
3016058,2.8269305104124314
3016059,199.79359556145448
3016060,214.16159322542876
3016061,4.338503118783155
3016062,5.845924204474778
3016063,109.26060325963965
3016064,23.692817051689488
3016065,640.6499168870475
3016066,3.481050234808725
3016067,3.3529833876589743
3016068,2.9767876162968694
3016069,0.38763569479457416
3016070,0.48001870691160764
3016071,1161.069644503255
3016072,0.3951713266432253
3016073,69.7012074392981
3016074,2.314257757110798
3016075,482.20839606840354
3016076,151.9663180106691
3016077,73.53025481286427
3016078,91.32278614805178
3016079,26.537485787096276
3016080,9606.962033535066
3016081,4.150213669041568
3016082,0.5475418214913222
3016083,5.176512184504757
3016084,4.297369927154679
3016085,0.5626171915087952
3016086,90.63441358750771
3016087,0.5432013498529248
3016088,10.139164066389641
3016089,0.8461882033259134
3016090,26.042419644976164
3016091,0.7243935600135127
3016092,243.92142656076405
3016093,80.5726721753261
3016094,0.9318109658374321
3016095,1.0129913091162697
3016096,43.944690456374694
3016097,11.78818260586235
3016098,371.4758648665928
3016099,1.0339209418644233
3016100,0.9704082225601789
3016101,3.4923263103352093
3016102,0.9384627337313399
3016103,1.988099379911231
3016104,3425.900329972048
3016105,1.0823654900493136
3016106,493.705373849599
3016107,7.005944469958299
3016108,794.8700684759091
3016109,650.5317149888443
3016110,178.5510172135449
3016111,123.36860745661284
3016112,58.01120160202015
3016113,175767.86494246396
3016114,5.3337544087030055
3016115,1.42518802139748
3016116,19.5870504749872
3016117,11.346405143861887
3016118,1.3905976798426392
3016119,170.4512714222244
3016120,1.4071122940965883
3016121,21.205043196059158
3016122,4.3581768232522125
3016123,40.955082023404074
3016124,1.8355764756373483
3016125,297.6351775244474
3016126,181.1032524532609
3016127,2.9779172955299638
3016128,3.658087347241782
3016129,103.50249943103275
3016130,33.72716149292194
3016131,1110.724418885295
3016132,1.832241945121429
3016133,1.8803516229243937
3016134,3.2199500840477953
3016135,1.06571337350884
3016136,8.971633596587147
3016137,1916.3150288158267
3016138,1.1887887305312885
3016139,484.9832269755799
3016140,6.4553335477395795
3016141,822.4092641837701
3016142,765.1335363681659
3016143,174.47252277559713
3016144,96.38474191258024
3016145,81.18337297314483
3016146,14952.315102598403
3016147,36.077880807661906
3016148,1.8574474372782297
3016149,17.750845878375085
3016150,27.526056918149603
3016151,1.5174664977243189
3016152,193.17853758236743
3016153,20.119718197003934
3016154,20.048283478191244
3016155,3.632469776569993
3016156,103.60246448355879
3016157,6.895661407446079
3016158,179.55079585218303
3016159,216.7867216485802
3016160,10.947990265214703
3016161,11.167508519202968
3016162,197.9326065271046
3016163,50.8769441555198
3016164,5371.609565739518
3016165,7.160861925202228
3016166,8.8347887088981
3016167,4.528021446049487
3016168,1.0478329006274263
3016169,6.67479286247026
3016170,2065.0282606549367
3016171,1.2263801060541966
3016172,401.9316594612354
3016173,8.752180941692329
3016174,790.6400455758023
3016175,683.2179892597251
3016176,142.55332649684715
3016177,60.467443263962835
3016178,80.64209747075819
3016179,18880.865918232255
3016180,21.724461419141125
3016181,1.8359321436954967
3016182,30.43267023242321
3016183,52.08089798317407
3016184,1.5338212296404343
3016185,232.35102703922735
3016186,16.075445130393135
3016187,13.62837091083545
3016188,8.620316385918859
3016189,82.49378695415948
3016190,8.047346412950972
3016191,127.68931230953159
3016192,338.1061464673383
3016193,5.8646484472094365
3016194,9.209346573654672
3016195,100.26418699891065
3016196,56.786510882494156
3016197,2530.4411250681014
3016198,1.9314225516130479
3016199,14.57538681940761
3016200,6.690077488262147
3016201,0.7148811323844981
3016202,5.422185093289983
3016203,3470.48242015722
3016204,0.795926914729422
3016205,633.3850263958608
3016206,4.787587575454668
3016207,1606.8144585891455
3016208,818.0661961046577
3016209,183.1303262359816
3016210,299.51195278484636
3016211,55.74139760713323
3016212,1404329.5922817157
3016213,24.087485901708966
3016214,1.6709967275530468
3016215,17.21874282343896
3016216,19.02423549269793
3016217,1.0411655620111633
3016218,317.5031884487926
3016219,4.257769120189148
3016220,10.369467895455672
3016221,12.097058607022221
3016222,45.99311014689432
3016223,2.0463958378763074
3016224,202.0312629066028
3016225,285.580380618354
3016226,6.072006177423232
3016227,7.880221965686115
3016228,195.10185958180713
3016229,43.00237523386515
3016230,1396.521290679666
3016231,24.420901250416854
3016232,11.334617238006937
3016233,3.4467600055934122
3016234,1.2076716982014728
3016235,5.871230348551844
3016236,1616.510060355514
3016237,1.2294517701306038
3016238,302.28842840970185
3016239,5.871589377147702
3016240,684.0483110680066
3016241,694.2825469433865
3016242,199.38509161599103
3016243,95.34605923474211
3016244,60.20310674679874
3016245,10116.214776610297
3016246,18.605390231015402
3016247,1.9015421549531148
3016248,11.335530759919868
3016249,8.266318513897502
3016250,1.5630920793749947
3016251,182.40418806994543
3016252,14.362139028840668
3016253,14.849161447225852
3016254,2.911987671925698
3016255,54.40193626272638
3016256,5.856377161086437
3016257,286.6045126771483
3016258,190.6839657825854
3016259,5.812377575568077
3016260,7.327361072051919
3016261,271.21140214427044
3016262,33.05411861899359
3016263,2958.5927556714914
3016264,9.914968899804434
3016265,19.150687202641365
3016266,3.107147157360054
3016267,0.6490698792361792
3016268,2.7195365216410874
3016269,5550.8529658675125
3016270,0.7615632321656791
3016271,374.9166645295943
3016272,5.185668103736289
3016273,1391.0619699436222
3016274,627.7893242341686
3016275,207.10336425452834
3016276,118.40209671423312
3016277,38.940234931738
3016278,854097.9088741941
3016279,7.917921711790879
3016280,2.1473496310056395
3016281,25.297348729787466
3016282,17.282904516367367
3016283,1.0156471450326123
3016284,355.21091065990475
3016285,0.9857078578178899
3016286,1.561828785230022
3016287,6.792608736837796
3016288,42.39282347542504
3016289,1.6316118694306354
3016290,146.01098946088035
3016291,255.75030816975618
3016292,3.4747261724605725
3016293,9.594179072535669
3016294,143.31111881538862
3016295,39.3324900333749
3016296,921.008837223581
3016297,9.554502657407712
3016298,3.1659828085389328
3016299,5.1246052014471575
3016300,0.6594742438912597
3016301,6.319861442028894
3016302,1778.1915830001271
3016303,0.6876314328068708
3016304,442.48167909041973
3016305,9.473156860105684
3016306,970.9314108738928
3016307,672.5436847260313
3016308,187.44220521965
3016309,80.3398565317938
3016310,111.0769967929912
3016311,9901.305942537256
3016312,22.883412090567575
3016313,1.2179287193976762
3016314,16.407468714692495
3016315,26.788553531652017
3016316,0.9357436113917879
3016317,190.74739783870336
3016318,12.630065631358505
3016319,12.534443184206475
3016320,5.618181346369637
3016321,91.24868323160182
3016322,8.310843678456576
3016323,160.66113751088656
3016324,263.81277517424667
3016325,8.847341722937797
3016326,7.4793626651763745
3016327,135.03267443387136
3016328,39.60225145492671
3016329,2099.837368820966
3016330,1.365960281898368
3016331,4.505401864256267
3016332,2.919153134949628
3016333,0.8180567440689941
3016334,7.659365517593043
3016335,1715.7997981100334
3016336,0.9170391866587849
3016337,430.7073352697944
3016338,6.623686127671059
3016339,658.9871531471423
3016340,706.5323235260624
3016341,162.2365578284644
3016342,96.8908386124147
3016343,99.22084320581637
3016344,4793.9028275342735
3016345,23.183775214888406
3016346,1.3685446798993
3016347,14.90105485875024
3016348,16.125529563531963
3016349,1.1631229888315966
3016350,169.92972173777974
3016351,11.75410724785639
3016352,28.00897252680869
3016353,7.047571657795274
3016354,61.75755957441139
3016355,6.5305981036751115
3016356,183.70567214960056
3016357,184.03589878160517
3016358,6.989850428085977
3016359,6.738741840660459
3016360,174.7458038834007
3016361,36.873718503770796
3016362,3413.2527338255827
3016363,2.7997449001778136
3016364,12.945580900805691
3016365,4.51888478751095
3016366,1.1207308111976697
3016367,5.835234353694657
3016368,7802.561643985218
3016369,1.2488497878441094
3016370,526.1814185528443
3016371,10.48470672377472
3016372,1003.2626886642466
3016373,801.1484554682738
3016374,221.211307852893
3016375,155.18455984127908
3016376,45.408923343722584
3016377,386283.520651778
3016378,7.26623294143097
3016379,1.5277506083414008
3016380,13.122239303491533
3016381,16.373941117794484
3016382,1.5879601882412206
3016383,196.6730720639457
3016384,1.6052808453215714
3016385,8.001825552447581
3016386,2.8941463291702583
3016387,77.43417386047072
3016388,2.4982898988868625
3016389,202.0165485471267
3016390,258.8693178671267
3016391,3.036811627757534
3016392,3.260079386285171
3016393,175.98136216912908
3016394,100.24544017388018
3016395,1076.2602490952488
3016396,2.414299982277732
3016397,2.0379253146291814
3016398,14.152622645550966
3016399,3.013970287902314
3016400,18.041064510173303
3016401,3173629.5838911417
3016402,3.3098768203707385
3016403,1157.5419187247135
3016404,27.608404152696572
3016405,1760.988689744619
3016406,2048.934031464723
3016407,559.819783794822
3016408,462.1613083756441
3016409,373.66460933415806
3016410,103240637.12391458
3016411,67.16865551232493
3016412,5.8943648696404605
3016413,114.60194052080772
3016414,115.23042464158678
3016415,4.2402594773503575
3016416,584.6799217209211
3016417,58.11437501848566
3016418,21.685847605343582
3016419,44.55795940579797
3016420,290.8717779777704
3016421,21.26091391310912
3016422,667.4951917099177
3016423,558.8626227239945
3016424,32.223097657620315
3016425,33.00255790271863
3016426,806.3871595333089
3016427,248.13161456038682
3016428,34104705.03346598
3016429,409.8924974056811
3016430,72.42276171182951
3016431,10.896341064492217
3016432,2.07178452696045
3016433,14.590993678941096
3016434,987732.747339323
3016435,2.3184287989360164
3016436,903.5299686753049
3016437,26.167769271268448
3016438,1734.7886570906358
3016439,1627.2766407790136
3016440,678.8269794484025
3016441,283.0877886422304
3016442,224.03784423802668
3016443,207833852.1353679
3016444,88.10172896024343
3016445,3.5440391870028547
3016446,58.40037897158296
3016447,75.08084796059121
3016448,3.143310691376886
3016449,582.4664354359542
3016450,41.305254326052726
3016451,34.60865790903386
3016452,24.60755640267509
3016453,198.11840852938835
3016454,14.970864849839106
3016455,791.1592843767448
3016456,665.8849057639218
3016457,18.526408255610487
3016458,24.15955190966414
3016459,810.3830797789026
3016460,173.74160875162062
3016461,695369.1049703531
3016462,472.4390842191785
3016463,63.94954421578806
3016464,9.269798898452523
3016465,1.9459652618677998
3016466,17.937957100005313
3016467,30387.726966429505
3016468,2.098213081138992
3016469,748.7849179140065
3016470,13.432918728737075
3016471,1608.905896411588
3016472,1199.4167449429415
3016473,750.239642005422
3016474,94.63811097577899
3016475,181.65705485864348
3016476,71565128.22818698
3016477,32.51477016266566
3016478,3.7182138866118173
3016479,29.608347119245103
3016480,29.232596033898314
3016481,2.726918411230551
3016482,564.4912548853532
3016483,36.30777658420452
3016484,22.400362531348396
3016485,13.182038939691115
3016486,111.20756505627537
3016487,7.964602266046855
3016488,743.9194439272524
3016489,648.6526327991504
3016490,22.22187211793972
3016491,34.50163496041636
3016492,618.2699658393249
3016493,100.90586910244556
3016494,14163.393604048117
3016495,267.73891552671694
3016496,35.39535089708899
3016497,13.19731967510448
3016498,2.4012090865811246
3016499,19.782657771907424
3016500,828806.3303373009
3016501,2.5558479728006307
3016502,901.3763918704133
3016503,19.344288263179795
3016504,1645.7335765395046
3016505,1577.4335573294115
3016506,669.4766029231852
3016507,252.09319312925086
3016508,181.4447592103253
3016509,112087612.84690428
3016510,44.54397600585837
3016511,3.734497905051719
3016512,44.958843656283186
3016513,83.7481916388379
3016514,3.953160786399372
3016515,544.177110608708
3016516,94.09841759653152
3016517,30.579171544762346
3016518,58.84631597726862
3016519,176.44381908668439
3016520,12.640202508729494
3016521,683.2589246125441
3016522,657.6752794193284
3016523,21.86822979683599
3016524,24.928596180648363
3016525,821.3627936012371
3016526,160.14251060469044
3016527,298662.59698345076
3016528,475.45194449026076
3016529,55.06502269707913
3016530,10.43287903390842
3016531,1.3554678569860554
3016532,17.462220831767254
3016533,6751.194191199656
3016534,1.453548213688749
3016535,651.0390758344432
3016536,12.018914317788134
3016537,1353.3586683690826
3016538,955.2473759448
3016539,606.0984830044191
3016540,74.06180996133178
3016541,136.07515367791677
3016542,10388340.21477625
3016543,34.68287906229978
3016544,1.8977904170918052
3016545,27.112393914527274
3016546,45.53653897804041
3016547,1.9249608385635983
3016548,504.3655243384965
3016549,31.36172559379056
3016550,9.075281346160994
3016551,10.783644632659456
3016552,106.49116431140902
3016553,5.348702514295402
3016554,635.6755502643219
3016555,658.2825007239866
3016556,14.593674754602885
3016557,21.576447329216982
3016558,626.5624022514604
3016559,66.98195118422761
3016560,3548.9991096961357
3016561,302.89217270668985
3016562,18.027115959483282
3016563,10.728984936997813
3016564,1.0521578172888157
3016565,11.759409496147871
3016566,29760.161504191834
3016567,1.2403893488856739
3016568,875.5603536048309
3016569,21.194297858702765
3016570,1251.5976897252865
3016571,1434.3320528984402
3016572,457.6249927163868
3016573,351.0648979887012
3016574,256.3681185799912
3016575,2171203.07409253
3016576,47.39203091910687
3016577,1.9841955516199314
3016578,53.29168881019871
3016579,59.38814255844783
3016580,1.7412970525440237
3016581,423.55929042512287
3016582,19.88355415667832
3016583,22.12421466270136
3016584,15.537023715073895
3016585,209.4250750469897
3016586,13.133636193290096
3016587,609.5282467961383
3016588,486.1093455366846
3016589,15.988205738730546
3016590,24.855978020835874
3016591,701.5609621809756
3016592,161.53937887898383
3016593,1893126.7951816581
3016594,240.5417233594714
3016595,61.70273413947362
3016596,4.844317075959322
3016597,1.0071458214987294
3016598,7.286836236338086
3016599,1327.0501955096347
3016600,1.0138222529796688
3016601,272.91820521260894
3016602,16.62374134190869
3016603,745.5737593481902
3016604,514.2139405157092
3016605,208.90269057635987
3016606,52.63947780229869
3016607,65.75709815868763
3016608,5981.6416834999345
3016609,20.34806417425683
3016610,1.489893766587478
3016611,22.89205952329971
3016612,18.15495863039755
3016613,1.3208472464703767
3016614,184.5086110506237
3016615,9.335818063387121
3016616,6.218290185712147
3016617,8.412792615137715
3016618,54.137074335239795
3016619,5.259199125320421
3016620,177.73927101760634
3016621,194.97194704130703
3016622,3.2470063671333254
3016623,5.834723101564087
3016624,157.11121042477808
3016625,41.63755713620552
3016626,1461.3155856165702
3016627,1.7424215861379604
3016628,8.859722368926713
3016629,8.40551066089894
3016630,1.2432891832804676
3016631,12.751448098628456
3016632,4189.5906288445885
3016633,1.3314330378291956
3016634,556.8463972771514
3016635,21.684794414102527
3016636,1170.1262704764338
3016637,910.2193750632678
3016638,477.63683167147246
3016639,77.076812356683
3016640,133.07592969145605
3016641,542143.8895926549
3016642,57.07237473937427
3016643,1.9324621365918253
3016644,46.05534390656971
3016645,40.97308569123728
3016646,1.7242350659192538
3016647,328.55220928301014
3016648,21.09230361140725
3016649,6.112477917598471
3016650,4.726038381563003
3016651,120.28196949560663
3016652,7.1515691527925815
3016653,460.94365733767825
3016654,489.2570499774277
3016655,10.842047314024295
3016656,17.17751300791693
3016657,322.6664654991457
3016658,56.29001295873289
3016659,4845.982343279022
3016660,315.6023686164206
3016661,15.676355962108172
3016662,4.588727039323458
3016663,0.6178846835715476
3016664,5.968112919936914
3016665,3313.1666230397796
3016666,0.6989907294510106
3016667,702.3633671151498
3016668,7.008679508062851
3016669,1012.2256284622351
3016670,1127.7303835319483
3016671,231.54424269557458
3016672,246.85537555246063
3016673,192.7951380592888
3016674,36369.470110015696
3016675,30.32058527849669
3016676,1.4654738674298755
3016677,20.735021806039324
3016678,32.29880984609781
3016679,1.0263562362354635
3016680,229.01501200903598
3016681,2.680991804675226
3016682,37.51749558563637
3016683,4.6146941602570175
3016684,109.47890002802299
3016685,6.524793754324399
3016686,492.59471601411224
3016687,194.5308274123681
3016688,15.61183224434513
3016689,10.853699849965535
3016690,585.0177587286556
3016691,86.08632269987723
3016692,79532.82283010554
3016693,3.1548272268684734
3016694,36.714897963205885
3016695,8.367285690124397
3016696,0.8305895095327667
3016697,8.846884982794293
3016698,3011.6143464905394
3016699,0.992336851045261
3016700,636.7228683006143
3016701,7.370636795342704
3016702,1096.9980431754905
3016703,859.3252131116396
3016704,353.82208313315584
3016705,140.74193508953954
3016706,262.00397249983456
3016707,148266.19495877952
3016708,34.72565348639463
3016709,2.7343309416240618
3016710,39.37451470520091
3016711,40.731352185435846
3016712,1.3507645777960284
3016713,271.51634933817047
3016714,6.556377408823376
3016715,51.11284000852708
3016716,6.087526185932934
3016717,188.9955458926189
3016718,6.28464040494828
3016719,387.6341320721393
3016720,266.58622757472966
3016721,11.842818567387534
3016722,19.75692091551523
3016723,385.71089163405594
3016724,84.89360747252353
3016725,20261.356818348002
3016726,3.7302749966184803
3016727,5.712615683059768
3016728,5.801374277175276
3016729,0.6474455907686699
3016730,4.1484395651262815
3016731,1366.7843995817182
3016732,0.678197430233651
3016733,403.286842943984
3016734,6.9181637681164005
3016735,755.3784084605333
3016736,445.71978306451143
3016737,206.21704413096091
3016738,58.834731108416754
3016739,85.73086696211426
3016740,4362.631322712002
3016741,12.594376163456474
3016742,1.4070375076731054
3016743,19.565951280928545
3016744,21.46493903548084
3016745,0.8878102456267288
3016746,174.44614849222523
3016747,3.732986166023021
3016748,8.517569957744396
3016749,5.736374304220426
3016750,60.75610613192122
3016751,2.405932356593607
3016752,196.70923546564674
3016753,188.2837044750865
3016754,3.471168659214753
3016755,4.6845797431565455
3016756,130.0547275614137
3016757,36.700562244573234
3016758,1530.6301142663579
3016759,1.2753078222489873
3016760,2.0282718656128846
3016761,3.6819095516454676
3016762,0.44479813407490565
3016763,1.0598197203701052
3016764,3713.0533975898097
3016765,0.4798360030033721
3016766,173.23145994286062
3016767,2.2207681049714374
3016768,839.4273843330874
3016769,196.62620208304932
3016770,192.26731477014533
3016771,47.04152960085187
3016772,28.261257751566184
3016773,20407.660310941123
3016774,5.647823376479689
3016775,0.767382239979782
3016776,14.300317242175066
3016777,7.326413422504633
3016778,0.6300951735289981
3016779,169.40958872173715
3016780,0.648757949585862
3016781,14.474782211134931
3016782,3.1531775785238434
3016783,18.67294240502874
3016784,0.943995741542087
3016785,69.31097832662972
3016786,148.7870553606948
3016787,0.769033344819291
3016788,1.9778684774526822
3016789,45.940305507678296
3016790,56.17112820610874
3016791,542.8645983781015
3016792,11.305080548608425
3016793,2.179822558834185
3016794,5.193151153774783
3016795,1.3588962121921513
3016796,8.499422672638536
3016797,2697.9810882441557
3016798,1.586268753519106
3016799,492.6102565234754
3016800,11.574370968729893
3016801,945.7072113255313
3016802,822.1978837247178
3016803,285.9599212189238
3016804,112.1563217189549
3016805,98.32621223233754
3016806,78240.38026052876
3016807,25.494506174363313
3016808,2.272586029041721
3016809,26.240703178012136
3016810,56.39960336142511
3016811,1.9042098744289628
3016812,228.41045369140318
3016813,20.33309838850929
3016814,15.753775426341164
3016815,16.761300169108058
3016816,68.72677168267401
3016817,6.279280412092372
3016818,412.7658990148673
3016819,308.0904421394406
3016820,8.02164487632567
3016821,11.07020846900364
3016822,417.52553378830993
3016823,67.09220976061492
3016824,3935.1225303891615
3016825,12.891031525017208
3016826,28.426635028161943
3016827,4.420581688591559
3016828,1.2567037452248615
3016829,8.008773819725215
3016830,2720.4852143147427
3016831,1.4766673013919052
3016832,578.4033190930733
3016833,14.85600926361052
3016834,826.9682138054706
3016835,1012.0265684652215
3016836,189.16779738849638
3016837,197.7601556987425
3016838,168.12300373793286
3016839,11961.675811557481
3016840,27.151786354967893
3016841,2.9901503204382784
3016842,30.247776588971014
3016843,24.85169101521915
3016844,2.0061696307713377
3016845,186.45978505655833
3016846,9.66243181566429
3016847,31.88794430499913
3016848,11.407720522761338
3016849,137.6620499381235
3016850,8.70270392479064
3016851,385.91490631934
3016852,206.7778309743063
3016853,7.130226268923918
3016854,11.015966346155173
3016855,525.4590623299932
3016856,105.43311456203736
3016857,75310.71438225379
3016858,2.2436103725212124
3016859,30.422764620114116
3016860,5.434724156599877
3016861,2.4961030658154213
3016862,12.029336123674472
3016863,6255.245298000484
3016864,2.6136275012069174
3016865,673.602524565986
3016866,18.60267245216819
3016867,896.1353323044432
3016868,1092.708570776983
3016869,250.48441707296635
3016870,216.66949975864438
3016871,112.80071695172461
3016872,94490.2036542656
3016873,31.69259596022463
3016874,4.481679364071017
3016875,33.44860090407164
3016876,40.03224040936838
3016877,3.2870599246918
3016878,270.17230818822975
3016879,25.449289858951058
3016880,27.581065894166848
3016881,23.651212810551534
3016882,119.35877801803527
3016883,16.014568742024757
3016884,376.84477132280176
3016885,252.10740741677833
3016886,16.19933696953459
3016887,18.102066589576584
3016888,462.3481685677676
3016889,109.50816910454871
3016890,139410.23564044302
3016891,4.34064724309259
3016892,29.657069650217096
3016893,9.95233641627424
3016894,1.0846767611503965
3016895,9.404163385628513
3016896,3812.044162775952
3016897,1.1523062396986632
3016898,454.85989067943035
3016899,10.605101431316164
3016900,1296.4064142694137
3016901,941.597074748828
3016902,540.285478791508
3016903,160.8182962246129
3016904,74.27686677703393
3016905,10916966.587773798
3016906,9.323657215612634
3016907,1.7654224339161484
3016908,35.8813217949372
3016909,34.071544113256245
3016910,1.4591949333381604
3016911,416.09568806087566
3016912,9.390275916945686
3016913,4.621582589594487
3016914,7.84519160431623
3016915,40.50620113563236
3016916,2.9383056732746167
3016917,426.57729684955655
3016918,459.47724594410005
3016919,6.568682857780839
3016920,6.444250607045511
3016921,355.00646528526164
3016922,80.22248478813795
3016923,1259.4816078413787
3016924,93.26111828143401
3016925,12.47206451299094
3016926,5.260482892072758
3016927,1.9409574699500114
3016928,4.927706443127775
3016929,1755.7197761531581
3016930,2.140971945430601
3016931,313.88006948698535
3016932,12.593437981051036
3016933,663.4272290957979
3016934,712.4909207275497
3016935,188.86269907191155
3016936,139.13470817923528
3016937,102.6685829540016
3016938,4955.234577787804
3016939,15.309134581700393
3016940,3.277068268442785
3016941,21.936954095638857
3016942,24.070793273550265
3016943,2.500008928633744
3016944,150.61765976715762
3016945,12.529797581804118
3016946,15.54061338766489
3016947,7.638421630160719
3016948,115.15092537601959
3016949,5.896429427959708
3016950,445.9054594194129
3016951,138.45142907765285
3016952,6.230025353592288
3016953,9.09406304659505
3016954,357.2659938521257
3016955,53.68305700550603
3016956,5768.005989015727
3016957,13.419941271647163
3016958,27.084366341998837
3016959,1.2475031767257811
3016960,0.5768172956033338
3016961,1.3956222706651307
3016962,1092.444012889552
3016963,0.6108399537692736
3016964,82.84569054596115
3016965,2.5366210976995927
3016966,786.8893471883355
3016967,256.84135238147365
3016968,290.9764431097104
3016969,34.96278437084238
3016970,27.03132603559726
3016971,12073.11892206452
3016972,4.655369613171939
3016973,0.8327107123337445
3016974,7.632763396377829
3016975,5.146518040783103
3016976,0.8054617910943289
3016977,135.94816694850272
3016978,2.768916418976193
3016979,9.062406078598512
3016980,1.8603632785880548
3016981,10.650741474980672
3016982,0.9971227668423573
3016983,119.56097875653045
3016984,169.18628996180115
3016985,1.153698126405558
3016986,2.9288716005273816
3016987,141.5370191610752
3016988,19.546463495427663
3016989,213.1444988302258
3016990,10.39297878291303
3016991,1.342214219903194
3016992,5.969939459118029
3016993,1.7569183484182993
3016994,6.193962539502596
3016995,23690.943554375706
3016996,1.8719386037164043
3016997,595.7047081485996
3016998,11.16107635391414
3016999,1566.7620399721857
3017000,815.5141511825549
3017001,618.1775292807389
3017002,213.9607236409042
3017003,69.73624696621567
3017004,22997394.508871067
3017005,24.407629091850506
3017006,2.386107645061705
3017007,24.57443280404002
3017008,20.644081690141252
3017009,2.3174022178670386
3017010,475.1592211613127
3017011,7.897667433702471
3017012,3.9092222191989956
3017013,9.652710135673939
3017014,46.21735006919131
3017015,3.701362782458612
3017016,565.267233102033
3017017,402.2285029268993
3017018,3.7156049974505576
3017019,12.118804368644408
3017020,466.52799202507623
3017021,95.21008305199692
3017022,1305.1218572570476
3017023,31.443206579750353
3017024,8.358823929717571
3017025,3.946910202143052
3017026,0.8651883953941698
3017027,2.0569419215597766
3017028,1287.1662870789714
3017029,1.0045631714487058
3017030,166.9764078050325
3017031,9.223956321318667
3017032,884.5359463291126
3017033,380.3687238915735
3017034,227.78176554669187
3017035,55.933593021307416
3017036,32.58574189845968
3017037,14807.310218263512
3017038,7.28995295546234
3017039,1.3811569987236738
3017040,11.181138716657614
3017041,14.382624132760473
3017042,1.2997619534563742
3017043,157.25135692696588
3017044,5.471444265910055
3017045,12.953109740478004
3017046,18.722313652059842
3017047,36.511174584079306
3017048,1.855610827170807
3017049,103.01401412129655
3017050,164.27799495145496
3017051,1.9102473846491583
3017052,4.3145276680799824
3017053,154.00048027859526
3017054,25.2113063329457
3017055,296.50397051476057
3017056,10.184181608521246
3017057,3.0999500494329606
3017058,3.84837409326067
3017059,0.6247779562264991
3017060,4.920377599817705
3017061,1262.3127974358745
3017062,0.6611611564196155
3017063,97.4871329920428
3017064,3.8956427514193486
3017065,812.3712968745707
3017066,255.89596116162784
3017067,163.16334301661934
3017068,40.21500027788814
3017069,25.85574889347394
3017070,9887.218199458166
3017071,14.359104196989813
3017072,0.8510803796796921
3017073,6.882314898930207
3017074,7.7990269989501355
3017075,0.8673518422535751
3017076,142.1294524138284
3017077,1.6634365919905787
3017078,11.707947942449092
3017079,2.4836260929490495
3017080,33.14528677296149
3017081,1.6277646296895525
3017082,118.83775319604179
3017083,169.8271471075002
3017084,1.1449131172457037
3017085,3.75337461948243
3017086,99.2842088730807
3017087,18.26377041961554
3017088,122.9637474967858
3017089,12.953923279386059
3017090,1.8521674654645452
3017091,3.307177052885904
3017092,0.9471713377549202
3017093,4.0218308881654545
3017094,1263.7171217427292
3017095,1.1043119238216463
3017096,144.1099900753498
3017097,6.008304306562301
3017098,1026.6955580138085
3017099,397.53795667274835
3017100,279.3944324109468
3017101,34.138645424522295
3017102,36.78730715187287
3017103,23087.426781834514
3017104,4.875065142756525
3017105,1.3685766516817939
3017106,7.921053069622818
3017107,17.75888464169878
3017108,1.3642738394144884
3017109,173.53137401762007
3017110,2.1427977104636464
3017111,10.252321889193814
3017112,3.285083350764909
3017113,14.467396159060602
3017114,1.9409376903705813
3017115,184.06631557880266
3017116,247.68517037484682
3017117,1.8075709632094834
3017118,4.244554951645764
3017119,69.72481658047401
3017120,72.33819734727767
3017121,332.32676462839675
3017122,7.871936973608183
3017123,4.265883163924979
3017124,3.7814316109953836
3017125,1.8496482236532654
3017126,2.913525010029189
3017127,1472.1790427305268
3017128,1.0558078789105343
3017129,132.09764162075183
3017130,2.9547232726362713
3017131,899.1996656670143
3017132,312.19248763043555
3017133,252.92774625165214
3017134,66.46460596398974
3017135,48.94503652957553
3017136,44491.09919843021
3017137,7.324185502359654
3017138,2.1336798573892635
3017139,11.013541246411798
3017140,16.302678478939143
3017141,1.3595699136098989
3017142,189.33382424865215
3017143,7.4601028866737265
3017144,10.24115685611761
3017145,3.725788974797658
3017146,23.194467455729928
3017147,2.0651301953127574
3017148,98.76794738457154
3017149,166.4582513448778
3017150,1.7320447685056564
3017151,5.3125856034040435
3017152,114.76411437580802
3017153,34.86240494155509
3017154,565.9798772906122
3017155,17.236260736810628
3017156,4.835692862780738
3017157,2.5827714050811754
3017158,0.48480826970461016
3017159,1.4621692787635419
3017160,1156.9545656755654
3017161,0.4594201597263829
3017162,116.38738281797593
3017163,5.02895055064255
3017164,952.4898323730666
3017165,244.12302683897408
3017166,164.35604128118803
3017167,87.69574348723229
3017168,26.817543857368307
3017169,10512.551328819105
3017170,4.050702088528586
3017171,0.6649411906103518
3017172,6.593287558666252
3017173,9.061732343756727
3017174,0.6619289681754678
3017175,132.1400290532752
3017176,0.6260039271959955
3017177,11.161098343872924
3017178,2.0761243993165746
3017179,37.47028761568708
3017180,1.08969112425704
3017181,35.49112685426146
3017182,113.56259854925649
3017183,0.9792854294268379
3017184,2.757065223909316
3017185,71.20316963543809
3017186,22.672061982057407
3017187,465.76869733433216
3017188,11.165175054798693
3017189,0.9964705139656347
3017190,6.76009130211117
3017191,1.1719495827451545
3017192,6.125727961240364
3017193,2151.2123367581667
3017194,1.1449418137503042
3017195,283.9708391145256
3017196,5.790332014677997
3017197,917.510366269925
3017198,763.4523564043596
3017199,552.7988085723821
3017200,143.6128651565008
3017201,88.42192841582755
3017202,156839.86128500706
3017203,12.516383052152417
3017204,1.6914633790187055
3017205,15.82848988204702
3017206,18.33830785127616
3017207,1.4291845647055204
3017208,216.79992768744304
3017209,1.5883500173048737
3017210,9.680208511762102
3017211,10.665902680686338
3017212,38.22840347806168
3017213,3.9299813248318207
3017214,187.80822652145176
3017215,209.42841924622627
3017216,3.0577522025829795
3017217,7.279961355957262
3017218,288.58995838413
3017219,44.67704938985531
3017220,982.7376764590764
3017221,32.03420462069304
3017222,8.722906303358258
3017223,2.7954341378731904
3017224,0.6831948230578825
3017225,6.76704928638153
3017226,1501.6358964486535
3017227,0.7963630348658055
3017228,493.13173282421553
3017229,6.498430076501986
3017230,576.2020120676218
3017231,732.8067708098026
3017232,249.7191693828463
3017233,123.37552328787079
3017234,45.96245143724307
3017235,39176.610447026746
3017236,9.384980141059971
3017237,1.191390100213462
3017238,19.375357528448976
3017239,12.438675649450374
3017240,1.0387300121551277
3017241,163.87539586398916
3017242,6.78763718947477
3017243,4.022917992076881
3017244,10.240878476372924
3017245,54.3849333614876
3017246,1.8161728245898576
3017247,75.29467926766627
3017248,160.76179670716218
3017249,3.154089459041426
3017250,4.78757098560319
3017251,183.5099962972824
3017252,50.56878336183526
3017253,1136.5642869916262
3017254,38.33670285965354
3017255,8.132446936289877
3017256,5.018311419880664
3017257,1.046232123116717
3017258,5.172985836117484
3017259,1841.3365076798775
3017260,1.0356245436766636
3017261,127.74638691605627
3017262,4.866562043529887
3017263,852.338148408993
3017264,332.1030437895159
3017265,248.72334649171427
3017266,40.27512402113361
3017267,33.06428628699861
3017268,54779.05914914438
3017269,26.124334679965806
3017270,1.6813934454254436
3017271,11.438543009212399
3017272,12.950573463197479
3017273,1.3174201564503352
3017274,161.77811494128414
3017275,5.301642474138683
3017276,9.595212791720773
3017277,3.8326311235598673
3017278,36.059462043435595
3017279,2.8214151114977923
3017280,108.32527824847651
3017281,187.94166166595207
3017282,1.8087925936163223
3017283,4.2854657095982365
3017284,130.2539345742075
3017285,21.138546602582085
3017286,398.93071534863196
3017287,4.963430976288311
3017288,4.185817621137252
3017289,6.2938912500643145
3017290,1.724804321982604
3017291,9.640357724777195
3017292,2401.0376550336628
3017293,1.959398917280164
3017294,612.9929347232791
3017295,10.654498354683522
3017296,836.1258257693917
3017297,816.4237266983937
3017298,260.9888319521518
3017299,168.32349932209087
3017300,105.39917005822834
3017301,36058.18239621171
3017302,24.372245063388913
3017303,3.385604099361297
3017304,18.490544134672273
3017305,30.616142595279214
3017306,2.325784392832111
3017307,203.0395586444114
3017308,17.65813228541885
3017309,13.737801494041026
3017310,11.061916364763654
3017311,101.96151078445807
3017312,8.310747829941057
3017313,788.9688248135078
3017314,218.54170506510243
3017315,8.634129022596722
3017316,8.591150298733297
3017317,525.1509819517485
3017318,74.59961421588037
3017319,5780.275033768933
3017320,13.075214907504723
3017321,34.06827902372802
3017322,4.859301247935066
3017323,0.9338393597500597
3017324,6.496358484330909
3017325,3820.686974944877
3017326,1.043822374379711
3017327,427.0802734530411
3017328,5.966753434469581
3017329,1218.6812498012744
3017330,819.1460342570272
3017331,866.5374322133474
3017332,79.03868687596751
3017333,70.61223900948058
3017334,2647274.3134329277
3017335,9.698034736572371
3017336,2.181768333867191
3017337,16.629604398122474
3017338,11.91361257421065
3017339,1.2571509834400683
3017340,295.48791079407187
3017341,2.762404901682271
3017342,4.629119113816665
3017343,3.7839156259121007
3017344,50.538812059205235
3017345,1.7129461436544156
3017346,252.08909665379863
3017347,326.59429036431106
3017348,4.4397456640376465
3017349,4.615600280687117
3017350,421.32816874040543
3017351,56.710952380374394
3017352,792.0693330553264
3017353,40.49075396555704
3017354,11.091233699058245
3017355,7.634136820681834
3017356,0.7726834484330164
3017357,5.482745603591848
3017358,2393.59470979681
3017359,0.7884704758755408
3017360,381.5216289526156
3017361,3.969055934224431
3017362,1333.754831304737
3017363,591.4728566540618
3017364,301.03831376574306
3017365,167.46356542314143
3017366,72.24806952535286
3017367,252155.6433525412
3017368,11.48203982625528
3017369,1.0841080710702635
3017370,26.676535389548118
3017371,28.37303852443847
3017372,1.0135808583817807
3017373,265.0080673026811
3017374,3.160781809999222
3017375,2.8051544456421844
3017376,7.673269804110102
3017377,96.56218309726663
3017378,1.5116759806166602
3017379,81.33843423169579
3017380,233.98236933681468
3017381,2.583739593064343
3017382,5.4050638416542585
3017383,153.7869770721477
3017384,135.43369578831502
3017385,961.0173631565481
3017386,0.9597581762206633
3017387,4.839650125327749
3017388,3.082405998090229
3017389,0.4715492515185616
3017390,2.0740185728666387
3017391,1304.3853402588022
3017392,0.47882684532002784
3017393,139.94441875697973
3017394,5.0643794000626565
3017395,712.9791695865564
3017396,337.6051870630079
3017397,160.90474444928793
3017398,52.81724133318208
3017399,49.85677668814838
3017400,15183.952740585406
3017401,6.137030085257522
3017402,0.9243588212867295
3017403,17.06548976058
3017404,13.079246424148064
3017405,0.6586242437555201
3017406,167.89866772929597
3017407,0.9760124996695327
3017408,11.234142031435933
3017409,2.8056263337098915
3017410,55.50680521706428
3017411,1.6000354829614318
3017412,89.51776415273387
3017413,160.33900728233402
3017414,1.1026586028578138
3017415,4.573358568353384
3017416,164.93950667652476
3017417,26.905435172802743
3017418,550.7009813757336
3017419,17.786827491821416
3017420,1.64668173013749
3017421,1.6177921644424178
3017422,0.9502116865866344
3017423,4.783051216923196
3017424,1182.3525916439244
3017425,1.27402556817296
3017426,212.18983156722584
3017427,8.528766576697633
3017428,537.9544328895095
3017429,496.58195460533165
3017430,146.3922649972639
3017431,75.70636849037875
3017432,56.19730542612355
3017433,2273.858636696801
3017434,18.099396853601277
3017435,1.4435092881605684
3017436,9.196969448238262
3017437,31.294688301997642
3017438,1.429132907926957
3017439,106.5301484243153
3017440,9.780052100455576
3017441,2.8205728153042466
3017442,6.739217917457733
3017443,41.29167570451335
3017444,4.204873841756236
3017445,551.0021406261093
3017446,139.40565108381048
3017447,4.31102319014905
3017448,5.3425161898394276
3017449,331.2113462719986
3017450,29.129431857074646
3017451,1390.2056914756215
3017452,11.118102441363467
3017453,9.771224484817868
3017454,3.5045626284871405
3017455,1.987573061296989
3017456,7.857587131268199
3017457,3333.6952530951676
3017458,2.157191041571831
3017459,732.9993402164602
3017460,15.59755305922223
3017461,1008.1478940031125
3017462,1161.3182190795137
3017463,328.86472004318733
3017464,209.9588947328155
3017465,161.16213915890964
3017466,31688.202077337413
3017467,26.51608685773501
3017468,2.7001287789013912
3017469,21.70519540147833
3017470,36.106086193526835
3017471,2.5933868416711823
3017472,222.90946371956002
3017473,12.424464706024647
3017474,33.017196566480855
3017475,9.42385617543064
3017476,110.13233115030775
3017477,12.123916418244336
3017478,569.6812896479029
3017479,240.44218724034494
3017480,14.318701863534862
3017481,8.215654993636354
3017482,644.3372073171454
3017483,111.25315097967479
3017484,29642.693170379385
3017485,10.489318307073198
3017486,30.043327495609116
3017487,2.0623522862897605
3017488,0.5667227077460775
3017489,7.20903623820328
3017490,1489.4619320346299
3017491,0.58757964260643
3017492,321.2846184905323
3017493,4.895232611246648
3017494,379.21766269369243
3017495,544.5873824968304
3017496,170.1661744091007
3017497,123.48884197495956
3017498,70.70677941516682
3017499,1651.3715821868793
3017500,15.874784911339379
3017501,0.9455359329952798
3017502,14.026333327601641
3017503,18.670552228668424
3017504,0.78240165832538
3017505,90.53169232691496
3017506,0.7849279464188041
3017507,19.956555935631474
3017508,3.5002550086418296
3017509,168.81429191803153
3017510,4.149515554645092
3017511,268.31316856076717
3017512,91.3805893645577
3017513,4.297099939776295
3017514,6.359840636290964
3017515,199.68322511761554
3017516,29.61483181067448
3017517,1249.3179397037347
3017518,1.167495603036693
3017519,5.429805718910368
3017520,2.8959048503441247
3017521,0.562092379312141
3017522,0.8132967399297246
3017523,773.4756916727134
3017524,0.6535667554235577
3017525,203.77256889089193
3017526,3.023858131763764
3017527,385.1474280288229
3017528,199.32304236356813
3017529,109.70587957805122
3017530,64.72518396183993
3017531,21.70599193288199
3017532,1372.6370687537267
3017533,5.31591490588276
3017534,0.8963685873412378
3017535,6.425243292475568
3017536,7.471562290593386
3017537,0.8468809998539026
3017538,68.20401492633435
3017539,0.8539028801374082
3017540,5.932022113009839
3017541,1.3990067157442776
3017542,16.852416969687983
3017543,0.9345587977998486
3017544,314.4238761247243
3017545,107.86349771224957
3017546,1.746495269666294
3017547,2.0760929536699666
3017548,175.60753575106222
3017549,18.852178898163558
3017550,571.2595102590125
3017551,1.2029505483905503
3017552,1.9451272150828607
3017553,5.071342221596752
3017554,1.765180341456518
3017555,6.796491886004629
3017556,2304.9823843128625
3017557,1.4831106373153478
3017558,552.5745804128311
3017559,10.664503614531585
3017560,711.6523016761961
3017561,818.0475974507447
3017562,271.0753888390137
3017563,195.6535073637304
3017564,108.3524806364064
3017565,17965.37554429399
3017566,21.34079763645938
3017567,2.477730137703098
3017568,15.302983469255768
3017569,21.426039845151713
3017570,1.8177705495380834
3017571,186.41086872495922
3017572,5.694352546876839
3017573,29.260047852557825
3017574,8.439563791069034
3017575,173.10917746027272
3017576,3.1121994997984497
3017577,331.0657489307909
3017578,204.2535424070323
3017579,7.8357960908102395
3017580,9.832768743729467
3017581,394.0628406163343
3017582,58.71986114658825
3017583,5972.332481672849
3017584,2.1766105081192766
3017585,19.59113497671235
3017586,5.319246468403941
3017587,1.2995675000130955
3017588,3.3129897142406453
3017589,4060.875807522378
3017590,1.4555917351243592
3017591,550.8528803433188
3017592,11.448419996369168
3017593,1149.6196213522753
3017594,1017.9193002512816
3017595,441.0030806223347
3017596,192.26960408442997
3017597,61.79186523194979
3017598,806093.7082747133
3017599,10.71332844578668
3017600,2.010253237248362
3017601,27.45361524362776
3017602,18.288337262528728
3017603,2.1398232259300287
3017604,201.47342718364987
3017605,1.794665790195294
3017606,4.520690449956414
3017607,5.738609164162632
3017608,61.6225325889567
3017609,2.2472819640361026
3017610,158.63564840299316
3017611,228.57227129773332
3017612,5.798021575201583
3017613,4.834230651861005
3017614,200.48300168583893
3017615,68.51725046215464
3017616,959.770013175178
3017617,2.7796323730098345
3017618,3.944238975179245
3017619,4.899450374639802
3017620,1.382773082018585
3017621,5.469103443369004
3017622,3066.789395928482
3017623,1.4177575111583762
3017624,575.3565421158273
3017625,11.355313710742616
3017626,902.9368159221592
3017627,882.6242078314482
3017628,274.1885211782487
3017629,165.28441669596668
3017630,60.7882710516055
3017631,472631.4660238566
3017632,12.44461763540237
3017633,2.079004087618285
3017634,18.958562786776273
3017635,16.59696068721145
3017636,1.7423632185847815
3017637,197.12853786277216
3017638,1.7465580906928209
3017639,6.856705502519918
3017640,6.081526008031869
3017641,88.39726915852252
3017642,2.302795455308883
3017643,88.08719213440904
3017644,194.6749390599139
3017645,4.636724743499247
3017646,4.2347052729443595
3017647,181.47446650618085
3017648,48.81086579550487
3017649,920.4530244542808
3017650,2.433498271291866
3017651,4.592240934834541
3017652,10.320960299905282
3017653,4.094928017161262
3017654,17.07617946976086
3017655,465853.58778402454
3017656,3.85960452717841
3017657,1007.6957705280043
3017658,34.63354585863096
3017659,1523.3775675820737
3017660,1869.4607039369762
3017661,459.09219692173565
3017662,490.8249962230046
3017663,353.5400136102838
3017664,9579116.306557039
3017665,64.18531186079814
3017666,6.411935241529411
3017667,44.755160038473136
3017668,53.76442276424772
3017669,4.80230037773712
3017670,479.3622921359964
3017671,35.45569200997018
3017672,52.47372717981294
3017673,27.166189685461372
3017674,267.66325494921585
3017675,27.62327924629499
3017676,1022.2640925205995
3017677,538.3598979629907
3017678,19.286732366954375
3017679,23.431773672833998
3017680,1167.6199397863809
3017681,208.93902336213824
3017682,4081787.0358541165
3017683,5.842286122916049
3017684,93.81172385876805
3017685,2.429929134278857
3017686,0.49369104253459795
3017687,1.1427635237095686
3017688,1218.7382472431536
3017689,0.48224934964427596
3017690,134.98040722549507
3017691,3.4328205072203897
3017692,796.294238967132
3017693,273.19134634411313
3017694,128.15710542531238
3017695,121.41435229055826
3017696,35.17669857483095
3017697,4579.943147209027
3017698,3.967437825695204
3017699,0.739231291306006
3017700,11.29524164279221
3017701,5.510270185306433
3017702,0.677067655232096
3017703,112.65111936455965
3017704,0.7811441182036066
3017705,11.814195529947982
3017706,2.422542151615926
3017707,38.47070748995679
3017708,0.8941583540046585
3017709,47.057166762561955
3017710,77.9304912852278
3017711,1.449915218701587
3017712,3.796356828909801
3017713,114.39709098140199
3017714,16.216024601155596
3017715,483.59295980227745
3017716,0.942123207562544
3017717,3.076807291118109
3017718,7.512389698912016
3017719,1.0076915752769953
3017720,2.5283345432798012
3017721,3101.853097814685
3017722,1.090610760356419
3017723,515.1115324033415
3017724,7.886396569455538
3017725,1179.7262839068546
3017726,666.7828260823344
3017727,269.34883472372314
3017728,258.1363478172093
3017729,58.79289341083767
3017730,520425.0050206126
3017731,10.10526337643222
3017732,1.3204558522311376
3017733,20.366410541556952
3017734,18.48636268144519
3017735,1.3465718477241673
3017736,224.30492049172912
3017737,2.5553579568628373
3017738,5.154471334786619
3017739,7.952131846048982
3017740,17.898212683562278
3017741,2.2662518951525557
3017742,321.57883727730325
3017743,219.36096531162286
3017744,3.4241143309518574
3017745,6.317667326321562
3017746,138.69206082694592
3017747,50.01648567035104
3017748,997.9746443061018
3017749,1.891910454310252
3017750,4.302072812199247
3017751,0.8115089922155115
3017752,0.40221775946204363
3017753,0.9497515649869831
3017754,898.1584469745342
3017755,0.427646923785864
3017756,92.86131406972103
3017757,3.0594646255490994
3017758,618.3830743613427
3017759,140.6638097504724
3017760,113.2825056256795
3017761,143.01714397256006
3017762,16.022385085343522
3017763,3411.761462903286
3017764,2.2198347507888627
3017765,0.5883196046084106
3017766,6.3826019536016965
3017767,2.2903826663304256
3017768,0.6213521830598943
3017769,78.90392539995607
3017770,0.5815327727251401
3017771,10.449333058387989
3017772,1.3817684957418082
3017773,52.32767849102248
3017774,0.6789019170262638
3017775,56.78660985795488
3017776,75.68405246637576
3017777,0.8448343170982114
3017778,1.0441361261567785
3017779,52.24626456543726
3017780,5.755428725391692
3017781,175.99409853714903
3017782,7.0929853942136445
3017783,1.217034563930396
3017784,5.592407661061066
3017785,0.5129270324621115
3017786,4.530376631591888
3017787,1521.310263813608
3017788,0.5669906271406687
3017789,185.92695613569128
3017790,6.875766215032515
3017791,821.105366157454
3017792,390.2683495033291
3017793,195.41410545423696
3017794,108.6832154953728
3017795,53.4550191821227
3017796,16919.269826491374
3017797,3.136324092430928
3017798,0.9274582949160544
3017799,17.17633794918123
3017800,13.82324470066108
3017801,0.8108869816146416
3017802,168.57803802835525
3017803,0.7538819054710706
3017804,11.827296479325817
3017805,9.244188201663656
3017806,27.894556222942562
3017807,1.2121417812574078
3017808,182.65813699077526
3017809,168.68642733298952
3017810,1.5858381043722396
3017811,4.035174560510741
3017812,242.40249596090837
3017813,21.15190334670906
3017814,906.6319688098235
3017815,9.27537443538534
3017816,1.1944691620783099
3017817,3.6608469543761926
3017818,1.4629543504609746
3017819,3.2584891980189816
3017820,2027.9843636076034
3017821,1.5749665330950908
3017822,623.9085848745237
3017823,7.321200547858913
3017824,951.8991511837179
3017825,694.8962665382383
3017826,219.63210499841293
3017827,106.53554292580688
3017828,70.03559472305619
3017829,256766.0162337656
3017830,6.260773641196867
3017831,3.872686320092365
3017832,26.97039153676794
3017833,34.38330881169202
3017834,1.956488498732411
3017835,187.68637742350504
3017836,3.4188885135312597
3017837,5.16018550777981
3017838,4.870062912095087
3017839,35.63088595431124
3017840,2.8781090966209986
3017841,147.12822244388462
3017842,224.69721805989468
3017843,3.7255394526783903
3017844,5.9291586142529535
3017845,148.83140572912276
3017846,24.978198505316136
3017847,636.8123573393046
3017848,3.7455073927996314
3017849,4.4920073569237235
3017850,2.7132505184586697
3017851,0.40402700990587426
3017852,0.7494036215642904
3017853,1214.0655121835139
3017854,0.390086023758642
3017855,86.86916936338986
3017856,2.3771168651423147
3017857,442.6367111610395
3017858,154.59693291649285
3017859,101.85219821940724
3017860,103.51027152138028
3017861,41.33129767073629
3017862,7627.1044436799975
3017863,4.218693126612344
3017864,0.8214499127844797
3017865,5.2881495637972735
3017866,4.010266272312471
3017867,0.5447220802723073
3017868,94.39385020684652
3017869,0.5337726777842445
3017870,10.401085965815692
3017871,1.100779757035207
3017872,35.08302946733753
3017873,0.7072377806234769
3017874,129.09286183329365
3017875,98.70964649485327
3017876,0.8901963859269624
3017877,1.0177759130732764
3017878,68.73365685541515
3017879,12.261140560698573
3017880,320.58787127985113
3017881,1.0208643672482545
3017882,0.9270645952375811
3017883,4.294728389822284
3017884,1.1986962849561549
3017885,1.9055353891174311
3017886,3520.9026015518275
3017887,1.3423525029945318
3017888,472.0290031826978
3017889,7.174386173653396
3017890,856.299542022454
3017891,639.6437355842472
3017892,208.67692378686408
3017893,117.554887419534
3017894,84.9019618039835
3017895,192345.31964743274
3017896,7.149111982215653
3017897,1.6420328601851149
3017898,17.10480949342779
3017899,11.076219207011178
3017900,1.6458701654741943
3017901,186.02716650209499
3017902,1.6618489856929892
3017903,20.518659851095023
3017904,4.673075292719934
3017905,52.08460846749088
3017906,1.9970246126195028
3017907,166.68101289424115
3017908,184.70982787619698
3017909,3.746510548226909
3017910,4.457068848431501
3017911,126.88920743837781
3017912,37.13275286939956
3017913,1037.1098268951985
3017914,1.832739362784245
3017915,1.8902996201888453
3017916,4.083077312817576
3017917,1.3221404763385054
3017918,9.157340167725039
3017919,2183.6813327221134
3017920,1.4456128598592934
3017921,493.6716595063594
3017922,6.797830202871152
3017923,853.7653253422502
3017924,836.9347888051543
3017925,194.1689142421612
3017926,136.64650081642864
3017927,110.08423807539624
3017928,15683.136702942087
3017929,38.250283277396726
3017930,2.448810871893649
3017931,22.386973757096886
3017932,24.901273894800283
3017933,1.758075733941012
3017934,201.09126594235073
3017935,18.70996837890278
3017936,19.134604494044133
3017937,3.3093152082523885
3017938,119.74522494563529
3017939,7.664081085298191
3017940,287.6055914931123
3017941,219.90625806789353
3017942,10.772264494710207
3017943,11.701211520742133
3017944,250.22022044634505
3017945,55.61503084784451
3017946,5234.1835368105185
3017947,7.411489114677189
3017948,14.904515507074029
3017949,5.850070157119713
3017950,1.4247968032242335
3017951,8.841757283822288
3017952,2531.630850135227
3017953,1.5937442124112084
3017954,393.6917856668051
3017955,9.12155323756227
3017956,859.7208307841036
3017957,788.5166242004719
3017958,172.91588257336724
3017959,101.4419382257167
3017960,95.17487980495554
3017961,23643.002664755895
3017962,21.730095454021747
3017963,2.5569706514732493
3017964,32.225173082141204
3017965,57.289364107763085
3017966,1.9065913998609365
3017967,276.92409405866414
3017968,16.616967127474393
3017969,13.855987833973511
3017970,8.544188058783986
3017971,100.0077420768086
3017972,9.232384809426327
3017973,186.38885691897792
3017974,363.80884209370083
3017975,6.934023294147995
3017976,9.11717709531815
3017977,162.10140061304622
3017978,72.92527327626786
3017979,2693.7036556825524
3017980,2.0685283852666174
3017981,18.432064977265128
3017982,7.975519771243926
3017983,1.105421345628633
3017984,5.244643325144253
3017985,3309.456590094637
3017986,1.179710293726874
3017987,641.1452966711389
3017988,5.462572556477208
3017989,1320.0999627143954
3017990,810.355956067021
3017991,215.44007201123628
3017992,304.2511851086498
3017993,62.8422472861145
3017994,1123447.3688001002
3017995,25.81788921074594
3017996,1.8812277415108727
3017997,18.49586755388703
3017998,19.839464462942715
3017999,1.4207927562396963
3018000,335.6361500423793
3018001,4.080143396239759
3018002,13.452150292365694
3018003,13.582861564732493
3018004,69.52050351065748
3018005,3.490678129067227
3018006,121.69560504045437
3018007,281.8102684897647
3018008,5.907528366598753
3018009,8.556731164134394
3018010,242.20918987802898
3018011,50.83249238217652
3018012,1362.670311596609
3018013,19.12587210720581
3018014,13.067926840130479
3018015,3.8939150405957443
3018016,1.4047373479892604
3018017,8.176116222251544
3018018,1883.081562999101
3018019,1.4859891711166442
3018020,328.75566011442857
3018021,6.310304433497448
3018022,762.5290699281047
3018023,719.3601801422509
3018024,220.63218235518383
3018025,141.96490898085415
3018026,76.0212688678292
3018027,12953.79104047154
3018028,17.989574013780427
3018029,2.1382428849517376
3018030,13.023626725966373
3018031,10.449275876402021
3018032,1.8210780157060162
3018033,187.22702541740466
3018034,15.762815990224421
3018035,17.66069395463582
3018036,3.5098529114301353
3018037,125.75241973981959
3018038,6.845919889421916
3018039,511.56237508379104
3018040,225.0097176893268
3018041,5.966350548874203
3018042,8.709664879998597
3018043,392.5563870571232
3018044,38.39250410770871
3018045,3318.825677070503
3018046,10.1651837675502
3018047,23.097267572809987
3018048,3.2165643047751185
3018049,1.0343581770710648
3018050,2.7201578436434892
3018051,6525.1300810810135
3018052,1.1456852306080951
3018053,379.4899674990556
3018054,7.760710489438278
3018055,1484.0792882235232
3018056,647.4104024244529
3018057,286.9355520456115
3018058,136.65023489198958
3018059,48.46709150417212
3018060,889458.3467574236
3018061,9.070867354368266
3018062,1.903749240283107
3018063,21.850941392108282
3018064,18.12428552129196
3018065,1.3959852171924316
3018066,339.4234461897462
3018067,1.367769872669943
3018068,1.9460812229783842
3018069,7.442421612670502
3018070,49.03982155861851
3018071,2.0424312014937636
3018072,108.42432776724493
3018073,270.57804238693956
3018074,3.85890817615736
3018075,8.949996672466288
3018076,196.99831696372323
3018077,41.3307556145895
3018078,947.0395258756904
3018079,9.93223782578088
3018080,4.797819148703407
3018081,5.993032428554288
3018082,0.8745766544510241
3018083,6.572839741304584
3018084,1859.5393678760915
3018085,1.011192601233811
3018086,448.8631388656447
3018087,10.2860057316028
3018088,907.8909940357847
3018089,672.0484738633199
3018090,225.49589587435952
3018091,132.11771473969867
3018092,138.24417833494806
3018093,11207.605708402374
3018094,27.228731968110807
3018095,1.8973706634926928
3018096,14.608549451498233
3018097,27.00157927203496
3018098,1.2611802269912915
3018099,192.38242643986953
3018100,10.937414838282459
3018101,14.791663905723205
3018102,6.712145769032423
3018103,115.37589062591857
3018104,9.237861515666538
3018105,283.7314858967174
3018106,300.76310494070776
3018107,11.334700149181426
3018108,7.599490714994744
3018109,189.65042350906916
3018110,43.2302970396968
3018111,2199.050222316274
3018112,1.4024514754343405
3018113,7.852421491131132
3018114,3.6282295217679486
3018115,1.2008812888837113
3018116,5.848007312160199
3018117,1882.03283977562
3018118,1.2973881925136954
3018119,458.8472798141871
3018120,6.319476977374323
3018121,668.6228055938781
3018122,772.161137271404
3018123,204.09197717115072
3018124,133.90910935385446
3018125,104.35601864890145
3018126,6943.045349295414
3018127,23.7508303223066
3018128,1.8432223484442345
3018129,14.89478404898558
3018130,14.104321600873892
3018131,1.5413666005649436
3018132,170.7905654519543
3018133,10.22217560406854
3018134,29.007176758841204
3018135,10.406583932404509
3018136,66.63867775097164
3018137,6.868946452522173
3018138,256.0765877710594
3018139,193.0686470360362
3018140,7.1024267488287585
3018141,8.018965564850118
3018142,224.24627834478062
3018143,37.949087407894694
3018144,3602.483975519905
3018145,1.6116110409698323
3018146,15.515289266806084
3018147,4.8740271355296105
3018148,1.498142034942758
3018149,4.4652913891310115
3018150,10655.850204218592
3018151,1.6281103961906385
3018152,545.9398621558978
3018153,13.68674097602868
3018154,1094.9034637533593
3018155,756.6168631822809
3018156,291.9305890583594
3018157,186.22332711583437
3018158,56.378619044931014
3018159,409547.41593171784
3018160,8.817417019331568
3018161,1.9136966662772843
3018162,13.113783581082156
3018163,19.637337258947934
3018164,1.960716430363872
3018165,212.47872575779476
3018166,1.9811614140236045
3018167,8.32661122362882
3018168,3.0547671141619213
3018169,90.35327751190893
3018170,5.7298520149557834
3018171,165.98659172898707
3018172,257.73194028528616
3018173,3.869451708539703
3018174,3.8166643608749546
3018175,289.38680110711573
3018176,119.84236715798964
3018177,1064.0666902659532
3018178,2.6972860180129232
3018179,1.9980820676683613
3018180,15.611043680589955
3018181,3.4909376660092093
3018182,19.91154322079122
3018183,7338110.49632458
3018184,3.7832149473233314
3018185,1280.3255752631476
3018186,25.962733682154216
3018187,1946.8290923390562
3018188,2418.8288267621697
3018189,744.4598232152719
3018190,604.9254804197393
3018191,437.89007484681633
3018192,197769529.31706187
3018193,83.78097214480354
3018194,7.848850646048403
3018195,90.62082370588051
3018196,118.31239893101467
3018197,4.732111576468357
3018198,638.2634821485066
3018199,68.11483041964338
3018200,23.726466732953753
3018201,40.98021190066161
3018202,349.3659538948043
3018203,24.85758379704809
3018204,1125.9463386359446
3018205,591.9974755992895
3018206,33.55052149141882
3018207,32.38983174402199
3018208,1259.6971608879
3018209,239.85613849004014
3018210,52803799.429057606
3018211,405.5428077535527
3018212,106.24251448509406
3018213,13.642933747799749
3018214,2.558104429803548
3018215,15.608301612167297
3018216,1967737.946252744
3018217,2.801507986159006
3018218,1044.1359445257335
3018219,30.247511800297374
3018220,1911.077408425649
3018221,1832.755319631147
3018222,856.7474390036907
3018223,386.15572738695664
3018224,355.2942596236812
3018225,445340405.11237663
3018226,92.8424922583176
3018227,3.7425036585625358
3018228,71.50716053151001
3018229,80.37500770338687
3018230,3.575705577919962
3018231,620.6602764613256
3018232,38.08866463728206
3018233,37.61241679060492
3018234,32.75600868472901
3018235,270.5738843125973
3018236,17.668001786096493
3018237,1339.008999000727
3018238,699.2797386391585
3018239,19.152005751805287
3018240,28.654118611571626
3018241,1291.856972722605
3018242,226.95270094024673
3018243,949249.2044151033
3018244,454.88645952623665
3018245,102.42470332991616
3018246,9.30670966908784
3018247,2.2387356127488656
3018248,17.87732816033298
3018249,54255.78164606195
3018250,2.500423742164583
3018251,779.6942460157767
3018252,14.704563337971186
3018253,1729.9867266092508
3018254,1292.6524382668626
3018255,903.3248073010377
3018256,142.33703427780299
3018257,233.91906112693806
3018258,111779538.3535857
3018259,32.702468996808975
3018260,3.8641413545485457
3018261,27.02235579223447
3018262,29.534516631426712
3018263,3.124940521337555
3018264,581.5218548377619
3018265,46.85623618237008
3018266,25.9809387859628
3018267,12.846433420847253
3018268,126.7930263364673
3018269,8.609467896638993
3018270,1251.208030010836
3018271,657.2945004162392
3018272,21.16537468163443
3018273,39.426834914155364
3018274,859.212318097712
3018275,118.12232177353829
3018276,15722.418725025724
3018277,255.63337076113584
3018278,51.389534087588096
3018279,12.224562885168499
3018280,2.6894496286190686
3018281,21.18365505177955
3018282,1444020.2941223052
3018283,2.9544697114221043
3018284,983.8184073051883
3018285,19.573480206388936
3018286,1779.9195226721756
3018287,1716.9169536361806
3018288,831.7920800932193
3018289,328.2212883677543
3018290,229.2969876432407
3018291,156945713.22354782
3018292,52.25915821861459
3018293,4.147712780491527
3018294,46.84310830301667
3018295,89.0419011770061
3018296,3.9841761793110813
3018297,570.7074238647747
3018298,61.72220272218191
3018299,32.7098573964619
3018300,56.96959345566469
3018301,252.1710639543053
3018302,13.057034505551425
3018303,1246.1304255751868
3018304,688.4708792857192
3018305,22.11941783052993
3018306,24.914202921889128
3018307,1095.5208374632805
3018308,178.10544118568262
3018309,376843.3154697769
3018310,469.5241893732186
3018311,76.22533227238124
3018312,10.093781495547656
3018313,1.654137688416782
3018314,18.60921594332921
3018315,9749.396431611221
3018316,1.8593067061771358
3018317,704.2312982588526
3018318,12.46750238199392
3018319,1443.2721469930004
3018320,1051.937585886512
3018321,700.0286708661919
3018322,123.54243070635668
3018323,165.05024399824782
3018324,14641571.37657481
3018325,32.918556025462955
3018326,2.2818679910537334
3018327,30.075613287301827
3018328,39.707822804930146
3018329,2.317281280367883
3018330,499.8718016298186
3018331,40.85221976079101
3018332,12.890164852785793
3018333,13.844262013920925
3018334,116.10197066115946
3018335,5.484055049309142
3018336,1077.8762177742026
3018337,704.5544739914629
3018338,16.467381167009254
3018339,25.773876800794046
3018340,887.1624567603569
3018341,67.27642862052875
3018342,3845.2659304492117
3018343,363.3275894871381
3018344,26.026140037177775
3018345,10.059986038572209
3018346,1.431319857605855
3018347,12.079880835774196
3018348,47026.53699402338
3018349,1.617604156887415
3018350,1021.645581503417
3018351,23.013127930124334
3018352,1354.0575123509354
3018353,1654.7453859233178
3018354,555.7957796818566
3018355,462.4572377372163
3018356,341.4469426564704
3018357,3258531.244337858
3018358,56.94604135226291
3018359,2.3330517264155946
3018360,45.02675390395963
3018361,76.52144077581538
3018362,2.2248731171808833
3018363,455.8134531461232
3018364,57.60420661626737
3018365,32.45737147210317
3018366,14.904938866605988
3018367,284.758270546694
3018368,14.858565029699147
3018369,1019.3307994095805
3018370,514.1342402633335
3018371,14.505527989236052
3018372,28.102513577105693
3018373,1049.1678635600003
3018374,187.72071750477042
3018375,2319824.6027466524
3018376,277.41878583905304
3018377,85.05240590690373
3018378,4.808238365032333
3018379,1.2179360175030332
3018380,7.254273155433929
3018381,1400.1440703811775
3018382,1.271991193411863
3018383,304.0783015548366
3018384,18.84435327681885
3018385,793.438065169314
3018386,523.0584238947716
3018387,235.9742035560997
3018388,94.90718250891788
3018389,98.99511542680519
3018390,7229.9064120412195
3018391,22.03192803646181
3018392,2.2203094092362003
3018393,22.193366195744677
3018394,19.187992219944913
3018395,1.579824717123038
3018396,166.8680047970082
3018397,9.84699889588326
3018398,6.999913352943758
3018399,9.262297706736152
3018400,58.12399738093095
3018401,6.284380786492555
3018402,252.7693188718458
3018403,199.37497207423664
3018404,4.199609283897415
3018405,6.302992970747409
3018406,230.31367137513453
3018407,41.410496477958155
3018408,1568.0255002795984
3018409,1.6974341100106622
3018410,12.055580665396626
3018411,9.155665961873098
3018412,1.4257928893357836
3018413,14.897564016617052
3018414,5211.594307548539
3018415,1.6224880186500146
3018416,593.3229697516391
3018417,26.368330494542526
3018418,1245.5723954318692
3018419,937.8771641628548
3018420,544.7709764947349
3018421,112.89352893432819
3018422,143.96070366175826
3018423,710459.8911000984
3018424,67.59641826252397
3018425,2.6419255000458173
3018426,50.1323051456607
3018427,39.236086857907424
3018428,2.011660761277655
3018429,361.2005169440203
3018430,21.31320336837286
3018431,7.596924232150425
3018432,4.666730118551539
3018433,132.31209062307104
3018434,8.32069025014454
3018435,707.1432272270762
3018436,512.5722160392118
3018437,11.625648842074549
3018438,19.858245362560076
3018439,446.1996506081347
3018440,62.86607266897629
3018441,4752.711050194679
3018442,347.1168648995601
3018443,17.72207351158979
3018444,6.267192581108935
3018445,0.80659397175432
3018446,4.813146869846864
3018447,4536.497972643863
3018448,0.9975168967451757
3018449,779.6348924382328
3018450,8.50579876293398
3018451,1103.2566035996751
3018452,1265.0689065464126
3018453,324.32751963258994
3018454,336.8022947442869
3018455,282.9534702416673
3018456,53851.56426779688
3018457,34.38559233600133
3018458,1.9129580573812637
3018459,28.760169759471598
3018460,32.840748294218784
3018461,1.302110440571332
3018462,254.754359013958
3018463,2.539052974490449
3018464,41.23286699639419
3018465,5.560134876693362
3018466,151.9284490588129
3018467,7.241243243753553
3018468,852.2391374268063
3018469,260.299857967291
3018470,18.00231357070385
3018471,8.487702099926068
3018472,2040.1130320883071
3018473,100.4071017120154
3018474,105649.82411583749
3018475,3.1777706115904576
3018476,57.96402345979414
3018477,8.142846008988537
3018478,1.2119582274194516
3018479,9.778385361233566
3018480,4249.767189921995
3018481,1.3741880816002792
3018482,772.2618637680621
3018483,7.835972388690351
3018484,1241.717676099597
3018485,999.1944197733517
3018486,423.5441876210164
3018487,185.7181516721284
3018488,372.71347078294224
3018489,236262.39855942916
3018490,32.40990470995142
3018491,3.906591814239351
3018492,51.50211723237911
3018493,40.92024900607259
3018494,1.7423394360045652
3018495,319.9354113589303
3018496,6.52867677473223
3018497,47.411236339344214
3018498,8.357458339399791
3018499,250.87985294916027
3018500,7.605118700612715
3018501,659.9294365518181
3018502,328.7207559348172
3018503,11.760855008381323
3018504,23.79377518398417
3018505,550.7448351957825
3018506,105.22385451806608
3018507,37064.220564219475
3018508,4.412608150895897
3018509,11.533435976506338
3018510,7.091766668744501
3018511,0.7041314292137419
3018512,5.9444180030579545
3018513,1651.7195956310575
3018514,0.8410268888974887
3018515,452.3691218090813
3018516,6.496181758211637
3018517,901.9541639883686
3018518,519.5829236947694
3018519,242.76921750170462
3018520,101.77083546531797
3018521,118.58383409349362
3018522,5202.049669777997
3018523,12.569337994610501
3018524,1.9906317562636047
3018525,20.779893448331446
3018526,23.92577619101772
3018527,1.0525985299222385
3018528,178.42603602603666
3018529,4.241325089251727
3018530,7.785669058333518
3018531,4.862648714055877
3018532,97.15497745994672
3018533,3.2186557513050738
3018534,371.03130294781744
3018535,189.10760673334735
3018536,4.628526994430042
3018537,5.940137225801675
3018538,202.8478118299075
3018539,54.49623866303218
3018540,1808.4764293732958
3018541,1.294615695702682
3018542,6.069591814810551
3018543,4.1848716857723405
3018544,0.4741348506247807
3018545,1.3782258420850404
3018546,4062.1898523740792
3018547,0.6160633528538664
3018548,178.79339522330088
3018549,2.8250515386923625
3018550,963.1228238267132
3018551,209.34405412319973
3018552,266.74259203778684
3018553,53.550371782573166
3018554,26.853453202140045
3018555,22803.673282593623
3018556,6.205328642636738
3018557,1.6007079786183231
3018558,13.157356812044625
3018559,6.641806486081244
3018560,0.7709098682035784
3018561,180.79625212822845
3018562,0.7833957726896701
3018563,14.8589694996603
3018564,2.839246576461774
3018565,20.9500637771524
3018566,1.1776545261416111
3018567,34.70110854669703
3018568,157.83166561920794
3018569,0.9021532857055321
3018570,2.7074874306287433
3018571,53.78625192828804
3018572,57.86793286438428
3018573,544.9413635302161
3018574,11.6854836496587
3018575,2.4089099725318763
3018576,6.229407284444065
3018577,1.6100992224061694
3018578,8.798927436898968
3018579,3194.515902649234
3018580,1.839739852830758
3018581,525.4357326275091
3018582,11.904429038079392
3018583,1026.3157790933553
3018584,893.0480420325026
3018585,347.572219168373
3018586,165.0832078164704
3018587,124.83864855160789
3018588,91933.15476655877
3018589,26.716270072447454
3018590,2.389078542060588
3018591,25.76223219587736
3018592,62.62378901324963
3018593,2.153255290354473
3018594,277.29333997152906
3018595,18.473921321742232
3018596,16.22091985859719
3018597,16.92599003710841
3018598,104.03355354242616
3018599,6.988580946585914
3018600,565.8046914098674
3018601,285.5790004556098
3018602,8.26422072272234
3018603,10.727237371510661
3018604,585.4054263146747
3018605,79.59207527838576
3018606,4109.032989230167
3018607,13.04693144846506
3018608,42.53916623267673
3018609,4.83470793837353
3018610,1.51189717193035
3018611,8.735604035596735
3018612,3595.8018759120832
3018613,1.7262878541601647
3018614,657.6380818620111
3018615,17.16229003789035
3018616,898.7713481414561
3018617,1136.0168511071904
3018618,243.5209032568339
3018619,238.69478328477092
3018620,213.8861164212751
3018621,18540.408706713588
3018622,28.947504817952854
3018623,3.696932388722045
3018624,32.37138049164652
3018625,25.625712567766875
3018626,2.328687860057792
3018627,189.83946164645585
3018628,10.127872335043994
3018629,31.605019785565148
3018630,12.084231172574782
3018631,178.60357799181367
3018632,10.15226770085528
3018633,642.9771295178437
3018634,214.2631852937562
3018635,6.986490182277363
3018636,14.486539630607249
3018637,705.3102531676798
3018638,112.76051615596464
3018639,78594.93894307848
3018640,2.3037785672929454
3018641,46.19686387998978
3018642,5.196252958556686
3018643,2.845888039183687
3018644,13.744820001449433
3018645,10581.66141526115
3018646,2.9736694898654434
3018647,775.3835288614384
3018648,21.004919941513272
3018649,1040.4315414507876
3018650,1273.0863742017086
3018651,342.18275224622494
3018652,283.806679406779
3018653,148.89986488993904
3018654,197823.76901826935
3018655,34.427726039429274
3018656,4.57956175590162
3018657,35.577753886720664
3018658,37.3546030834152
3018659,3.6239146135660096
3018660,291.1968929355315
3018661,27.17030255868114
3018662,30.126364463631326
3018663,20.60936516148453
3018664,151.61784945178704
3018665,17.649787362178905
3018666,656.4296180249762
3018667,306.62509182990067
3018668,17.010162206854066
3018669,19.082783078231582
3018670,725.0806589665084
3018671,123.08232197046563
3018672,166433.1068666811
3018673,4.385527751006455
3018674,51.600452913483146
3018675,10.289076080941733
3018676,1.4637441235817934
3018677,9.617647599698191
3018678,3956.104328259345
3018679,1.4116799128921074
3018680,449.15616701051835
3018681,13.04952370829179
3018682,1314.358239086769
3018683,908.9981128389966
3018684,607.314128012714
3018685,152.64478700326103
3018686,80.95259681555095
3018687,11720543.603583124
3018688,9.469385332739808
3018689,2.149278806928714
3018690,34.41608160534072
3018691,33.39547601159878
3018692,1.7136061597283556
3018693,395.25591736495664
3018694,10.30992874448383
3018695,4.206655733604769
3018696,10.115748532078188
3018697,54.24083303412498
3018698,3.6071849718321514
3018699,295.34978386212146
3018700,435.5718919032019
3018701,6.383272362222755
3018702,6.452492305075257
3018703,455.92528862146935
3018704,102.26703120923216
3018705,1214.631059561633
3018706,90.1292922133045
3018707,14.311315298059784
3018708,5.509730535842469
3018709,1.51229724223645
3018710,4.732024099243827
3018711,1703.6480274400437
3018712,1.6196366355057972
3018713,262.1246078677808
3018714,11.921505948040037
3018715,586.0022760492546
3018716,667.46348036706
3018717,163.64515380784556
3018718,115.10613232161847
3018719,104.59670037841056
3018720,5795.431492976005
3018721,16.051425470419833
3018722,2.530089264134097
3018723,15.411327390298801
3018724,21.445288676682207
3018725,2.085540687941636
3018726,153.38821492838562
3018727,11.86013583445867
3018728,13.08742942458359
3018729,5.886789765614323
3018730,115.70407511582398
3018731,7.33171289703194
3018732,279.24534868340237
3018733,155.7807705445454
3018734,5.419890660548535
3018735,6.985983630680671
3018736,217.9732309540588
3018737,51.57743430084089
3018738,4425.408576005262
3018739,11.404337971793174
3018740,20.2519215863987
3018741,1.8531037339145124
3018742,0.9678540635550127
3018743,2.236627886965259
3018744,1251.791317346515
3018745,1.1235665684377276
3018746,105.21154639661191
3018747,5.239665793513346
3018748,902.7811616554247
3018749,321.0489227365219
3018750,238.08710719098718
3018751,43.08700594296489
3018752,69.47617603942254
3018753,18915.010043516653
3018754,7.583010118765814
3018755,1.4133469514992834
3018756,14.765558316508304
3018757,7.280501969360581
3018758,1.3858478398179672
3018759,191.98614635115956
3018760,4.467528339733676
3018761,8.827344636377925
3018762,2.9372991401970623
3018763,17.869216785019503
3018764,1.6121403296839234
3018765,135.01182452937252
3018766,204.39083849053182
3018767,1.8685552787787647
3018768,4.377195226500106
3018769,126.78588975170042
3018770,26.839914039763652
3018771,225.2761341720507
3018772,14.502190185924388
3018773,2.0805761701833694
3018774,11.494382747184197
3018775,2.6925559947274293
3018776,9.735530847127455
3018777,23990.97854706261
3018778,2.8270379087094266
3018779,608.6861801313404
3018780,16.76556666528092
3018781,1772.8482847243322
3018782,832.7412346380193
3018783,533.8233038435341
3018784,168.45531809244417
3018785,115.26724184702738
3018786,40039956.56176899
3018787,34.4675955181612
3018788,3.5634335431834976
3018789,34.32597286644943
3018790,26.01477501316834
3018791,3.4123036369580193
3018792,473.5737406987221
3018793,10.288304239673355
3018794,5.143286701617276
3018795,12.016519836978997
3018796,64.78707853543166
3018797,5.209354555306273
3018798,582.9108771933057
3018799,453.1899797212313
3018800,4.900570530774532
3018801,15.474333805846467
3018802,368.43504221287253
3018803,78.13582476508044
3018804,1315.7147896164283
3018805,71.2813240729851
3018806,17.773287329183464
3018807,6.918163222340962
3018808,1.575071760416182
3018809,2.7095192637162615
3018810,1453.746249229824
3018811,1.7300997706045613
3018812,179.40043075998125
3018813,10.782614818717418
3018814,956.1789940281972
3018815,476.534602226666
3018816,201.08732417821193
3018817,52.45131678313375
3018818,81.32985706969815
3018819,20362.131428906298
3018820,9.202240138034238
3018821,2.177715456552721
3018822,17.81320058042568
3018823,20.34737823577796
3018824,2.098662393248932
3018825,185.1218440616291
3018826,8.420043129165421
3018827,12.805912237086927
3018828,21.93369635280851
3018829,58.89306308578696
3018830,2.802339852895267
3018831,111.61158922039924
3018832,192.61914229658228
3018833,2.886461010110327
3018834,7.124981271026657
3018835,117.35124691965417
3018836,31.071275720039278
3018837,363.1615969066864
3018838,11.834582434575385
3018839,8.135683133058082
3018840,5.5361506962741815
3018841,1.032139023309956
3018842,7.286563393561725
3018843,1437.4562439088322
3018844,1.1919620937907747
3018845,126.01420790354555
3018846,6.96635749438076
3018847,904.6497882324011
3018848,336.44748130526796
3018849,167.39390520613082
3018850,43.20435427825731
3018851,70.52994141723534
3018852,14907.687308670114
3018853,13.321974670569642
3018854,1.444334585003591
3018855,12.883612312032346
3018856,8.990340110903889
3018857,1.4689528383832144
3018858,175.97821179745233
3018859,2.492449475546363
3018860,11.494969636554824
3018861,3.444592979519303
3018862,49.56890614478605
3018863,2.0940030854035907
3018864,148.82769700440247
3018865,224.79306992034785
3018866,1.8153905119255591
3018867,6.395741738343827
3018868,117.4043264496857
3018869,24.802095642576823
3018870,173.68988874414035
3018871,20.473450469663348
3018872,6.160715503816177
3018873,4.59694157558628
3018874,1.6363460851797096
3018875,5.313962152690033
3018876,1358.9488521378921
3018877,1.8118431076218848
3018878,165.56151596721915
3018879,8.789400012750486
3018880,1120.0039245212215
3018881,447.1496614803913
3018882,270.13502156997845
3018883,38.63523317896723
3018884,80.02111543296287
3018885,34725.25108680661
3018886,6.42724853257098
3018887,2.1337053631730614
3018888,15.573414624411424
3018889,27.29952722508036
3018890,2.1499420352516547
3018891,246.04140782626197
3018892,2.676447111855106
3018893,10.081998126920146
3018894,4.706992923265008
3018895,21.94816082884551
3018896,2.82734486872742
3018897,312.67234378387275
3018898,309.3907018550982
3018899,2.709113059248013
3018900,7.034922778039379
3018901,122.18307133450413
3018902,89.95090723058199
3018903,410.33873961154904
3018904,17.986532757257507
3018905,9.379687835453979
3018906,5.465462252013176
3018907,2.822229959675519
3018908,4.263129730270146
3018909,1573.6734444163606
3018910,1.7994729228600486
3018911,141.68295715741954
3018912,3.5888828136121065
3018913,932.445094707833
3018914,335.99314274028393
3018915,230.41921536752906
3018916,92.59314641784688
3018917,89.48636105666525
3018918,62034.84068781966
3018919,9.484138161643092
3018920,3.085955793340794
3018921,15.014816954564527
3018922,20.542488119539154
3018923,2.192920550618094
3018924,194.79688384431128
3018925,8.590255900384033
3018926,10.11724640495827
3018927,6.388584565632007
3018928,31.93166395917435
3018929,3.256177381665837
3018930,105.75619889214329
3018931,194.58785783509987
3018932,3.107313545825134
3018933,7.922791089819251
3018934,87.67572925419523
3018935,38.55725241465703
3018936,600.8694791395096
3018937,15.079848100489965
3018938,8.62265589093574
3018939,4.316581547323988
3018940,0.9776587689798155
3018941,2.327192474333042
3018942,1135.4971749329559
3018943,1.0415369560118057
3018944,151.58003154719327
3018945,7.412840818346725
3018946,904.3648441231328
3018947,279.9422229018551
3018948,160.58769054987854
3018949,114.66554667846333
3018950,75.84589807714019
3018951,5286.6790749903475
3018952,7.296332200022531
3018953,1.302302380182337
3018954,10.259193221146333
3018955,11.758729816307255
3018956,1.3110356152358813
3018957,163.33397985036382
3018958,1.2657295453939899
3018959,10.859582003105492
3018960,3.326783390252344
3018961,57.2520750707019
3018962,1.7713567253382236
3018963,43.29481042294584
3018964,151.90221089788255
3018965,1.7517991779867774
3018966,3.839383587944909
3018967,54.43736096204798
3018968,33.799594053148645
3018969,461.91498072265205
3018970,10.913367711088476
3018971,1.3144603902674654
3018972,10.654095492896415
3018973,1.8623028588420816
3018974,8.520937932951295
3018975,2675.317626567854
3018976,1.852502012067974
3018977,315.7268955206896
3018978,5.477176767960064
3018979,1109.1882169263317
3018980,803.0707183486379
3018981,490.70474140932447
3018982,163.33205497032282
3018983,146.49940630902907
3018984,301198.4877086557
3018985,17.793781311407816
3018986,2.5220100876503024
3018987,23.180931704855055
3018988,27.54779255811419
3018989,2.2082448762849056
3018990,266.29174779433714
3018991,2.47985290042215
3018992,9.509921719931736
3018993,16.04326467502807
3018994,63.62615867365928
3018995,5.143242388100864
3018996,208.28626083530403
3018997,269.75233781161995
3018998,4.003751714682366
3018999,11.172260256323312
3019000,362.69106743914256
3019001,55.72186098978064
3019002,1130.5038953555459
3019003,52.408970948211326
3019004,15.269291473305026
3019005,3.583877322110186
3019006,1.3471573474861238
3019007,11.11056550504199
3019008,2034.8000433333586
3019009,1.4482426860358553
3019010,549.7504249117773
3019011,7.443084360726376
3019012,688.2659626803277
3019013,776.6720972893863
3019014,228.780642556758
3019015,173.80420100718214
3019016,100.42135698084049
3019017,64681.40224985078
3019018,17.377253043893475
3019019,1.9420841983711032
3019020,31.998617398868326
3019021,20.423733432925903
3019022,1.7543971747071498
3019023,218.20112764462584
3019024,10.31921519999709
3019025,5.882603845707502
3019026,11.387051727657019
3019027,72.03434506518818
3019028,2.8623724542322386
3019029,94.77133017462518
3019030,199.06291066990835
3019031,4.485394485777003
3019032,9.07132002196574
3019033,191.02360220630544
3019034,45.62741498487723
3019035,1443.1345230531456
3019036,74.93048417736941
3019037,20.332414050165404
3019038,7.453732848582628
3019039,1.7703840700847473
3019040,7.342614723200341
3019041,2493.9294233897963
3019042,1.7723935112758613
3019043,204.97293841526067
3019044,7.89852217570585
3019045,1193.5651571118033
3019046,435.90229595687697
3019047,305.2128555759188
3019048,55.32140116080789
3019049,80.56819354666058
3019050,97324.22355993814
3019051,22.794529201647844
3019052,2.8374261568964174
3019053,18.55254556665416
3019054,16.675840398933154
3019055,2.1492427080925096
3019056,229.95157013695743
3019057,12.666841596999184
3019058,9.462444756794767
3019059,5.528206448223254
3019060,49.05964514650832
3019061,3.237143282659404
3019062,160.14264038940797
3019063,234.4285875319026
3019064,2.766185070879973
3019065,7.158255597330308
3019066,194.74554560559955
3019067,28.06219413410141
3019068,489.359570130094
3019069,10.683047848804586
3019070,8.123611850307002
3019071,9.586598005085726
3019072,2.649591444723975
3019073,13.270210299295746
3019074,3289.4811569766907
3019075,2.907841349187736
3019076,670.9691228916984
3019077,14.69172469757694
3019078,883.6064229775138
3019079,873.2252876622061
3019080,263.88693984300846
3019081,158.56901124160416
3019082,122.72837164026758
3019083,64048.884229919924
3019084,30.595900309358566
3019085,4.980085330340813
3019086,24.335534009824595
3019087,37.7978792943031
3019088,3.41196636962615
3019089,238.7320824145826
3019090,23.411567735275813
3019091,19.353224478677284
3019092,10.881358124040785
3019093,134.08133309581467
3019094,13.096900278514264
3019095,478.6276904156701
3019096,267.7874923729495
3019097,11.310229392648314
3019098,11.201051091842194
3019099,443.60200568715845
3019100,102.0710081643891
3019101,5054.833757519767
3019102,13.363730316760709
3019103,38.127120585057185
3019104,8.677333810012593
3019105,1.6318733126303684
3019106,11.672693847078751
3019107,6418.746360289015
3019108,1.7159859880541541
3019109,525.6329360301503
3019110,8.874664899077946
3019111,1604.7886148210503
3019112,963.0857857447397
3019113,739.4674973352319
3019114,103.47547732707876
3019115,130.78093659193684
3019116,5141978.755349446
3019117,15.969362726866066
3019118,2.975212093750649
3019119,27.323068579301705
3019120,19.278817803547277
3019121,1.9987240457762436
3019122,378.51260528842226
3019123,3.405286134979435
3019124,6.26334283798358
3019125,9.86557139420702
3019126,81.45188827636571
3019127,2.5598287385014364
3019128,345.09800826100553
3019129,446.31590517899355
3019130,6.060961195252622
3019131,6.089810832472283
3019132,342.7270971275729
3019133,74.51103418638391
3019134,1025.926244060984
3019135,63.237821197442386
3019136,21.14314819193497
3019137,10.384740617649495
3019138,1.3685703686466726
3019139,7.522642768627004
3019140,3136.1856343408604
3019141,1.3889344700857582
3019142,442.00939885279263
3019143,7.703646640940581
3019144,1386.2032778448838
3019145,734.7225823578525
3019146,362.85007655465785
3019147,236.27413551315487
3019148,140.91965154466774
3019149,439913.895823415
3019150,17.11649287945108
3019151,1.884924125967454
3019152,40.37808283426725
3019153,40.34677156894645
3019154,1.676738545297841
3019155,363.1567916490955
3019156,4.399777968470401
3019157,4.220812605733486
3019158,9.127602048592449
3019159,124.70717303828819
3019160,2.408862086365848
3019161,110.37330404924185
3019162,338.74079723454736
3019163,3.952278834966651
3019164,7.5148861710122645
3019165,171.17577815121146
3019166,140.00762162685672
3019167,1184.7096709496554
3019168,2.0005774794203894
3019169,9.656709218099556
3019170,4.696629975699481
3019171,0.9973386878992114
3019172,4.652669274823315
3019173,1411.9011788294602
3019174,1.0782487590197494
3019175,133.87153106746885
3019176,8.733229198572914
3019177,768.2967148363821
3019178,341.9045909880121
3019179,139.238224880508
3019180,35.046083950411095
3019181,93.51433489860032
3019182,22014.601235807066
3019183,9.850984978106679
3019184,1.5665822406045713
3019185,26.759670563219508
3019186,16.860941276895275
3019187,1.3096704742240772
3019188,177.85538641661273
3019189,1.7475404317514351
3019190,10.930558330470816
3019191,4.073386935576027
3019192,89.68424222300453
3019193,2.5482404709972393
3019194,77.65183460040154
3019195,164.1524417558748
3019196,1.8648308750280536
3019197,5.554397090006424
3019198,99.93247100962896
3019199,27.24951880955793
3019200,431.8339174406116
3019201,30.812680415254746
3019202,2.510315781727143
3019203,2.9244940843326233
3019204,1.6877432664468301
3019205,6.531940995874031
3019206,1319.373162057152
3019207,1.9544194097774705
3019208,227.4524893651932
3019209,11.270445029171896
3019210,541.8818113049224
3019211,502.64843764272575
3019212,143.45108903650058
3019213,41.32707541933513
3019214,72.9929313293459
3019215,2955.2399614199185
3019216,23.65557045206185
3019217,2.269288470094802
3019218,12.815213213233797
3019219,20.65243918260917
3019220,2.272384715819643
3019221,118.09260266314088
3019222,13.743951281315187
3019223,5.244975772979439
3019224,6.941260699081781
3019225,69.15398702482041
3019226,5.735665990261824
3019227,432.1765861754476
3019228,164.75702571050394
3019229,5.247355602152906
3019230,7.904531093366197
3019231,207.5458694681549
3019232,29.435490490659458
3019233,1259.0259209170767
3019234,11.105599476893332
3019235,7.6850732045828405
3019236,5.069786314873393
3019237,2.979236119838647
3019238,9.687567848170115
3019239,4403.253586777169
3019240,3.210488786090181
3019241,789.4232249723218
3019242,21.635993690114645
3019243,1061.5036649515414
3019244,1233.7734054285067
3019245,331.90493148564275
3019246,208.06732934836847
3019247,161.46495582658505
3019248,40473.138867834045
3019249,36.213705262586835
3019250,3.909572704200645
3019251,26.641859243493695
3019252,37.958814660028565
3019253,3.7845890777482065
3019254,265.7284729117016
3019255,15.460854454370077
3019256,42.81221192358031
3019257,14.457225672438824
3019258,141.9591208649048
3019259,15.426446043695364
3019260,395.5413400686326
3019261,306.69602509003215
3019262,20.03162260518785
3019263,11.980609664071558
3019264,511.2834689642915
3019265,119.82765184728007
3019266,20907.07672005027
3019267,10.908566751283551
3019268,27.31557320389016
3019269,2.9409507231761673
3019270,1.1152310089644613
3019271,8.411546141302294
3019272,1709.066869062737
3019273,1.2344984268429964
3019274,370.4842832510657
3019275,7.8280249812527
3019276,451.5262703778889
3019277,607.2525284809881
3019278,169.24362558432722
3019279,109.2674270288145
3019280,142.62359235286175
3019281,2018.7677978733427
3019282,19.7735606084019
3019283,1.7365057544824574
3019284,14.950769426817972
3019285,28.310288294697493
3019286,1.4845884305090082
3019287,110.19627200342242
3019288,1.4939797459468935
3019289,28.842721416724174
3019290,5.141548994409284
3019291,299.6241384121264
3019292,8.314002635974482
3019293,153.8982186455081
3019294,129.62430646830225
3019295,6.01874284436057
3019296,9.678779906067733
3019297,128.44930080857222
3019298,32.69418330165031
3019299,1332.030264898909
3019300,1.7905660243012873
3019301,6.508038536358913
3019302,5.098571327767528
3019303,0.8037031311622291
3019304,2.0612813894982525
3019305,982.748121428855
3019306,0.9737310507734296
3019307,218.92190959945833
3019308,4.44183753886453
3019309,418.3030150109265
3019310,248.27615335796764
3019311,93.87861040071671
3019312,33.72005403770743
3019313,34.7146220257017
3019314,1820.0393683198802
3019315,5.823870856722218
3019316,1.2969118985525603
3019317,9.834979384883018
3019318,7.553980884663563
3019319,1.257135355866578
3019320,97.06754371987935
3019321,1.253648506633258
3019322,11.021783513669076
3019323,2.3809320383729364
3019324,34.56045153667222
3019325,1.3610876846427107
3019326,240.44006878118003
3019327,141.88994020171648
3019328,2.735111346120298
3019329,2.947471262297912
3019330,150.13497441746284
3019331,20.323595280942122
3019332,557.71323684702
3019333,1.6098008425956212
3019334,2.3228608738781857
3019335,7.086592349690342
3019336,2.190213932846884
3019337,6.604497673425206
3019338,3397.5550627182715
3019339,2.2950758161442386
3019340,620.0051365434261
3019341,20.247917911369807
3019342,876.4038581691558
3019343,976.6130358088263
3019344,299.3167704565443
3019345,218.4002220237092
3019346,163.36570707722169
3019347,36311.43659480196
3019348,27.672995028598464
3019349,3.6064085391614134
3019350,22.132806198428643
3019351,30.630306290515573
3019352,2.7333165302559643
3019353,213.35566453731388
3019354,10.275651179913186
3019355,35.2908941694399
3019356,11.117516554881348
3019357,264.4119799385671
3019358,5.713115063682656
3019359,266.82776510108954
3019360,275.0934463684263
3019361,11.542937603806116
3019362,12.456867231150264
3019363,356.1703908683945
3019364,73.92289876455425
3019365,5697.882298379863
3019366,3.5300795991937304
3019367,18.267587266506467
3019368,7.388009292335099
3019369,2.096481368514094
3019370,4.826637874180593
3019371,7024.816575571129
3019372,2.2692922492616154
3019373,650.3635603681838
3019374,17.245749997246826
3019375,1310.9968590990038
3019376,1098.6273062421496
3019377,415.5499302057751
3019378,230.95174804495502
3019379,116.20196687695052
3019380,1652609.5293601186
3019381,14.4417292070345
3019382,3.005720904725674
3019383,36.125148352291085
3019384,24.913054343570856
3019385,3.0824968538368145
3019386,278.66892901282915
3019387,2.718169752012869
3019388,6.9174242556152095
3019389,7.575046337558
3019390,100.40005662479055
3019391,3.4039226405110328
3019392,169.40314731430826
3019393,305.33887028788007
3019394,6.839069513656706
3019395,7.837444316463432
3019396,224.659058033378
3019397,76.58919446264058
3019398,1335.4211663721785
3019399,4.331897543043684
3019400,9.731442726340376
3019401,8.424279245873773
3019402,2.2262674524528316
3019403,4.827026646152743
3019404,4050.81893058842
3019405,2.218531138133466
3019406,623.0044046349769
3019407,15.836529086405534
3019408,1075.030446760579
3019409,976.8385132921767
3019410,293.8297140902199
3019411,203.29614093663855
3019412,138.82161282140422
3019413,743210.7976257995
3019414,16.76209828773033
3019415,2.982971059206424
3019416,25.50649370400027
3019417,23.044252114822765
3019418,2.6358769044984225
3019419,262.70361780365005
3019420,2.6536250085351036
3019421,9.426204508367302
3019422,8.281798471720373
3019423,165.0831819013047
3019424,3.3765239450242683
3019425,110.13355768496068
3019426,259.4419103285196
3019427,6.689626433592275
3019428,5.993687491816392
3019429,185.78934968386034
3019430,54.65195955786231
3019431,1156.0788546392241
3019432,3.6365907580955423
3019433,12.641849313438298
3019434,13.199262679369815
3019435,6.100061223196494
3019436,23.314577411975637
3019437,1437425.1145196382
3019438,5.876271658294664
3019439,1097.936727169277
3019440,47.24571097871245
3019441,1821.2830458941733
3019442,2131.676051588509
3019443,461.05004926788854
3019444,474.51034425096344
3019445,383.83906238039066
3019446,16940422.635675374
3019447,85.47830585857452
3019448,8.545782732433041
3019449,62.87739110788095
3019450,68.58314856751251
3019451,7.103039801519695
3019452,571.524606005879
3019453,45.4779356880657
3019454,59.946175765725236
3019455,31.545109023843757
3019456,301.13962275580263
3019457,33.69764866630631
3019458,733.2298443640766
3019459,653.8739332496762
3019460,29.192135365517814
3019461,35.202322440736346
3019462,990.909325346792
3019463,236.48456850787582
3019464,3802833.2016922613
3019465,8.574741367262552
3019466,101.66736752328598
3019467,4.291687618970484
3019468,1.0086885270269932
3019469,1.8219437905487705
3019470,1349.1594065265763
3019471,1.0828406365350893
3019472,158.9467056925287
3019473,4.318129011772063
3019474,672.0726262126041
3019475,307.4347138364301
3019476,113.30886030229922
3019477,107.66009597200657
3019478,84.49577854407633
3019479,5279.957813876477
3019480,6.474559251253336
3019481,1.297373623180066
3019482,13.090151259959697
3019483,8.364753323586509
3019484,1.3297217019662189
3019485,135.97255346278197
3019486,1.4193209009787657
3019487,11.51211741301437
3019488,3.4296278682611905
3019489,55.116316220404045
3019490,1.7783415432901863
3019491,55.61140889643763
3019492,98.03288340482815
3019493,2.2622211318421392
3019494,5.149454314205674
3019495,103.79214093540287
3019496,19.774473234435273
3019497,521.0638179423185
3019498,1.4687571947207556
3019499,5.824428232276868
3019500,10.028806471114379
3019501,1.686337669477079
3019502,3.7526553700981102
3019503,4031.074464285865
3019504,1.7822011274947192
3019505,521.5161004902164
3019506,12.696389076279202
3019507,1419.457965296055
3019508,744.95343713657
3019509,246.61142967466085
3019510,239.3837787442851
3019511,127.06712119591587
3019512,845377.9450965367
3019513,11.9519292104535
3019514,2.056897702755813
3019515,25.881309308793895
3019516,20.860600594810773
3019517,2.0983380522069615
3019518,298.8584008526961
3019519,3.020809086070983
3019520,7.92750667785078
3019521,10.283185867103118
3019522,29.04998699723103
3019523,2.9085907524740833
3019524,346.0648067040413
3019525,310.8955615931781
3019526,4.625134737741133
3019527,7.684276223878772
3019528,123.08890391290382
3019529,69.2048966618589
3019530,1135.8018431609214
3019531,2.9645794414685094
3019532,7.677229501828055
3019533,1.6297389161945248
3019534,0.7960820966550688
3019535,1.7197887819397175
3019536,1083.2472645075286
3019537,0.9403274590396169
3019538,112.86280004286425
3019539,4.948431782485559
3019540,867.8372518182443
3019541,164.45093659865114
3019542,95.020350719085
3019543,132.37578882166562
3019544,24.019924769722593
3019545,4422.907538711851
3019546,3.439822820547418
3019547,1.1492116052583956
3019548,10.358537807143694
3019549,5.015409990947472
3019550,1.1926443903261226
3019551,97.38688882130808
3019552,1.1488743548442375
3019553,10.133872559698554
3019554,2.30776930357953
3019555,56.35720572479307
3019556,1.2745993257105168
3019557,60.37905151802585
3019558,84.30222864298457
3019559,1.4560980630173979
3019560,1.7130512654029637
3019561,49.12061853429235
3019562,9.21236941381057
3019563,211.87518034704755
3019564,6.825800449766248
3019565,2.3638425183566945
3019566,6.7994907801143905
3019567,1.0612244835922033
3019568,3.003396946667652
3019569,1772.6556957327598
3019570,1.1892019823356876
3019571,226.3551410596277
3019572,7.037928795788469
3019573,977.9025373916332
3019574,500.22485136785525
3019575,175.54185806454998
3019576,162.6402852488226
3019577,125.22857524166466
3019578,24437.272126333897
3019579,4.0043431912207375
3019580,1.6008869461266986
3019581,23.801720494069944
3019582,16.305822349889286
3019583,1.4905252472650101
3019584,218.63985252228048
3019585,1.4339001460614536
3019586,11.5473783540423
3019587,11.653060863989303
3019588,43.81752060203548
3019589,2.4530951724288483
3019590,231.62104816852133
3019591,217.1681513238836
3019592,2.3311339713244266
3019593,4.965126809909244
3019594,192.18704270663773
3019595,26.45120884416004
3019596,1083.4033122332232
3019597,10.433610883010687
3019598,2.6786599138531235
3019599,4.243662953146764
3019600,2.330217358403116
3019601,6.0565274299591465
3019602,2410.4962769567874
3019603,2.429306759875992
3019604,681.927308955625
3019605,11.88981722177819
3019606,965.3326263943504
3019607,742.1142397174018
3019608,221.8597577659243
3019609,116.41606184977645
3019610,99.09835587040705
3019611,407364.10619568103
3019612,10.611166081834781
3019613,6.3566234705750935
3019614,35.05061734237199
3019615,42.88548554843766
3019616,2.925170218014838
3019617,213.9020614287482
3019618,3.781588812389372
3019619,7.543452669435518
3019620,7.420325797847315
3019621,53.582737364213145
3019622,3.9137007104229156
3019623,148.1774886451529
3019624,274.8211883000883
3019625,5.628197100044222
3019626,9.593270202210027
3019627,128.031846133228
3019628,30.487371393251966
3019629,639.3526720829306
3019630,5.504699495338729
3019631,10.152495054853972
3019632,4.164047269851821
3019633,0.7559255329253184
3019634,1.4943453405237044
3019635,1386.2412070563093
3019636,0.8899330589306202
3019637,92.99407367840716
3019638,3.1252410650179154
3019639,546.792908049546
3019640,191.60513600411872
3019641,95.2140821060118
3019642,147.10514511882903
3019643,61.257564506933434
3019644,4572.223353205091
3019645,6.582396294539228
3019646,1.2907986716039352
3019647,11.318231151390869
3019648,6.596580894625659
3019649,1.0948535609278403
3019650,117.16402519569588
3019651,1.08479598260207
3019652,10.642673878670696
3019653,1.9175889487710867
3019654,63.70180078820719
3019655,1.3041459296487083
3019656,151.91607438270145
3019657,114.86297114238636
3019658,1.6737834684816901
3019659,1.6590188113612179
3019660,50.20899620064397
3019661,15.02601172209653
3019662,344.55815821759626
3019663,2.2614156309264515
3019664,1.4106340081669595
3019665,5.45718760050499
3019666,1.9558091052794653
3019667,4.381302542275433
3019668,4173.148578386912
3019669,2.117362365583369
3019670,507.02806620384206
3019671,13.118418075229584
3019672,989.112751002498
3019673,678.3267082710674
3019674,204.24124344456015
3019675,147.29851057410548
3019676,167.37255546870264
3019677,277830.89573688613
3019678,12.917345963589991
3019679,2.530618113625251
3019680,23.939848108665544
3019681,15.790261562768418
3019682,2.5071728131545514
3019683,205.8859794983885
3019684,2.536156363994617
3019685,32.88697383086143
3019686,7.480973936924684
3019687,86.17769992059081
3019688,2.972011190273544
3019689,182.47183600845287
3019690,233.87786047772832
3019691,5.164527271692484
3019692,5.797420914680366
3019693,112.81517136928308
3019694,39.81253736850772
3019695,1162.997857166186
3019696,2.9828232478490446
3019697,6.328377965106658
3019698,5.263511250378925
3019699,2.098545524452275
3019700,12.307497873025879
3019701,2439.769535045145
3019702,2.2512583305764293
3019703,525.3203498414948
3019704,9.370998557768226
3019705,881.558886563036
3019706,821.401314593958
3019707,188.9271996757618
3019708,124.29113757296675
3019709,106.45859035835478
3019710,24372.857738686893
3019711,41.83166614866069
3019712,3.1738942297060633
3019713,27.75520867857024
3019714,27.527261973995206
3019715,2.6552728702367734
3019716,226.77698930120658
3019717,21.772785880658653
3019718,23.668883454920806
3019719,4.376840167442174
3019720,131.74456105597966
3019721,11.929980361309566
3019722,196.06267721039083
3019723,270.3421275437781
3019724,12.892883806363823
3019725,13.831471334774607
3019726,232.93674777763823
3019727,56.24823977251753
3019728,4429.854918626698
3019729,6.983895815522496
3019730,13.425714988158543
3019731,9.32075069465965
3019732,2.225715841819282
3019733,11.193368644396621
3019734,4358.104744773411
3019735,2.413552095662383
3019736,516.6504871175025
3019737,13.775185019982278
3019738,1113.5947115302974
3019739,819.342552078113
3019740,196.71435476594795
3019741,96.43747707603485
3019742,108.73490844551654
3019743,55090.169719979036
3019744,28.755298338962405
3019745,3.2825330059778564
3019746,42.49566489054904
3019747,76.25663282882313
3019748,2.8208471009277676
3019749,369.930822429345
3019750,25.292482146766872
3019751,21.57993839123166
3019752,14.42425373863734
3019753,124.93642806081081
3019754,13.770257686946584
3019755,155.6245079779278
3019756,458.4208902172026
3019757,9.817036755722297
3019758,16.997293250313604
3019759,134.13341865821513
3019760,90.101206902149
3019761,2627.5611286235303
3019762,3.240564278135297
3019763,20.00030386792783
3019764,9.631698488704755
3019765,1.7907974843834862
3019766,7.126989543664333
3019767,4695.190064620053
3019768,1.857682948269944
3019769,694.1060773583225
3019770,7.487138203915928
3019771,1443.0010557258367
3019772,834.8667272960433
3019773,231.95697323724715
3019774,397.7223432847721
3019775,117.24528939508585
3019776,1583007.7759633404
3019777,32.09137758061538
3019778,2.788802755495486
3019779,27.361666690926967
3019780,23.83088732544667
3019781,2.168099631784114
3019782,383.69479552632
3019783,7.359096976708255
3019784,15.200112629285849
3019785,15.399041816026726
3019786,88.17961574230173
3019787,4.575200565918402
3019788,192.1954832132679
3019789,331.28763686390596
3019790,8.56286873976346
3019791,13.429311465967501
3019792,248.0888369088349
3019793,47.979397768590715
3019794,1535.997371354592
3019795,30.688801501945125
3019796,19.154696819914236
3019797,5.464975192762507
3019798,2.2098785759801443
3019799,9.804465206050285
3019800,2255.325846035851
3019801,2.30203751820047
3019802,385.51112407587794
3019803,11.266228705048206
3019804,828.0981234055829
3019805,790.0253412220849
3019806,252.93248387712927
3019807,129.9129709955235
3019808,101.33410138871812
3019809,18585.77831123297
3019810,24.83349468343508
3019811,3.246606342720483
3019812,15.808945339222397
3019813,11.45920937550051
3019814,2.7260817078831785
3019815,218.59431928215852
3019816,18.022853449427437
3019817,22.01480014838549
3019818,4.497671775016287
3019819,139.45848265881472
3019820,10.059738322452128
3019821,320.0947930627906
3019822,255.48878953708262
3019823,7.718708895661101
3019824,10.844035733205027
3019825,374.07451605408335
3019826,53.32491966128735
3019827,3000.109142433531
3019828,10.233851434347645
3019829,27.639042031623802
3019830,4.916547595997702
3019831,1.6903352289154543
3019832,7.217161130595522
3019833,10878.330407905558
3019834,1.8121797694982267
3019835,415.3819503657337
3019836,10.924958514625132
3019837,1617.1527857103456
3019838,683.4971301128135
3019839,252.8973623780434
3019840,161.16456365719887
3019841,106.49620613458396
3019842,1866990.3801040112
3019843,16.808268143798237
3019844,2.681887121072294
3019845,36.562937082132876
3019846,22.979438820134984
3019847,2.1754927743401318
3019848,449.05453427342206
3019849,2.1040958766646067
3019850,3.0454892469507273
3019851,10.463483108030601
3019852,68.75974822998144
3019853,2.9362726696083685
3019854,130.64910687657851
3019855,342.7305219380084
3019856,4.371017379921543
3019857,10.05634881938516
3019858,153.49909127989983
3019859,56.41868010244991
3019860,1040.9423928089677
3019861,11.151626392217832
3019862,8.188416938660035
3019863,7.9724826595461105
3019864,1.5395278472492497
3019865,10.008451922049787
3019866,2488.6835565603633
3019867,1.688517452872508
3019868,531.8118668194246
3019869,15.401990185630833
3019870,1025.192994831244
3019871,784.8576347326218
3019872,247.0940436563884
3019873,125.22850559655066
3019874,156.4952490148599
3019875,20407.41669367782
3019876,34.65449589367576
3019877,2.3513749345023385
3019878,28.467521367274482
3019879,33.72065698083631
3019880,1.9778558463776035
3019881,242.5624013009847
3019882,16.7206413584064
3019883,15.556938560380202
3019884,11.027718331208455
3019885,140.94535171269493
3019886,15.297507547235114
3019887,195.61039472906887
3019888,394.74328838289216
3019889,11.934708691837573
3019890,8.850623540962756
3019891,162.66326800339016
3019892,50.793972951138386
3019893,2200.4255340638083
3019894,2.3207731112681946
3019895,6.810401336496976
3019896,5.55408783357443
3019897,1.8906625917549027
3019898,7.608186613178457
3019899,2465.5730194424514
3019900,2.0152814757008723
3019901,511.1916488069418
3019902,9.671461226017014
3019903,775.9116794796971
3019904,828.3055396501105
3019905,216.16968660846985
3019906,131.46440947926385
3019907,125.45917933698199
3019908,12561.96395386609
3019909,30.969041882767858
3019910,2.5857867457101724
3019911,20.83905570280397
3019912,23.485936149662297
3019913,2.3320019374235477
3019914,218.9055773485387
3019915,16.634198048513674
3019916,33.906714965992144
3019917,7.336361984158279
3019918,98.69234515999038
3019919,10.200794357893063
3019920,218.1436926845419
3019921,250.7613160994121
3019922,10.493926933876466
3019923,10.92465414490809
3019924,218.58200476232608
3019925,45.696321786107546
3019926,3306.4719916185436
3019927,2.622601489174814
3019928,16.418798643318055
3019929,7.686099737762323
3019930,2.3054132648627537
3019931,6.924132179103226
3019932,13401.01673613749
3019933,2.459397987963337
3019934,569.3775282017135
3019935,16.806611116213166
3019936,1181.407472549432
3019937,837.1883656585709
3019938,272.09634035580905
3019939,177.0596875063992
3019940,102.24276445061388
3019941,644879.4018185084
3019942,11.612987761465643
3019943,2.8317735287023345
3019944,20.222200924292636
3019945,25.90862180888378
3019946,2.889585556485806
3019947,243.37867471741382
3019948,2.9270279880493852
3019949,12.544336903025435
3019950,4.131442614070771
3019951,122.40745696999262
3019952,8.37609366230783
3019953,172.45135303756058
3019954,283.16943726170376
3019955,4.909714918301088
3019956,4.963112415359136
3019957,185.94004549213437
3019958,103.11837484510251
3019959,1110.7962830601584
3019960,4.038303872875538
3019961,4.076095346949898
3019962,20.666714944521267
3019963,5.387775028249872
3019964,28.519644195734323
3019965,48847486.97633916
3019966,5.734304872675425
3019967,1511.6688374680243
3019968,30.227290644125436
3019969,2549.561144281522
3019970,3185.267367835888
3019971,737.9501587318047
3019972,622.1776759394206
3019973,478.22181181897696
3019974,596808541.0706528
3019975,92.31514831709111
3019976,11.080060913796482
3019977,137.6033648108077
3019978,137.40785013012353
3019979,6.927970994503661
3019980,824.1820817316894
3019981,83.62965815773416
3019982,33.91230450199488
3019983,44.629334828683895
3019984,420.4317694818346
3019985,33.591195370337
3019986,894.1942900880533
3019987,769.0162923075326
3019988,44.53328716727887
3019989,43.460359978149896
3019990,1089.9297942143814
3019991,263.96363789572627
3019992,62561268.15226615
3019993,410.0781633183108
3019994,117.63443896040573
3019995,17.80419058664517
3019996,4.1379102726621255
3019997,21.797468787619195
3019998,6640552.597878404
3019999,4.419851567383079
3020000,1184.7966312410456
3020001,35.061363934301596
3020002,2433.1239383844513
3020003,2165.262255702668
3020004,850.435055008011
3020005,394.90706746281035
3020006,378.6992094886131
3020007,1195234895.4872808
3020008,118.33933133326481
3020009,5.654728973219857
3020010,79.82936959616319
3020011,95.25721283001155
3020012,5.462496334095325
3020013,760.0112854625213
3020014,48.47509249271956
3020015,50.06405150908968
3020016,34.84300254032314
3020017,309.894728809213
3020018,25.843297219346233
3020019,1055.7619597557705
3020020,868.6606482713197
3020021,28.836360586563472
3020022,36.313765465927496
3020023,1161.6564093445181
3020024,249.5140139925881
3020025,856556.9438866371
3020026,474.5919128031824
3020027,109.66459639836081
3020028,15.855909051024746
3020029,3.775981536082143
3020030,22.903136424234674
3020031,175794.2245319867
3020032,4.092125093937576
3020033,969.053194253401
3020034,19.42988329329784
3020035,2426.4595110465425
3020036,1642.5742762537652
3020037,975.5395861739205
3020038,164.8020189722342
3020039,285.5661156348228
3020040,417564416.8859312
3020041,45.97470473494114
3020042,5.85868398127489
3020043,51.96549621662877
3020044,36.97043571703467
3020045,4.892679526916375
3020046,753.8127656379822
3020047,86.67474919631289
3020048,30.83523295014045
3020049,21.424321676514104
3020050,170.64719066155527
3020051,14.080753311263472
3020052,869.3008455338922
3020053,885.8240441412881
3020054,31.419540977558235
3020055,54.46361561178532
3020056,813.0947310685432
3020057,147.84974681586095
3020058,14614.551054248008
3020059,343.31714875905976
3020060,59.1640416377652
3020061,18.382613851324116
3020062,4.380245133913354
3020063,28.514650026733293
3020064,5162459.15817028
3020065,4.688343327627747
3020066,1052.4792760166538
3020067,31.13437171724406
3020068,2229.651614105839
3020069,2084.2034686383604
3020070,801.035992255113
3020071,361.6528747377965
3020072,288.5213834669715
3020073,436042644.4689706
3020074,55.5850903491293
3020075,6.361508360279527
3020076,80.28746026449292
3020077,103.44920927721807
3020078,5.980224304973664
3020079,711.0230651806232
3020080,102.67378112917608
3020081,35.54671657823857
3020082,54.192937616035486
3020083,276.36835627454644
3020084,20.97790320546981
3020085,850.5003482031887
3020086,888.2443870612066
3020087,31.287186240914714
3020088,36.94051457605831
3020089,1002.2072298653126
3020090,229.8337911824605
3020091,300555.3555682043
3020092,544.5374096465142
3020093,81.46827172327845
3020094,14.704220367797381
3020095,2.98830562680209
3020096,23.24028933855921
3020097,21445.169436830092
3020098,3.2199977339155623
3020099,842.3953494673699
3020100,20.696540317579412
3020101,1907.7676550816045
3020102,1278.7995164710267
3020103,750.2460315322621
3020104,134.0597774737269
3020105,238.55481398122396
3020106,42585856.428812295
3020107,48.5682052882522
3020108,3.7438611106872077
3020109,34.234766792785635
3020110,50.1044592013693
3020111,3.810083013682995
3020112,660.0480585562616
3020113,84.9292215984649
3020114,15.456198187256133
3020115,17.235908086014966
3020116,166.42780015133377
3020117,8.353440068615388
3020118,819.4380050099329
3020119,808.2846963869684
3020120,20.829940754730657
3020121,32.887267298806044
3020122,831.3699380326422
3020123,107.90623485423812
3020124,3870.783874445911
3020125,447.9084233494444
3020126,26.8147621600654
3020127,12.983747134863673
3020128,2.233915303188422
3020129,15.678481252169908
3020130,121855.48173249197
3020131,2.4417364466744456
3020132,990.0763665998724
3020133,26.78336450953581
3020134,1517.0049925918538
3020135,1813.963196392277
3020136,549.7574085663869
3020137,432.41835358801063
3020138,327.52621418250106
3020139,6220472.413475591
3020140,56.37190512568467
3020141,3.7775358469179814
3020142,55.14846063515239
3020143,74.88275571125484
3020144,3.3614266221168396
3020145,519.9920414557055
3020146,23.16286168637505
3020147,32.646494402318545
3020148,22.117728370051
3020149,304.0674586912943
3020150,18.315031045124034
3020151,734.7602612050177
3020152,590.470698125562
3020153,20.826577287442145
3020154,31.185557590625816
3020155,878.2810342214448
3020156,203.34428001595214
3020157,2142431.3181394422
3020158,300.43456548451564
3020159,76.62906496450034
3020160,6.828458658442459
3020161,1.9521638744473364
3020162,9.272686951778537
3020163,1603.1549151204226
3020164,2.032127388885341
3020165,331.98243390121013
3020166,26.341836843933226
3020167,894.9947323808858
3020168,557.704175843413
3020169,224.383670383536
3020170,66.84428949451593
3020171,107.47650254217591
3020172,11396.644237646356
3020173,37.901223639629364
3020174,2.8512197030000594
3020175,26.020688767279772
3020176,24.704283751569413
3020177,2.4311296932835345
3020178,195.17231452708276
3020179,12.682358342015208
3020180,9.39712350554398
3020181,13.171532425248978
3020182,87.66312341583739
3020183,9.470664092358248
3020184,230.23515441166597
3020185,252.53176111155307
3020186,5.171329558161959
3020187,8.710358059593592
3020188,207.60241429615112
3020189,51.247501165213606
3020190,1502.8810562471344
3020191,2.7728019499449883
3020192,9.854591963831684
3020193,11.958787869175952
3020194,2.2935378486546574
3020195,21.16399528573544
3020196,10100.9420726295
3020197,2.5149665209385144
3020198,659.5017460150947
3020199,38.27557038552575
3020200,1593.1367968664977
3020201,1146.5096234028763
3020202,595.1190091975976
3020203,113.16694292079589
3020204,157.44727056950384
3020205,1854398.396617693
3020206,85.55874129054624
3020207,3.404065075810024
3020208,59.500445837748
3020209,41.38145004834037
3020210,3.0153003006859675
3020211,484.134612973502
3020212,24.8508228553021
3020213,11.95514729577858
3020214,7.2218424472203075
3020215,150.0906904948153
3020216,12.724994277625825
3020217,567.9407104505184
3020218,640.5985310079684
3020219,16.428473456491304
3020220,31.82105964242676
3020221,395.4624113413919
3020222,81.25003464498229
3020223,4272.920623295666
3020224,348.1741826215353
3020225,20.797869806255072
3020226,8.861169124564363
3020227,1.461652984088348
3020228,6.623105346574854
3020229,6278.742124334384
3020230,1.6668986292762207
3020231,832.8402384950925
3020232,10.521756866359102
3020233,1247.2073193534968
3020234,1353.102164884017
3020235,272.7498896747535
3020236,321.8986988881945
3020237,315.80389780611563
3020238,80653.99608125279
3020239,46.35468297656407
3020240,2.361937388949918
3020241,37.149520411315166
3020242,41.34125496874572
3020243,2.042889186939735
3020244,315.41129706097036
3020245,3.8143814923551256
3020246,46.125315356863666
3020247,6.503034493414866
3020248,188.21312576674387
3020249,10.100866787106677
3020250,605.4549985623869
3020251,334.4523744749832
3020252,18.739876282376233
3020253,15.935155314729057
3020254,666.4693787914215
3020255,112.0919644529659
3020256,77263.45317128501
3020257,4.737298954702878
3020258,43.32871888231259
3020259,11.658171154255088
3020260,1.9397534570308326
3020261,14.90670098547246
3020262,6420.411175862778
3020263,2.117658013182438
3020264,840.7878201917479
3020265,12.053171609127999
3020266,1480.7662839695317
3020267,1091.0161510708308
3020268,434.9863279766502
3020269,188.32626810295577
3020270,346.90959237531206
3020271,574021.1859671847
3020272,42.07864473516039
3020273,4.4980117697765785
3020274,47.795950455861515
3020275,47.67488039749362
3020276,2.5708748652570503
3020277,391.86092848427444
3020278,9.852701257121698
3020279,57.76231578386713
3020280,11.21724978792735
3020281,284.1569020587658
3020282,12.87800897410917
3020283,455.5020964732488
3020284,436.82017946329296
3020285,15.164091203658085
3020286,28.547245432813035
3020287,468.2413221568829
3020288,114.64142905518437
3020289,29735.52257212293
3020290,5.736622692821537
3020291,12.197134629486852
3020292,9.788990867903905
3020293,1.3652668909710322
3020294,7.395937620813802
3020295,1879.36837471929
3020296,1.5144441328738594
3020297,512.2140684171875
3020298,11.288028885118322
3020299,950.35704633688
3020300,557.5407686210535
3020301,264.49255211779024
3020302,86.02868397622238
3020303,169.82654087404558
3020304,8247.075145120121
3020305,15.344257843865895
3020306,2.4279265380189976
3020307,29.99693457166114
3020308,27.89890177550931
3020309,1.7834440346691247
3020310,209.09819346414181
3020311,4.899318500436749
3020312,12.731546635480044
3020313,8.561082796121042
3020314,144.59261867910013
3020315,5.393503746023397
3020316,273.3223420243764
3020317,255.28982843508805
3020318,5.533761425132186
3020319,8.713301682352176
3020320,184.80902636222683
3020321,61.128255655185605
3020322,1924.157300391139
3020323,2.059826609240555
3020324,4.2989421747627725
3020325,6.949888664244773
3020326,1.06826153074626
3020327,2.7387120673161363
3020328,5379.240321469468
3020329,1.22386825555955
3020330,208.22187400572676
3020331,5.345228873260422
3020332,1157.060974599901
3020333,262.9885633419414
3020334,215.42392942569302
3020335,52.94271307948477
3020336,74.94440555667668
3020337,29706.10312258002
3020338,12.882032072561747
3020339,1.737860727795446
3020340,24.486186673071714
3020341,9.143482099752065
3020342,1.4537683637953303
3020343,216.41449258319216
3020344,1.4450953188553994
3020345,14.560545339552744
3020346,4.006668544347976
3020347,27.222735440638793
3020348,1.8563085148011966
3020349,47.317888169448274
3020350,190.17737624045105
3020351,1.5960192109868272
3020352,2.9600981756530107
3020353,52.11359596093905
3020354,60.24703682730441
3020355,601.6569656794093
3020356,11.438573198836925
3020357,4.303449322307481
3020358,7.750957756799558
3020359,2.5058145283530844
3020360,11.167450689496544
3020361,4778.059110059545
3020362,2.7483825993486244
3020363,580.8266350735411
3020364,14.116386202222682
3020365,1127.5489263663749
3020366,982.062970488774
3020367,368.89148128933607
3020368,166.842049487188
3020369,170.25046120083474
3020370,185818.54632055885
3020371,35.253211198031345
3020372,3.694510269963516
3020373,31.067897417169558
3020374,58.16901233483121
3020375,3.1888369633517684
3020376,322.522561338428
3020377,22.70079992948658
3020378,21.84663864503754
3020379,28.18352739224948
3020380,141.2570418603837
3020381,9.590229108086467
3020382,477.2870016717272
3020383,367.71113461778964
3020384,11.192926345094005
3020385,15.244066334813544
3020386,526.9544922837059
3020387,102.64006215027385
3020388,4124.087140355518
3020389,13.268219613489414
3020390,39.149070591860315
3020391,6.632019662649814
3020392,2.37466544948151
3020393,11.457133585826607
3020394,4127.438617506641
3020395,2.6077104583780217
3020396,622.1344877967271
3020397,19.786946490881654
3020398,837.4491069726781
3020399,1099.4435962788323
3020400,216.4842888876733
3020401,208.8720834381131
3020402,213.12625491862025
3020403,22094.8023029429
3020404,35.82740272524101
3020405,4.8370505015185925
3020406,34.142053355482034
3020407,27.180005983618443
3020408,3.2961042722657687
3020409,195.63181892548178
3020410,16.86788744184955
3020411,42.108184123391084
3020412,13.001973073242343
3020413,208.90027568595332
3020414,11.954084995481812
3020415,406.26844861510364
3020416,222.23675241743015
3020417,10.566243175863304
3020418,17.307199645680022
3020419,561.5418819112203
3020420,115.00596593602107
3020421,51482.0684144992
3020422,3.634216575418737
3020423,40.61283803707416
3020424,8.288169012869174
3020425,4.126607171384267
3020426,18.258715620067328
3020427,21827.42397718079
3020428,4.256735788117119
3020429,797.3786656931568
3020430,23.128860014811757
3020431,1138.349456111802
3020432,1436.3284795778077
3020433,366.46521268069534
3020434,337.1685517429922
3020435,169.72725498402397
3020436,373828.48199213884
3020437,36.67623411434624
3020438,6.5331602192824345
3020439,46.224254506659115
3020440,51.31149608500544
3020441,5.13017358477502
3020442,364.7967116199396
3020443,35.84881503605453
3020444,41.66490544818283
3020445,30.146479088261216
3020446,180.87469244056504
3020447,24.846717043250464
3020448,461.2583908009942
3020449,371.2892358384549
3020450,27.247144240803195
3020451,24.946101632745936
3020452,606.8523057548412
3020453,152.83371183136686
3020454,143647.78858399708
3020455,6.388584089407184
3020456,41.806612224054476
3020457,13.798508000748177
3020458,2.2570925427791355
3020459,14.880675758146902
3020460,6222.258000456219
3020461,2.207482902177187
3020462,527.6577157250597
3020463,19.290986901289685
3020464,1628.2174509195845
3020465,1044.1939127717872
3020466,599.1492478083965
3020467,183.18362655953433
3020468,142.40285376053933
3020469,21325707.290908787
3020470,12.545396359660138
3020471,2.9260748435841695
3020472,50.458918905202104
3020473,45.93051567649968
3020474,2.5998750089310145
3020475,460.03545522309116
3020476,12.847385529831982
3020477,8.756279805037625
3020478,14.578177894407023
3020479,86.08890850700793
3020480,4.371894804384288
3020481,329.0047506984275
3020482,511.8595070413677
3020483,9.309673764550189
3020484,8.757970109403459
3020485,402.0854875994804
3020486,116.27442349468356
3020487,1482.3707293042005
3020488,106.92031708741344
3020489,22.416053388066754
3020490,3.1941260332294092
3020491,1.5010575438890454
3020492,3.4214014667307993
3020493,1172.5594251750574
3020494,1.6082482097999518
3020495,189.4465125768645
3020496,5.057971037115333
3020497,359.20754329397647
3020498,448.64336389860216
3020499,123.88894630994062
3020500,64.47909171422165
3020501,58.25136550040077
3020502,3580.7063624893426
3020503,13.048482945023629
3020504,2.378481648453497
3020505,10.471061371022014
3020506,13.924654631255816
3020507,2.06890065803824
3020508,114.90630248111317
3020509,8.382874882954873
3020510,10.888700709583901
3020511,4.847765903786248
3020512,62.10580170499361
3020513,5.026101355397161
3020514,142.6767600015374
3020515,103.97446249649985
3020516,5.129371490034989
3020517,4.687584625242232
3020518,159.97124949611143
3020519,43.043451820789215
3020520,2653.9503883587586
3020521,11.392843791587648
3020522,18.09503196277687
3020523,1.712542434637193
3020524,0.9677149046693123
3020525,2.5322325015607112
3020526,1189.6548127760752
3020527,1.123486142575713
3020528,126.38523247911682
3020529,4.232013591295262
3020530,839.103472485014
3020531,319.86031876920663
3020532,272.2598396765298
3020533,50.22978287156413
3020534,30.388506457022498
3020535,17568.781246333514
3020536,9.649878830205221
3020537,1.431827289771293
3020538,11.415286745796092
3020539,7.977320863427998
3020540,1.454219795302014
3020541,198.7654651082605
3020542,4.487842240053096
3020543,8.827470955949588
3020544,3.3197247253235296
3020545,11.652048068897251
3020546,1.681431414369042
3020547,157.40353215694967
3020548,200.4490690125355
3020549,2.00877668540669
3020550,4.520504758731647
3020551,139.28897928626384
3020552,23.231490512374076
3020553,247.22209717739
3020554,6.2445146440545445
3020555,2.017274384244638
3020556,11.709134662820553
3020557,2.6816088791356867
3020558,8.449974537121859
3020559,22139.55748761946
3020560,2.8270904896383193
3020561,719.1790258241664
3020562,14.559672230937807
3020563,1780.3187724033771
3020564,882.1475088227601
3020565,583.3190671569175
3020566,225.78788956616603
3020567,100.90278779650339
3020568,35918729.90266295
3020569,31.141178973725886
3020570,3.504786940452053
3020571,31.93896811867088
3020572,23.914216958702372
3020573,3.423400469464854
3020574,529.1148817071905
3020575,10.879562186836868
3020576,5.028893236726928
3020577,12.141885409609397
3020578,38.85894045358208
3020579,4.99130098703192
3020580,582.042385565779
3020581,464.3057476808757
3020582,5.081449332519215
3020583,15.885960610125796
3020584,388.39575522896155
3020585,76.98725045350088
3020586,1418.904840789246
3020587,54.78880355015793
3020588,13.944103047693435
3020589,6.3461977499665805
3020590,1.5782225449441047
3020591,2.8194029481983742
3020592,1510.3229864608018
3020593,1.7302268591075967
3020594,198.3383041195695
3020595,12.955195189339385
3020596,941.7777485608791
3020597,493.8592177012434
3020598,206.23231877924238
3020599,58.069318503964325
3020600,36.33775989355671
3020601,17741.810878496348
3020602,11.306613179251647
3020603,2.1886409851183415
3020604,11.877404284106653
3020605,22.95787197572522
3020606,2.0878518207579773
3020607,185.88385305205875
3020608,8.778853765503396
3020609,12.806009599553887
3020610,20.693047578010464
3020611,33.81211728058424
3020612,2.8172254826504854
3020613,120.22319465523924
3020614,199.4870421092923
3020615,3.236391388928337
3020616,6.078777888333909
3020617,131.92234895259284
3020618,27.19830423379878
3020619,353.67300171414064
3020620,10.35618597880011
3020621,5.8490902644909575
3020622,5.707966601332112
3020623,1.0320570518776515
3020624,4.802401701278163
3020625,1278.9200952225033
3020626,1.1921057987091306
3020627,146.22174908959883
3020628,7.9899087546309016
3020629,873.4943156160496
3020630,275.9175954496363
3020631,155.9862395387806
3020632,49.43129760620355
3020633,30.343287640834394
3020634,11808.98672381072
3020635,16.52230554935759
3020636,1.4373345689422883
3020637,12.277473513751817
3020638,7.736682766835841
3020639,1.469077839507828
3020640,138.67362112877788
3020641,2.4601480160128246
3020642,11.495089229256498
3020643,3.7216183643522203
3020644,28.669562438501696
3020645,2.058749805360186
3020646,107.60800743175926
3020647,186.0653190264289
3020648,1.8696231171723672
3020649,5.271609534405035
3020650,98.02771914815459
3020651,19.621192846257
3020652,159.85945624960763
3020653,17.802080073575983
3020654,3.1413193946343885
3020655,4.211635225690759
3020656,1.636253842664682
3020657,5.002680459425328
3020658,1317.36178753676
3020659,1.8119760397527975
3020660,168.4257908785831
3020661,12.157555485712484
3020662,880.6281551995073
3020663,373.0644349872765
3020664,192.12153638798594
3020665,44.20643996997867
3020666,39.776810243745814
3020667,29239.921642063193
3020668,10.252054239364014
3020669,2.168562182597067
3020670,11.241831342521285
3020671,22.933698661459477
3020672,2.15018456039352
3020673,182.82593117019107
3020674,2.5873323580110634
3020675,10.082103436285633
3020676,4.674336386118911
3020677,14.330965264186341
3020678,2.8573584602714655
3020679,178.68011500558134
3020680,201.29706007327604
3020681,2.717744138965169
3020682,7.324925760485409
3020683,72.13462042580502
3020684,57.896888098498
3020685,372.62143062336185
3020686,13.14514750198098
3020687,5.459592638607505
3020688,5.353419182972798
3020689,2.4604627497924443
3020690,7.3997867282906595
3020691,1419.334365310235
3020692,1.7995941355245357
3020693,166.6966230931456
3020694,3.13189003493762
3020695,844.0086057875177
3020696,328.5258390272889
3020697,222.8554341874801
3020698,68.89815045192537
3020699,45.21514922532062
3020700,50166.0366002517
3020701,11.354851627097066
3020702,2.957740593494143
3020703,14.33994349023816
3020704,16.54165012709538
3020705,2.1797922003901946
3020706,185.35842687382177
3020707,11.7086910076105
3020708,10.117337091427386
3020709,5.295109511823698
3020710,24.382843250043358
3020711,3.2246042347401023
3020712,91.24258744422241
3020713,185.0189525065567
3020714,2.7154383407278297
3020715,6.756356776838441
3020716,84.95425782477909
3020717,33.759891784529856
3020718,511.97828155597
3020719,19.882386117671647
3020720,5.547238008846682
3020721,4.208149575455239
3020722,0.9753678325984512
3020723,2.78830746990815
3020724,1312.8605078476164
3020725,1.0414733209299385
3020726,177.95526161677827
3020727,5.447391982097566
3020728,1012.6273920257855
3020729,336.03928845380824
3020730,177.573181173182
3020731,172.58774090997073
3020732,31.307938485166492
3020733,6446.686407572696
3020734,9.330065656896904
3020735,1.2992740068702724
3020736,11.37023476260992
3020737,14.136291388909653
3020738,1.322673041457858
3020739,200.3682880226246
3020740,1.2658783198212429
3020741,10.859729890489483
3020742,3.13335490878615
3020743,38.059410826647024
3020744,2.3584765999379083
3020745,49.710080521132355
3020746,175.7288955380719
3020747,1.8836361287430503
3020748,3.925127254589708
3020749,66.75633490880053
3020750,34.69941169976685
3020751,497.37655098066944
3020752,10.920220379008825
3020753,1.3208334972260793
3020754,10.95140331172582
3020755,1.8983509780500971
3020756,7.363299329970572
3020757,3251.8571940565184
3020758,1.8526349424922008
3020759,389.00107172436645
3020760,9.012606278517744
3020761,1190.7057761750134
3020762,897.774427493974
3020763,542.9488470296445
3020764,205.52811608947712
3020765,115.81928115743236
3020766,341407.4805390416
3020767,19.59861684467202
3020768,2.5085566435971867
3020769,24.576141767119665
3020770,25.97402067628016
3020771,2.2192920042088584
3020772,314.70454546594766
3020773,2.4731946277066403
3020774,9.511905902582926
3020775,16.88024422974018
3020776,42.51488128794444
3020777,6.211941888076079
3020778,260.6217050367791
3020779,319.9457401966799
3020780,3.9510240063314264
3020781,11.784826218707927
3020782,376.7432625023893
3020783,57.991096392142474
3020784,1382.8378885542975
3020785,74.17268290170794
3020786,14.027708438730123
3020787,4.340684278338888
3020788,1.34659315661572
3020789,9.260098593027992
3020790,2219.0069092487774
3020791,1.4481625475741684
3020792,662.9977180273321
3020793,8.552384915853064
3020794,719.3821039009533
3020795,819.5993066422986
3020796,243.43515630746433
3020797,213.9249646099732
3020798,68.67098109245626
3020799,67560.35369892333
3020800,20.768709604209448
3020801,1.9260894241511888
3020802,27.276757776235826
3020803,22.712591503578576
3020804,1.7546985695906965
3020805,238.62364042809486
3020806,11.082233851298746
3020807,4.647235742638419
3020808,17.071239218790083
3020809,56.73253996689542
3020810,3.8780850438749725
3020811,117.44880507118056
3020812,231.66358472924713
3020813,4.705604560910816
3020814,8.93078725049471
3020815,226.43242162073113
3020816,54.88470161696789
3020817,1687.6689900228262
3020818,103.91682541547446
3020819,14.000963678902256
3020820,7.939286780850143
3020821,1.800037634617976
3020822,5.083179425820845
3020823,1986.6259528207827
3020824,1.7725169620489567
3020825,187.0388586693257
3020826,8.803644536111095
3020827,899.5742087910547
3020828,344.39711695344937
3020829,246.0585918086463
3020830,61.630083518440074
3020831,39.0052076453722
3020832,62675.34746988252
3020833,17.61996584347911
3020834,2.5673091479199375
3020835,13.915311540506409
3020836,30.569790008327722
3020837,2.147215336361316
3020838,176.95399447343902
3020839,8.965655985045894
3020840,9.464416762803975
3020841,6.402910222366583
3020842,29.679263362019295
3020843,3.1720700616214073
3020844,117.24955235575507
3020845,196.8060000066713
3020846,3.1330353528150114
3020847,7.564665773545075
3020848,80.73971998998778
3020849,26.470257258009795
3020850,464.6536552369131
3020851,10.26293658509546
3020852,6.579481784840454
3020853,10.509363464205522
3020854,2.6463991093932964
3020855,13.944741365900894
3020856,3692.1387137649863
3020857,2.904640581766996
3020858,689.8086074020041
3020859,11.584265932177805
3020860,897.7807141647705
3020861,919.3423703731454
3020862,241.1159491006238
3020863,177.78106799186344
3020864,106.08511849118258
3020865,75673.23387360836
3020866,36.689029501478785
3020867,4.873134221785172
3020868,20.405778304440584
3020869,37.15270682274671
3020870,3.4067946749693143
3020871,274.60369999791135
3020872,28.379447201177335
3020873,18.54604548038271
3020874,11.628195312719658
3020875,106.15014431099242
3020876,12.329693563339111
3020877,485.15391458973545
3020878,307.07270726852704
3020879,13.876009148713678
3020880,11.602817660458932
3020881,473.00059657225484
3020882,100.44950944511618
3020883,4900.91844286079
3020884,13.360428059309015
3020885,38.72872943526593
3020886,9.286289159502331
3020887,1.5966434528959372
3020888,10.64596449110328
3020889,7560.129469237315
3020890,1.7161303986634273
3020891,699.461336792941
3020892,7.681386885747659
3020893,1716.6788864071495
3020894,1097.9157947422616
3020895,863.6054375051959
3020896,136.188025137477
3020897,92.91429319424468
3020898,8859537.644780507
3020899,21.39415478224486
3020900,3.0792887248293983
3020901,23.479020249142458
3020902,23.00199799975912
3020903,2.003373961158092
3020904,455.01909751962233
3020905,3.4899225910995266
3020906,7.747619449491182
3020907,10.664161254302046
3020908,58.29961544963181
3020909,2.5758054727492414
3020910,375.8966972681515
3020911,537.3542478833656
3020912,6.1455107533780255
3020913,7.642109566294647
3020914,420.5488350489884
3020915,79.24924598408235
3020916,1231.8344960789705
3020917,90.49427081818787
3020918,18.02719872039421
3020919,10.357373139917591
3020920,1.379666638770718
3020921,7.03873786808332
3020922,4047.3048446564635
3020923,1.3891021583815881
3020924,634.1216575443854
3020925,5.133671772026585
3020926,1545.7597967023569
3020927,867.5865740988303
3020928,422.00376415108224
3020929,295.84860034814375
3020930,92.59732749422251
3020931,642627.9317694549
3020932,23.940008413757745
3020933,1.9372979145010674
3020934,37.38408004318818
3020935,43.57853087368389
3020936,1.676866560017166
3020937,404.73892757368264
3020938,5.611111925568151
3020939,5.004721715406662
3020940,11.379489764625307
3020941,82.3951267559314
3020942,2.7914212045104754
3020943,140.00000087721622
3020944,379.75419270364523
3020945,4.994827443585402
3020946,8.548996782935234
3020947,193.29757127361475
3020948,150.50525816905704
3020949,1381.8093611668069
3020950,1.9507697466056042
3020951,6.355130720713949
3020952,3.9221201372997996
3020953,0.9930661707907422
3020954,4.647487444854588
3020955,1428.106446160052
3020956,1.0781856456180894
3020957,145.7964690641949
3020958,8.029188491706329
3020959,755.0647465537505
3020960,319.8520156030827
3020961,142.31572357962767
3020962,39.03949055014169
3020963,42.92193029330699
3020964,17301.47810728074
3020965,11.60573208226624
3020966,1.6988263561946586
3020967,23.42292138707581
3020968,18.49105742476546
3020969,1.3128116022036544
3020970,188.3360929512235
3020971,1.7976865521883585
3020972,10.930707328696954
3020973,7.254584012884713
3020974,57.0209113390898
3020975,2.368540091085464
3020976,99.75170824354052
3020977,177.88923591260837
3020978,1.804802265591768
3020979,6.637976255613596
3020980,121.27408950554727
3020981,27.77259702038613
3020982,464.2304610856413
3020983,27.88861799181673
3020984,1.9999792467300057
3020985,2.6876691864063256
3020986,1.6878666327178937
3020987,6.824427645388693
3020988,1443.8530648138071
3020989,1.949906041229652
3020990,225.12363957228658
3020991,9.620366034260819
3020992,546.3905362708708
3020993,539.8081200095664
3020994,125.99614834421101
3020995,41.38452126580032
3020996,58.140081638999575
3020997,3105.904284751665
3020998,20.657625476468823
3020999,2.267254385206536
3021000,11.903887730275342
3021001,20.41312261054788
3021002,2.3114782611629616
3021003,130.55530200506817
3021004,14.434692091557604
3021005,4.525268351961419
3021006,10.535475871551713
3021007,52.12096931748023
3021008,6.898668597622595
3021009,652.8986838802242
3021010,179.92620792645891
3021011,4.28674815461399
3021012,6.506658689874726
3021013,230.06091778766134
3021014,31.41290476899041
3021015,1276.158980379274
3021016,11.103391492217096
3021017,8.048507255648797
3021018,4.593598082369351
3021019,2.9794234624305735
3021020,9.213155991410463
3021021,4166.693481978358
3021022,3.2104541684959473
3021023,766.6422493276448
3021024,16.248450057591356
3021025,985.2789892614434
3021026,1175.3349118075396
3021027,299.2859811909824
3021028,193.3592624184043
3021029,126.95100663016545
3021030,32990.41952911712
3021031,38.58182748306967
3021032,3.921359213814198
3021033,29.70868492676389
3021034,37.01620844132463
3021035,3.780891686412316
3021036,245.02545220070283
3021037,13.170841059463463
3021038,35.57779227000688
3021039,13.992412821571238
3021040,67.69436253291144
3021041,14.292216032386012
3021042,360.7082650514436
3021043,298.56185295071646
3021044,20.249812087249577
3021045,12.444260205737997
3021046,496.82394471284755
3021047,109.80162840626976
3021048,16005.373906052062
3021049,10.908467456282809
3021050,24.378969373515638
3021051,4.496241572165409
3021052,1.1023667208370371
3021053,9.199511136471745
3021054,1790.7215840040144
3021055,1.2346515986217685
3021056,438.98019483755024
3021057,9.382442142828717
3021058,478.3930844954507
3021059,654.617756929131
3021060,142.1101771876406
3021061,102.6770797112562
3021062,74.52625901380178
3021063,2570.4029593313244
3021064,23.051002910105208
3021065,2.205594495327971
3021066,16.023738244131273
3021067,23.225043171470542
3021068,1.4847725994246832
3021069,113.10840680284774
3021070,1.4941121268853876
3021071,27.270803381619157
3021072,7.324374409390391
3021073,247.68431684421338
3021074,10.636420293753426
3021075,172.37548085907704
3021076,131.42848930393063
3021077,7.413039421139387
3021078,11.758840984040825
3021079,131.5919304391047
3021080,33.93479221269737
3021081,1392.1372468939683
3021082,1.789676039477502
3021083,9.744644396882716
3021084,4.942204971910984
3021085,0.8040514873307404
3021086,1.763647703514871
3021087,1077.1791818333072
3021088,0.9740757127350113
3021089,258.8527829234447
3021090,5.922526493583597
3021091,408.5997023922546
3021092,292.2453296507725
3021093,110.65894917910215
3021094,37.81882488924748
3021095,34.1289274583453
3021096,1967.115103320441
3021097,7.525320116479183
3021098,1.2951014247903925
3021099,9.596136852822948
3021100,8.88340145638734
3021101,1.3074591220077225
3021102,108.53840217644249
3021103,1.25182887079491
3021104,7.08886810561597
3021105,2.491826886929238
3021106,24.953908314627768
3021107,1.378628356482132
3021108,289.1003935034684
3021109,154.22033981809545
3021110,3.1885939520214137
3021111,2.8320863735852875
3021112,148.07039311322146
3021113,24.372721788312436
3021114,602.6120475546597
3021115,2.1953143971326465
3021116,2.4790484824184134
3021117,9.581260710921965
3021118,2.147381860470351
3021119,8.073719310659088
3021120,5099.647496240966
3021121,2.2952515978054286
3021122,749.617393928849
3021123,17.177091214452116
3021124,961.4160084967543
3021125,1180.0561650765192
3021126,342.90641197825204
3021127,264.11300874434505
3021128,133.87249675694775
3021129,74323.27279464858
3021130,33.17226454945202
3021131,4.17051083670899
3021132,23.554928723018875
3021133,34.80346249220004
3021134,2.733315161227859
3021135,263.6515845580452
3021136,9.48906744916337
3021137,39.96059024905548
3021138,13.378257776617936
3021139,186.32401588381444
3021140,5.272710838599944
3021141,277.1742120888562
3021142,331.80342591788593
3021143,13.292417907817782
3021144,12.16803554069573
3021145,445.02249873620167
3021146,90.645215558782
3021147,6670.545257097401
3021148,3.471977325363284
3021149,21.604896259499977
3021150,7.421423159695149
3021151,2.096586102632743
3021152,7.108871575712987
3021153,11940.319871543747
3021154,2.2693907320459843
3021155,929.6565887151398
3021156,15.208945386905736
3021157,1486.206948710309
3021158,1374.1833457180003
3021159,516.5776397593894
3021160,328.1682358999522
3021161,83.56685716845058
3021162,2813780.3943738765
3021163,23.228218255298863
3021164,3.0138442216192036
3021165,38.79923866399798
3021166,27.22272788653765
3021167,3.1717444788832863
3021168,360.2479108348238
3021169,2.718232588804444
3021170,8.989795897887507
3021171,10.052058394002701
3021172,71.62827296430967
3021173,3.318761093794059
3021174,197.11814371547655
3021175,392.79843049519314
3021176,8.719321296300713
3021177,8.458950235627729
3021178,272.3021481780856
3021179,98.70852387266413
3021180,1686.1443901976686
3021181,4.8299310845111005
3021182,7.064433021633799
3021183,8.27696659498819
3021184,2.192779398972935
3021185,5.6338072184492765
3021186,5969.445279341433
3021187,2.2186338163147483
3021188,886.7884514033077
3021189,15.052976692107348
3021190,1252.9489609050916
3021191,1144.2367239260736
3021192,365.6478598050103
3021193,278.4861499638065
3021194,80.24711116081104
3021195,1023032.4475942951
3021196,27.27176900326069
3021197,3.106891523063933
3021198,26.811249574336113
3021199,26.488898788988514
3021200,2.6446536655472386
3021201,316.7463713719808
3021202,2.653693179938384
3021203,10.25736063034973
3021204,8.21197066880714
3021205,118.17063679688175
3021206,3.3258330057901206
3021207,124.6344154811154
3021208,334.1102288851253
3021209,6.864227198163149
3021210,7.843070352312385
3021211,220.03170859652838
3021212,69.53435005570299
3021213,1367.22008454297
3021214,3.8184885131097985
3021215,9.188334720956771
3021216,14.86467003763525
3021217,6.134458862340971
3021218,24.217421130358943
3021219,1643168.57523078
3021220,5.873773889817327
3021221,1157.570802917105
3021222,30.85725728217431
3021223,1875.6839787373833
3021224,2250.0816833961753
3021225,468.04715683687573
3021226,494.26764039558
3021227,349.72974638241936
3021228,23873371.431965146
3021229,89.76094864459009
3021230,9.966145315889825
3021231,55.4622273890932
3021232,68.00300741053815
3021233,7.093858524942602
3021234,590.1884985708978
3021235,52.65555198565076
3021236,60.14595506504223
3021237,34.998407706541016
3021238,219.6539533174307
3021239,33.41341253452741
3021240,790.403297777372
3021241,718.4664917633072
3021242,28.66724086119805
3021243,34.38795784961412
3021244,1071.856358930068
3021245,254.8720713076391
3021246,3848421.8603532785
3021247,8.697396123964442
3021248,107.05816907190707
3021249,3.209324177166792
3021250,0.9978308918378471
3021251,1.7842607733124898
3021252,1424.8831892133135
3021253,1.0827771436155598
3021254,202.0446480342239
3021255,4.631120334140239
3021256,668.127375191335
3021257,324.1630990919073
3021258,117.73260635667602
3021259,130.52328100990636
3021260,42.67767518764482
3021261,6126.632956465394
3021262,11.608148913453908
3021263,1.2957080706909856
3021264,14.916806856707922
3021265,10.419686422719055
3021266,1.3298157551753507
3021267,139.700989651448
3021268,1.5250757474063188
3021269,11.512265483007845
3021270,4.541335504775178
3021271,43.37674569363289
3021272,1.6903383529269567
3021273,49.67623452061248
3021274,107.02383152778133
3021275,2.390691743583666
3021276,4.345670448559057
3021277,105.25933810033186
3021278,21.5337986122989
3021279,562.7686112813033
3021280,1.696601371207086
3021281,4.23149898822088
3021282,10.057685932478481
3021283,1.675409682829358
3021284,4.738910719975613
3021285,6156.764964560518
3021286,1.782339990483952
3021287,678.8986127038534
3021288,11.028957292647487
3021289,1478.4862759959983
3021290,882.8544533457149
3021291,278.93757162793713
3021292,317.2935467497245
3021293,68.80589934872103
3021294,1000163.8191683919
3021295,19.138297357498654
3021296,2.0840290917771735
3021297,27.608808693537167
3021298,24.74090339619345
3021299,2.0984991966633664
3021300,337.4070771692429
3021301,2.6070244480140223
3021302,7.057820404495869
3021303,9.492234366074008
3021304,25.250529997837006
3021305,2.9009138227315923
3021306,369.47687685252305
3021307,354.84018048116934
3021308,6.370613810806361
3021309,9.978239298916167
3021310,123.41299363692721
3021311,72.7273088540961
3021312,1269.9119408175095
3021313,2.9329648380654043
3021314,6.040651493781324
3021315,2.822981329739984
3021316,0.7960248046936483
3021317,2.0060678920701824
3021318,1085.6835692104162
3021319,0.9402673472581382
3021320,161.20324566626618
3021321,3.8091809821409295
3021322,668.6876778026547
3021323,194.6280787121429
3021324,101.23745309620861
3021325,173.06350158134492
3021326,18.57522034912957
3021327,4043.72908353643
3021328,5.155975719508482
3021329,1.1559849519674206
3021330,10.625215014254017
3021331,3.9673995940442954
3021332,1.186780028736956
3021333,107.65727807813563
3021334,1.1492213087408152
3021335,10.153584245001621
3021336,2.0653469422232353
3021337,41.74394344708461
3021338,1.2865847068012797
3021339,70.04526346842904
3021340,86.11907599355895
3021341,1.460287583882151
3021342,1.8782022485656582
3021343,49.766864271226964
3021344,10.276411528769206
3021345,201.69834646453464
3021346,6.646161687682178
3021347,1.9005112513108147
3021348,6.817849184297362
3021349,1.0323548634614446
3021350,3.3679987840948513
3021351,2038.6462535886888
3021352,1.189362612566415
3021353,281.524165274984
3021354,7.082394196984977
3021355,1014.1628935261826
3021356,524.3953612693812
3021357,177.29323926184907
3021358,180.2128573367519
3021359,49.393996712111885
3021360,28423.742981047963
3021361,8.859660335251068
3021362,1.5446783700610327
3021363,24.618423452730624
3021364,24.15592821925687
3021365,1.5348791212527826
3021366,252.70287814112203
3021367,1.4340420056858751
3021368,11.547519672508615
3021369,15.53537290491784
3021370,29.261299791938818
3021371,2.1215764302824733
3021372,247.2030209265709
3021373,249.67968861802498
3021374,3.704169252646235
3021375,4.564182713811531
3021376,232.28274457917706
3021377,25.269058757257525
3021378,1112.9989446170064
3021379,10.433720717569132
3021380,1.8940999940539158
3021381,4.10809402218551
3021382,2.3365263304333417
3021383,4.1111814530327635
3021384,2383.887496000608
3021385,2.429392053125814
3021386,779.1230632537462
3021387,9.589364131985848
3021388,948.0232638579351
3021389,780.9874730725169
3021390,223.49980690991322
3021391,121.21031745545287
3021392,65.38044076557195
3021393,390171.755066072
3021394,15.618415643014101
3021395,6.786548284566874
3021396,32.970734739261324
3021397,35.95696647616229
3021398,2.9183652536133384
3021399,200.18752496758927
3021400,4.425515310447431
3021401,9.331190332785617
3021402,6.999719086588561
3021403,37.022776347195745
3021404,4.118126424788009
3021405,144.49170300328458
3021406,241.66059086649875
3021407,5.5634298998308065
3021408,7.745158002342338
3021409,136.966633485449
3021410,26.729117916347334
3021411,649.2818358221975
3021412,5.7428458646764255
3021413,5.255510556773947
3021414,4.703289421297661
3021415,0.7562956971092899
3021416,1.5334187016003087
3021417,1456.9368127942653
3021418,0.8898771122374545
3021419,137.0665609377289
3021420,4.113195106725577
3021421,574.0345917049211
3021422,204.3855125292997
3021423,102.675255466551
3021424,161.77729001788518
3021425,37.29492317062583
3021426,5644.224013544514
3021427,11.88034370269457
3021428,1.2988573092599134
3021429,10.710957030618502
3021430,10.068732167747491
3021431,1.0952008918730551
3021432,109.24922455770931
3021433,1.0851482325648527
3021434,10.66239091404262
3021435,1.9387867107215913
3021436,70.56008941448567
3021437,1.6866712686770793
3021438,170.58646546941824
3021439,122.95291638966088
3021440,1.5661125823456188
3021441,1.5998383163880736
3021442,50.203843641750595
3021443,17.65111742460334
3021444,367.9668571112324
3021445,2.2926016539580027
3021446,1.7186882310660896
3021447,6.473335051300748
3021448,1.9558912483013433
3021449,3.219256351615682
3021450,4820.57924766297
3021451,2.1174734053459234
3021452,639.8288385691703
3021453,11.03673186198178
3021454,1013.9237159426106
3021455,776.2728049129709
3021456,236.66923438344256
3021457,132.04559449040633
3021458,81.53080092489645
3021459,333670.7426756768
3021460,14.8072044057489
3021461,2.506755881163321
3021462,26.058024883297094
3021463,16.01389216018177
3021464,2.5071071293762115
3021465,237.0683990965771
3021466,2.536235170899873
3021467,28.46773528138767
3021468,7.928229370146873
3021469,81.99310082129278
3021470,3.064546212377927
3021471,185.0049492790068
3021472,259.7697331575237
3021473,4.69437118553846
3021474,6.131518544567504
3021475,121.9003288762555
3021476,39.68147860145358
3021477,1196.911626079836
3021478,2.9271308599958576
3021479,4.1698762781642085
3021480,6.38297687727455
3021481,2.0986533255631366
3021482,10.06072580229361
3021483,2043.7644239898696
3021484,2.2513601650278234
3021485,469.3885074138111
3021486,8.783095414133207
3021487,774.5726741832544
3021488,701.1687682652952
3021489,163.22817157885223
3021490,110.46128291109994
3021491,92.56778675695847
3021492,18416.322848180593
3021493,45.05455088910282
3021494,3.0549186951978586
3021495,25.729599198802102
3021496,27.230305553206477
3021497,2.646663657805484
3021498,191.8416700555984
3021499,24.099331252672354
3021500,20.3262619100785
3021501,4.351139571002117
3021502,92.1436619129156
3021503,10.625285181272579
3021504,160.76961705139658
3021505,246.9151561851975
3021506,13.130090801812237
3021507,13.970528588526674
3021508,187.91170916701807
3021509,52.9976536007303
3021510,3411.5181728040566
3021511,6.978469322437539
3021512,10.495710317425711
3021513,8.840421030907581
3021514,2.2258192534184436
3021515,11.658889558923878
3021516,3403.3573586765215
3021517,2.4136063712393394
3021518,509.0593093433356
3021519,11.997229077105903
3021520,1092.8556643798652
3021521,795.564131945523
3021522,157.34594707041728
3021523,99.32253686003898
3021524,98.87378446860994
3021525,52595.86840674184
3021526,24.862125013093703
3021527,3.500110137241572
3021528,40.64367244142287
3021529,78.21021542220889
3021530,2.827219517230948
3021531,336.55033134483966
3021532,24.53122949310761
3021533,17.264165275526977
3021534,13.544608753957938
3021535,108.06791430333507
3021536,14.306606245826366
3021537,139.20957510475506
3021538,439.81517234282956
3021539,9.683632065920065
3021540,13.143299332489889
3021541,123.69739583149948
3021542,78.3596733088354
3021543,2340.01971372895
3021544,3.254304509454291
3021545,21.74557440623506
3021546,8.477463621932642
3021547,1.8023321723529442
3021548,7.774996019967812
3021549,4557.852614466834
3021550,1.8578254812836028
3021551,802.0165440184696
3021552,6.415380822612271
3021553,1430.769955034325
3021554,824.1616104722141
3021555,211.50378309532465
3021556,375.5035762381379
3021557,67.40780887742666
3021558,1228444.8567019608
3021559,42.79867203598375
3021560,2.954655120298999
3021561,18.988338132260242
3021562,22.076777922661257
3021563,2.1905418965547323
3021564,371.7071442166725
3021565,6.886058558116577
3021566,13.421664265460038
3021567,12.526861009243499
3021568,59.63512662644644
3021569,4.838096675016319
3021570,149.26454816263436
3021571,348.04586900775644
3021572,8.52229407422729
3021573,13.447134122182224
3021574,216.6268632190985
3021575,51.27244860174378
3021576,1600.002163219787
3021577,32.91833407650383
3021578,16.973349143507654
3021579,5.133721829782734
3021580,2.1868901220622963
3021581,10.207139751378065
3021582,2634.2634653872483
3021583,2.302006158663688
3021584,387.96124326619287
3021585,8.897668545723945
3021586,891.0371986779228
3021587,860.0366736314634
3021588,255.4941871108847
3021589,155.33030966808533
3021590,102.34757361977296
3021591,21723.387348629232
3021592,26.338928395855888
3021593,3.2858884756168347
3021594,19.23795008113418
3021595,13.481171540788782
3021596,2.7463791806795594
3021597,233.23707203387076
3021598,18.94451051018687
3021599,23.18888277166789
3021600,4.359968743740285
3021601,97.3446357080622
3021602,10.940143938140693
3021603,327.4422562331515
3021604,293.5758901559302
3021605,8.496294044312963
3021606,11.915951147984597
3021607,387.43365443411295
3021608,46.34807073926222
3021609,3383.0157799705985
3021610,10.233879603456312
3021611,30.058561170105204
3021612,4.255229964257402
3021613,1.690504057667591
3021614,3.9998427011037
3021615,7668.831999657055
3021616,1.8123260277049786
3021617,531.7455963205687
3021618,10.735315393928248
3021619,1581.1085423668924
3021620,683.127778947757
3021621,256.94353419500544
3021622,153.53386313200212
3021623,55.3529360358414
3021624,1993934.4858335387
3021625,15.622084889404427
3021626,3.1323211700976867
3021627,36.79704606042593
3021628,23.220759689223353
3021629,2.131202349050513
3021630,412.48846189318004
3021631,2.104219461710326
3021632,3.045450857188258
3021633,9.377906395554742
3021634,34.174497091352364
3021635,2.8813515206588196
3021636,125.98241906410233
3021637,326.84785748473803
3021638,5.584424841703143
3021639,10.564016279715462
3021640,140.3414946248298
3021641,45.576374875347774
3021642,998.1655828799655
3021643,11.151725917930223
3021644,4.550115101350469
3021645,9.315821783754657
3021646,1.5396714215428573
3021647,13.912024404149907
3021648,3111.745013428571
3021649,1.6886608963437344
3021650,612.350380905908
3021651,11.313649491609997
3021652,1266.5779918920625
3021653,902.4010790332339
3021654,294.15184657737984
3021655,148.31278195194827
3021656,117.86233821774643
3021657,33129.55599379883
3021658,40.29328807653752
3021659,2.3817966914482147
3021660,28.86327505524982
3021661,37.63134380887589
3021662,1.9922054617948683
3021663,313.75098127396154
3021664,25.760572926891065
3021665,20.816198883961672
3021666,10.033752630106736
3021667,81.11813767793558
3021668,13.950866777086274
3021669,203.98519950614985
3021670,438.5715252385805
3021671,15.292059879297135
3021672,11.866876775195374
3021673,193.76163354235047
3021674,57.539674064742535
3021675,2535.3644276522746
3021676,2.3538262047134033
3021677,8.940788603346888
3021678,5.149757429558238
3021679,1.8907975339699266
3021680,9.59428290458278
3021681,2262.4535867228565
3021682,2.015411755824271
3021683,496.68750240676303
3021684,7.702725726220574
3021685,766.232240549629
3021686,822.4857166116999
3021687,194.59761113161
3021688,134.994661919058
3021689,94.57512600290676
3021690,13438.67847129845
3021691,34.68069558188149
3021692,2.6462765124027285
3021693,21.5846190540063
3021694,21.601208479693312
3021695,2.332125736194754
3021696,218.8784148643662
3021697,20.009326185408842
3021698,33.50261384034588
3021699,9.430948605214303
3021700,76.77861680730871
3021701,12.357949743571682
3021702,197.2401418171416
3021703,290.6267300572595
3021704,10.33204379325382
3021705,12.530228689402122
3021706,201.26142276974628
3021707,43.001986562377276
3021708,3176.716520131795
3021709,2.846548727412286
3021710,19.38296258799969
3021711,9.132618402614524
3021712,2.3055113893399692
3021713,8.706759122005412
3021714,13992.546388191786
3021715,2.4594907585934753
3021716,732.5230041292356
3021717,20.251248431632284
3021718,1254.9999342711033
3021719,945.0180072499857
3021720,325.31729173759004
3021721,215.87804726018817
3021722,60.99523713723479
3021723,826424.3830547424
3021724,19.564366286536778
3021725,2.8214116879816165
3021726,20.718360714350975
3021727,25.64746777665371
3021728,2.888589791952059
3021729,289.4698746634061
3021730,2.9270835670994657
3021731,18.277728563733767
3021732,4.277370955846225
3021733,112.23371455539308
3021734,6.369340230025854
3021735,191.72797231505652
3021736,323.5329667129464
3021737,5.055061752448025
3021738,4.831026692190157
3021739,238.06424896820718
3021740,121.58328183211431
3021741,1242.8249597842898
3021742,4.280845211981417
3021743,3.7405097143753876
3021744,20.232812510401804
3021745,5.387662675331633
3021746,27.324533442487535
3021747,53301309.48364146
3021748,5.745126572263958
3021749,1610.568472868269
3021750,27.716688579168142
3021751,2658.9143900557615
3021752,3415.3349155540795
3021753,788.5276408832932
3021754,688.0130069719002
3021755,453.3639307089403
3021756,969491536.8703312
3021757,87.1150474506423
3021758,11.03255905295417
3021759,124.95581842782575
3021760,139.28311693968456
3021761,6.9399311224982005
3021762,902.743214796629
3021763,84.64735187183851
3021764,27.91288744842096
3021765,50.63634152374612
3021766,317.4316402338025
3021767,34.23286804633496
3021768,924.3936590109086
3021769,873.3024068740875
3021770,50.33955819899417
3021771,51.089942008873116
3021772,1197.421039166267
3021773,284.47307578001863
3021774,74433835.19163768
3021775,394.5598599090922
3021776,126.74340194096045
3021777,19.477863807738903
3021778,4.1379008358319735
3021779,32.12860458984089
3021780,10760178.988472175
3021781,4.419832078796355
3021782,1292.5165027825853
3021783,28.05801784300605
3021784,2784.799043196441
3021785,2412.8781567983133
3021786,956.2716806186281
3021787,423.12306382077253
3021788,345.9541106997616
3021789,1745170759.5305867
3021790,122.4027675271783
3021791,5.679332510665431
3021792,70.21562980677056
3021793,127.78555384940277
3021794,5.525766328178417
3021795,845.7517187781341
3021796,75.64327000902917
3021797,41.42099746907513
3021798,31.275374088135617
3021799,210.88196739395727
3021800,23.65615226545481
3021801,1128.0825384548764
3021802,992.6116702346058
3021803,29.215968152433152
3021804,36.885290551156125
3021805,1281.3307129287193
3021806,262.3596624785109
3021807,1054386.2903022391
3021808,520.8965628525862
3021809,114.81328153248815
3021810,16.458980907244005
3021811,3.775985911993823
3021812,25.889619140616784
3021813,308067.2246290222
3021814,4.092640748051341
3021815,1052.0187950926122
3021816,17.31855478039211
3021817,2687.4897202006982
3021818,1771.9723539452898
3021819,1037.9756754358214
3021820,180.0357699464219
3021821,293.0648811616398
3021822,628375530.9374154
3021823,45.16795588688564
3021824,6.337443300550158
3021825,49.78234432859581
3021826,40.93352586500898
3021827,4.914114516096242
3021828,819.1203475625979
3021829,81.86221830707044
3021830,30.862664018901732
3021831,19.068910396124494
3021832,126.42486493223328
3021833,14.784500356446786
3021834,936.5137302384979
3021835,962.4904556330583
3021836,31.594426739146517
3021837,60.6309616862506
3021838,889.8784719299507
3021839,139.30440514094454
3021840,17077.51157074406
3021841,363.7016602224093
3021842,60.607544108406536
3021843,20.31756371988925
3021844,4.38019967733306
3021845,25.020117807303745
3021846,6562272.208626895
3021847,4.688446717608613
3021848,1197.142105479548
3021849,21.813609236049004
3021850,2401.9758916621204
3021851,2235.800657913419
3021852,896.8455851102559
3021853,391.5741148812309
3021854,268.0880032503274
3021855,579396623.3071841
3021856,57.80606377670262
3021857,7.824423020169105
3021858,82.86833707390504
3021859,106.99854716373939
3021860,6.123462219069344
3021861,772.9220258049539
3021862,94.28915920445311
3021863,38.60621588202819
3021864,62.16298918744652
3021865,194.59209017106457
3021866,22.39058837316225
3021867,914.706390134909
3021868,980.5269377660746
3021869,32.68461068323485
3021870,38.64710515528119
3021871,1174.8820548034316
3021872,226.99079152620675
3021873,394853.47412533633
3021874,599.0761382388189
3021875,93.30242974118148
3021876,16.18080437483781
3021877,2.988374910356338
3021878,25.02307586731037
3021879,35857.80629918654
3021880,3.2200592408066986
3021881,974.1887926365791
3021882,20.072108285796947
3021883,2353.7128849791807
3021884,1452.2490768977234
3021885,867.599708569152
3021886,157.15967132639167
3021887,232.33593886000756
3021888,94495971.94721922
3021889,57.42551724826924
3021890,3.8822631165927115
3021891,43.09596068885796
3021892,67.52078355250968
3021893,3.912609793626347
3021894,775.9189521179318
3021895,78.29824016362016
3021896,19.682977874436737
3021897,31.28825694156395
3021898,116.2585491101346
3021899,11.186616726020603
3021900,943.5313507982999
3021901,939.0478400505938
3021902,25.080373031973114
3021903,33.02294798457919
3021904,989.1203354689825
3021905,107.47917633011322
3021906,4579.123144680341
3021907,448.17320570644245
3021908,25.734741235978525
3021909,15.213757518487322
3021910,2.2340173754522277
3021911,17.224594598183312
3021912,146426.24326268584
3021913,2.441832302104453
3021914,1080.1305335722443
3021915,23.369734172445366
3021916,1593.765773092066
3021917,1916.4156620312606
3021918,597.4952609660382
3021919,469.4688749685685
3021920,328.88257650667356
3021921,8672295.559898527
3021922,67.81497505274082
3021923,3.5376543021761933
3021924,69.08490430166934
3021925,56.540048959109
3021926,3.162471060938101
3021927,566.5498859895508
3021928,30.677980684369246
3021929,29.18735997468409
3021930,21.8388637208201
3021931,229.03507102344565
3021932,24.542975897164467
3021933,796.6704758847821
3021934,639.2477189421297
3021935,21.1837877432603
3021936,37.532342943637765
3021937,965.4145737012061
3021938,198.45077971719238
3021939,2127434.162154308
3021940,269.9458664238179
3021941,77.07524648557707
3021942,7.928600354672232
3021943,2.0091506868089835
3021944,7.882301288236575
3021945,1792.700677907157
3021946,2.0322439593789072
3021947,350.9324365075355
3021948,22.033273635646303
3021949,883.7604459156287
3021950,591.3466068524735
3021951,228.29466979749495
3021952,80.43402433813363
3021953,80.74628218981522
3021954,13147.046485967594
3021955,37.300397489326876
3021956,2.929270098755674
3021957,26.020434992875845
3021958,28.886373588930727
3021959,2.418047019076158
3021960,209.9476928038198
3021961,14.974664144412914
3021962,9.41671985790263
3021963,13.551587404634503
3021964,76.78439916964435
3021965,8.80117149244489
3021966,199.39927433405478
3021967,274.3514220069923
3021968,6.3353885255478835
3021969,9.601312494970799
3021970,192.4820643639642
3021971,46.64149643790002
3021972,1534.8039548736608
3021973,2.7822636330509374
3021974,11.996992011951958
3021975,11.977502796636633
3021976,2.293619534103087
3021977,18.55937224261521
3021978,10872.117143903497
3021979,2.5149278272155606
3021980,666.551018593061
3021981,35.4684152229634
3021982,1611.4829217895915
3021983,1186.8154326409363
3021984,617.0077617870531
3021985,125.4944258890025
3021986,125.86429722756866
3021987,1976946.7494329994
3021988,79.81854035158902
3021989,3.4003035842623173
3021990,57.99746094542093
3021991,48.56624694649162
3021992,3.014573248528782
3021993,455.23039445460813
3021994,60.03488051823658
3021995,10.52967935884375
3021996,7.8808432568411515
3021997,111.9985676256933
3021998,11.809683464855379
3021999,571.725302428863
3022000,646.1380875218047
3022001,16.173000861068484
3022002,29.425829240592673
3022003,424.23247822920956
3022004,79.00276099860393
3022005,4310.26118773682
3022006,381.44508293049864
3022007,19.237967458240426
3022008,8.212662632795247
3022009,1.4618029424698755
3022010,8.635063503529263
3022011,8950.199047892573
3022012,1.6670493833456153
3022013,924.6163847267653
3022014,10.484272780477458
3022015,1314.405974602848
3022016,1474.7214123492718
3022017,289.2238188836353
3022018,341.51844669442903
3022019,214.29777782012977
3022020,129295.84112364524
3022021,42.44701134380427
3022022,2.3961840425057144
3022023,37.765171600078915
3022024,44.19791457447069
3022025,2.0547020263953026
3022026,324.7911560761555
3022027,4.812610877240866
3022028,38.77420158386628
3022029,7.95184889716113
3022030,149.71248630045335
3022031,11.994100233781882
3022032,657.4753194262968
3022033,338.3227784862202
3022034,21.00520489135219
3022035,13.863168848631663
3022036,743.8345709296881
3022037,110.96536042337465
3022038,73718.96642703163
3022039,4.15525142026954
3022040,45.057862173784386
3022041,14.608815416921344
3022042,1.9398798081229067
3022043,17.467891289414204
3022044,7643.73135076106
3022045,2.117779277968303
3022046,927.715684584958
3022047,13.044051431713186
3022048,1468.945579564685
3022049,1171.6035798822998
3022050,431.51084081350007
3022051,211.83742958138055
3022052,289.54067911402285
3022053,886184.6072866345
3022054,44.68489659438866
3022055,4.016046772876743
3022056,58.077700382589065
3022057,66.7846743895422
3022058,2.573904659021296
3022059,398.1779480714688
3022060,10.927483525461172
3022061,49.80655277084132
3022062,12.174115593760455
3022063,202.42809693724806
3022064,13.210100680756888
3022065,478.17452342964145
3022066,462.9221703612257
3022067,15.875393657125615
3022068,31.707280170738027
3022069,506.020228723893
3022070,114.34938433739352
3022071,23808.02771585218
3022072,6.203029285598385
3022073,15.55531120939957
3022074,9.972854503855405
3022075,1.370674831246336
3022076,7.717564253275962
3022077,2346.4392130416863
3022078,1.5145903716797715
3022079,575.2251386138587
3022080,8.799871874929055
3022081,1057.023202970035
3022082,634.7026037178935
3022083,292.78663324271156
3022084,107.48408788295426
3022085,113.48487757425012
3022086,10433.92061925753
3022087,21.83421368646699
3022088,2.4413306213173485
3022089,28.768828485607894
3022090,30.90447504524232
3022091,1.7836531500276722
3022092,253.53530271461304
3022093,6.867140747629691
3022094,13.694835677906894
3022095,9.8089559066066
3022096,110.74123948407126
3022097,5.160083796973166
3022098,277.84604219241453
3022099,295.6718139670651
3022100,5.294799953146162
3022101,6.702008496715495
3022102,204.47339594345485
3022103,64.92103475001012
3022104,2065.709637053928
3022105,2.188892672043022
3022106,5.725051342543685
3022107,7.555626326362276
3022108,1.0682001359041084
3022109,2.8084358346803397
3022110,7270.2843668521655
3022111,1.2240335501950579
3022112,322.16277511120256
3022113,5.602533623276523
3022114,1212.4344276309641
3022115,312.0226729722297
3022116,258.9674061946974
3022117,83.26436915447077
3022118,33.47507514768552
3022119,35867.32966000215
3022120,12.396399456110068
3022121,1.7157983940230648
3022122,17.020270912881823
3022123,9.227749196029515
3022124,1.4533002683511074
3022125,278.8355862190793
3022126,1.4452431133410149
3022127,14.560692663831768
3022128,5.184003571660034
3022129,23.262424414753987
3022130,1.8387304735478427
3022131,55.020104112246415
3022132,237.77475851799858
3022133,1.5939819240692497
3022134,2.730188802607146
3022135,54.894063981788975
3022136,80.74474428380098
3022137,678.035239876148
3022138,11.438702422157164
3022139,2.7943837844633324
3022140,7.310333980637709
3022141,2.505851826264964
3022142,12.371276995186777
3022143,6392.047537284145
3022144,2.7484474759086686
3022145,574.9748488843646
3022146,13.054354263689996
3022147,1249.7131159472149
3022148,1094.9831665775241
3022149,396.9185887254964
3022150,196.58739520582458
3022151,156.990662726226
3022152,262042.67795048814
3022153,37.47755658663455
3022154,3.5329261081721195
3022155,36.66080943832824
3022156,57.50579135252135
3022157,3.188843736679601
3022158,351.30873363025626
3022159,28.439344183235246
3022160,22.739725418923243
3022161,26.558637371401645
3022162,112.3201900439352
3022163,10.602864380378692
3022164,475.5021058043844
3022165,438.87259226363926
3022166,11.843313242800182
3022167,19.385469593912482
3022168,559.5164021624572
3022169,98.52890190894259
3022170,4392.8425880703435
3022171,13.361948129657382
3022172,43.43671528450046
3022173,5.908590717031745
3022174,2.372451337768023
3022175,10.443544274946898
3022176,3959.303379261561
3022177,2.600732933097255
3022178,611.6208910263803
3022179,17.41984154859137
3022180,870.3150367784318
3022181,1092.9485708523302
3022182,204.4793762763479
3022183,212.30359533164668
3022184,174.65195896295714
3022185,25033.482151281714
3022186,29.72327460698068
3022187,5.33422087839365
3022188,45.693390867705276
3022189,30.6026387497115
3022190,3.4275590794034216
3022191,198.2899336939776
3022192,13.939997401245552
3022193,35.69331858028054
3022194,15.075585256479622
3022195,176.88058913204836
3022196,14.4806540747426
3022197,409.6412534915034
3022198,249.05837008823494
3022199,10.442383646389167
3022200,14.747788696335865
3022201,554.6559375791986
3022202,112.96369203958503
3022203,42797.39733529402
3022204,3.627256745908737
3022205,35.87152006934345
3022206,7.634307394978148
3022207,4.177743158732241
3022208,19.03960530545747
3022209,19108.26473345301
3022210,4.2565349550723335
3022211,810.4728095368005
3022212,20.247738263340374
3022213,1182.8212686865045
3022214,1415.9147739798898
3022215,373.4426714408801
3022216,327.0913059739726
3022217,141.4129513781106
3022218,340603.8661420643
3022219,41.695090404401704
3022220,6.337107896898596
3022221,47.09406160910647
3022222,51.382640824609105
3022223,5.137602595786016
3022224,362.3408655382895
3022225,29.46446143101306
3022226,36.23677503035498
3022227,30.517131847773385
3022228,134.27149959530848
3022229,21.20892504340758
3022230,431.8000729079777
3022231,376.299062957524
3022232,24.33282090627206
3022233,23.907074770163348
3022234,633.9893904216316
3022235,139.26006632731597
3022236,124738.79838366025
3022237,7.437690865031277
3022238,40.2173677785605
3022239,14.359053119823253
3022240,2.2745751645638412
3022241,13.02034438933621
3022242,6483.190005654987
3022243,2.2075871289573294
3022244,595.8789937265733
3022245,16.534066878650552
3022246,1684.605607752961
3022247,1080.3061552337563
3022248,634.6298288705495
3022249,238.83154476376274
3022250,113.38205446256475
3022251,22646086.517342273
3022252,17.474997751782606
3022253,3.034812445184485
3022254,45.408969180568256
3022255,48.751573397965316
3022256,2.6062847907937936
3022257,460.2637244011379
3022258,12.439457683477748
3022259,7.642423971234946
3022260,15.21739901065706
3022261,56.90228879073245
3022262,4.8293061299422195
3022263,353.86720427146304
3022264,516.9063248130166
3022265,10.368871993794873
3022266,8.5578775857093
3022267,452.65462055366777
3022268,112.624541487399
3022269,1621.712016045502
3022270,120.63287638553001
3022271,18.993152026309613
3022272,4.542223290763792
3022273,1.7240625639913112
3022274,6.043333126879518
3022275,1708.9548833764352
3022276,1.9227336386750395
3022277,305.95290094032674
3022278,8.484634072240489
3022279,568.823043074207
3022280,633.4831088956042
3022281,163.10763042852517
3022282,112.48022537243367
3022283,95.29709268613489
3022284,4669.536270855554
3022285,15.659865976962125
3022286,2.6366910866602016
3022287,17.84614480712513
3022288,22.665840988310453
3022289,2.2699292389240524
3022290,146.86257292025016
3022291,10.518098116019324
3022292,13.339093359112528
3022293,6.798820737991896
3022294,57.4762178953372
3022295,6.816699515769406
3022296,213.51189059424087
3022297,145.74430102307912
3022298,5.406960565079348
3022299,7.9016665506126085
3022300,277.65036315968695
3022301,50.078721863447086
3022302,3338.0003157324054
3022303,13.104079237777801
3022304,26.970162603167175
3022305,1.1487322339615784
3022306,0.5805652714575215
3022307,1.491533679793994
3022308,1093.0038389363397
3022309,0.6147723985663838
3022310,100.59243752915927
3022311,2.849945121010997
3022312,763.8774514877775
3022313,291.0783139999139
3022314,208.64277803558898
3022315,79.89261286273823
3022316,26.789570500997364
3022317,10643.93348893737
3022318,3.1490236611705664
3022319,0.8103014001617769
3022320,8.080224957755247
3022321,5.567181131444269
3022322,0.8323346238394902
3022323,148.0267573084464
3022324,2.9051170167262987
3022325,8.844073793199405
3022326,1.542478628411146
3022327,7.354499448682473
3022328,0.9896303597781098
3022329,147.55595057994083
3022330,182.89760520454507
3022331,1.2147528555323326
3022332,2.7381435228389863
3022333,107.65650983858517
3022334,21.769108672280517
3022335,219.2047061689007
3022336,7.93566111234841
3022337,1.4558726450356634
3022338,7.301189291707844
3022339,1.5273725320174178
3022340,5.632144821424188
3022341,14257.52267036377
3022342,1.6572162958714172
3022343,602.4576823721944
3022344,10.998657372402874
3022345,1606.041820910898
3022346,757.3357715432694
3022347,543.2577999428305
3022348,251.9858757790027
3022349,59.502862630019266
3022350,16463672.430915978
3022351,20.415579726823466
3022352,2.166526750484583
3022353,19.152347724136725
3022354,22.584198969940655
3022355,2.100490228382419
3022356,473.8237189490352
3022357,7.678947678032067
3022358,4.172647149604962
3022359,8.322499120626146
3022360,30.174941119296548
3022361,3.3344622593289954
3022362,576.1104079059081
3022363,406.44873411584547
3022364,3.7164328458810703
3022365,14.395015632252587
3022366,293.24181966187786
3022367,81.29440555250956
3022368,1240.5116763752503
3022369,75.32458985163645
3022370,8.312068982902378
3022371,4.141794496427361
3022372,0.7780832229965227
3022373,1.592117850222759
3022374,1330.686283254798
3022375,0.8208579520523143
3022376,180.18666884497458
3022377,8.256880697656005
3022378,894.0103107814758
3022379,435.99612297331663
3022380,199.72377227394136
3022381,77.29512268774906
3022382,32.78165244181344
3022383,12476.81539028242
3022384,5.877922711529347
3022385,1.1618726394740282
3022386,9.596930394248385
3022387,13.761938157042682
3022388,1.1000248709618097
3022389,165.50873581618885
3022390,5.338086123377147
3022391,12.736172211247142
3022392,20.089877644851924
3022393,25.520440127414048
3022394,1.5771437394116103
3022395,118.9486453282928
3022396,188.85191625097855
3022397,1.6997873270264416
3022398,5.9404141100219245
3022399,120.55743004960823
3022400,25.06889964187473
3022401,315.918641586497
3022402,9.190608518205469
3022403,2.743857480557214
3022404,3.4056835546707824
3022405,0.6287859721109704
3022406,4.323800474648728
3022407,1367.9232590659847
3022408,0.6653664400265394
3022409,124.12367395786613
3022410,5.271010295228496
3022411,867.8055179608995
3022412,278.540724277961
3022413,134.98573798416518
3022414,86.76704532597408
3022415,25.15505485664315
3022416,9213.358956570095
3022417,11.001233329317353
3022418,0.8465610267146437
3022419,9.180543817562503
3022420,7.231309498725815
3022421,0.8700635949979424
3022422,136.76302710015102
3022423,1.9709959453452246
3022424,11.48996656019208
3022425,2.196229882365518
3022426,23.702181243422547
3022427,1.2923365853172308
3022428,126.11243631917151
3022429,196.43534836028812
3022430,1.1986974305837004
3022431,3.556714652885341
3022432,66.80022441442577
3022433,15.576128020851794
3022434,151.46610715967637
3022435,19.249013517562073
3022436,1.943875024434948
3022437,3.536156877637928
3022438,0.72890670260129
3022439,2.020228902366115
3022440,1204.3209671765796
3022441,0.8856609857577479
3022442,140.85065484814425
3022443,6.9135775681220935
3022444,959.2924866255337
3022445,379.597723767482
3022446,206.50836468053808
3022447,71.00595623342167
3022448,30.428144031912915
3022449,19456.164889139738
3022450,5.281686789948508
3022451,1.131085580977271
3022452,8.10583912999009
3022453,23.10932199086159
3022454,1.1439737820264781
3022455,195.65190940606976
3022456,1.8713223518050424
3022457,10.035017344386981
3022458,3.1800562113257316
3022459,8.628118107782996
3022460,2.0913967589480458
3022461,197.22658964586176
3022462,230.46529621797703
3022463,1.5693280869127841
3022464,5.045886134315902
3022465,57.5608693439334
3022466,71.21601999809887
3022467,360.17560965134555
3022468,9.33164322626224
3022469,3.383287609629063
3022470,5.567482812131004
3022471,1.4917781624907325
3022472,3.651778767391259
3022473,1501.5677533024777
3022474,0.8723903476881277
3022475,130.99984785217626
3022476,2.4765746444424215
3022477,898.7783211834286
3022478,364.577081097154
3022479,243.38735712877582
3022480,121.53289793777341
3022481,50.73197583845477
3022482,39473.59206336448
3022483,6.570245564059759
3022484,1.837736523677711
3022485,10.296961034027749
3022486,14.520802132164164
3022487,1.1589622536769604
3022488,208.56577576863424
3022489,7.162720874798159
3022490,10.024588852106987
3022491,3.4336905747986894
3022492,20.758059580684826
3022493,1.88665434673203
3022494,118.3323030435485
3022495,215.88643785317583
3022496,1.54462573019538
3022497,5.478225415504284
3022498,86.32247461111974
3022499,28.70907442110849
3022500,568.8545085433439
3022501,13.823360589328104
3022502,3.891588098939655
3022503,2.7966060610027026
3022504,0.4822426629261004
3022505,1.584251023840012
3022506,1105.9731905177898
3022507,0.46253161467799986
3022508,143.54489921354602
3022509,4.0187288148932865
3022510,746.002252935121
3022511,241.83162108480704
3022512,143.8446710736288
3022513,266.8056648849136
3022514,24.439064291577495
3022515,4032.5366932611696
3022516,4.508097189743081
3022517,0.6410039518367235
3022518,9.1575126130146
3022519,11.664135776151358
3022520,0.6558991645315565
3022521,172.41807537371085
3022522,0.6293519524905936
3022523,10.94171149431689
3022524,2.0926886353783654
3022525,24.153402414006834
3022526,1.123027924942543
3022527,41.290086575985484
3022528,156.02251369693846
3022529,0.9867942813085231
3022530,2.283067119122786
3022531,53.75734922487234
3022532,29.295273433534543
3022533,483.8756181265728
3022534,10.951738459527387
3022535,0.9390894740738776
3022536,5.9775819589418315
3022537,0.9278327686632573
3022538,5.807667396174914
3022539,2233.093878265322
3022540,0.9262913474169929
3022541,276.7142769563768
3022542,4.602483183198586
3022543,1046.73434992562
3022544,780.0008628472799
3022545,483.0584387405557
3022546,236.50107683166718
3022547,78.11729359835353
3022548,162985.79128802425
3022549,11.281432269632546
3022550,1.4268787723322556
3022551,15.162097252649646
3022552,18.123198141882547
3022553,1.2104470871344128
3022554,257.5167930278848
3022555,1.3389108920056045
3022556,9.464783446055952
3022557,11.48778158309473
3022558,28.532110967301293
3022559,4.0801231146493455
3022560,199.29300972956793
3022561,250.9225673059858
3022562,2.4818533074782123
3022563,7.870074441724226
3022564,333.59703531586007
3022565,43.798947480853634
3022566,1093.5601494239581
3022567,31.71972621678732
3022568,8.515916515587827
3022569,2.511800583425554
3022570,0.6048145865189124
3022571,5.812410812312964
3022572,1561.8198771318189
3022573,0.6121665606751044
3022574,493.1537160766938
3022575,6.081321379130964
3022576,590.9172955805858
3022577,674.4792724621383
3022578,189.74178069331063
3022579,185.27261991159614
3022580,46.54893642148939
3022581,37075.912822720034
3022582,8.559381099837303
3022583,0.9685563623544962
3022584,17.927280423928746
3022585,15.291161076282089
3022586,0.8509788870975018
3022587,153.674184621013
3022588,7.556038211518527
3022589,2.7888231512916004
3022590,10.606613542876852
3022591,45.64464772872888
3022592,1.6165790262921802
3022593,78.80772032105766
3022594,164.3639672489288
3022595,3.1412775609680215
3022596,5.262470716547022
3022597,145.6341933809294
3022598,40.042577819824125
3022599,1243.2690128000797
3022600,33.08964117523652
3022601,8.989849317673949
3022602,5.4659241868456006
3022603,0.9448488744427042
3022604,3.218205623641525
3022605,1856.2660865808793
3022606,0.8520975795140013
3022607,145.26651086445383
3022608,4.506478685603561
3022609,886.3697868745661
3022610,333.76274156770614
3022611,250.9334085296091
3022612,102.73618233948054
3022613,41.27618645990665
3022614,44991.33544810204
3022615,21.394891557395855
3022616,1.8735660372601035
3022617,10.888136593648817
3022618,11.770437732052981
3022619,1.1222383337798127
3022620,172.18007665614783
3022621,5.6631190342974485
3022622,9.380383106296721
3022623,3.1273905971662153
3022624,22.48582912198389
3022625,1.991246034670845
3022626,120.6334635190866
3022627,171.8910652996569
3022628,1.5996834485903961
3022629,5.723519476048498
3022630,85.0831715887294
3022631,21.390151499299847
3022632,479.00464574947074
3022633,7.7987964443421465
3022634,3.834883583045396
3022635,5.663872209719109
3022636,1.5006758071413213
3022637,9.414780322379427
3022638,2619.812574393924
3022639,1.7336531834923754
3022640,601.7463949034237
3022641,7.755688152065266
3022642,761.3703298807161
3022643,776.0834589412573
3022644,211.4258883158692
3022645,140.7523716280085
3022646,65.16178675892894
3022647,43414.801885484245
3022648,27.768963609597908
3022649,3.0192234963831766
3022650,15.048193134481515
3022651,26.058413793057472
3022652,2.1086736905303356
3022653,217.39911567182236
3022654,16.670597441920144
3022655,12.286916464486989
3022656,6.437744167388964
3022657,55.10413033808932
3022658,8.91856805492393
3022659,366.40474295261544
3022660,234.7699473921464
3022661,8.732725515600674
3022662,7.804346430755443
3022663,387.4682350615864
3022664,95.59113342334604
3022665,3382.7427700939547
3022666,12.86467486550743
3022667,28.52423745921464
3022668,5.344693735088638
3022669,0.711709193200342
3022670,5.626694592990946
3022671,4038.450075763738
3022672,0.8246101929374058
3022673,442.7685359938783
3022674,5.738281864835919
3022675,1115.2673076465849
3022676,841.4772355931233
3022677,645.2960175985527
3022678,152.7459451324735
3022679,55.27898514857901
3022680,1530614.7681802644
3022681,9.816720391258558
3022682,2.0751730740089545
3022683,15.991177349065941
3022684,13.266500715710013
3022685,1.0295393258535759
3022686,315.39611318076084
3022687,2.003940741641353
3022688,6.838794722835399
3022689,6.348466191690445
3022690,34.09547850965002
3022691,1.835491699159472
3022692,236.84193718510488
3022693,374.04176699377444
3022694,4.140519645522527
3022695,4.985194104183641
3022696,258.9705526425218
3022697,48.516083698444184
3022698,861.4790481482277
3022699,69.8104356804086
3022700,9.919910772256271
3022701,5.949716511351617
3022702,0.534225960125419
3022703,3.7229761542766564
3022704,2579.2646491495966
3022705,0.5681205137839952
3022706,408.3273495579427
3022707,5.124401450363278
3022708,1236.0890145373892
3022709,638.9963818080198
3022710,304.3754190759019
3022711,276.64855540035853
3022712,61.282960079969634
3022713,220611.8650958558
3022714,10.95158400617079
3022715,0.932058558060243
3022716,26.377651026938064
3022717,30.471234857758063
3022718,0.7901196816780534
3022719,317.29200576823155
3022720,3.7186122982512324
3022721,2.7844555935833695
3022722,6.554686456811548
3022723,54.423253344862886
3022724,1.893115021915035
3022725,102.0536907708834
3022726,261.36599527767333
3022727,3.3984655201771696
3022728,5.111642159833781
3022729,134.52691875677797
3022730,110.81076244435553
3022731,1024.2197993023956
3022732,1.0226106001011626
3022733,4.361108911499272
3022734,3.4623190435115836
3022735,0.4603360368192294
3022736,3.4187060051384126
3022737,1359.5862759688519
3022738,0.45780157813317074
3022739,135.1680257453697
3022740,5.606408167631866
3022741,701.8663228521518
3022742,297.4935308445344
3022743,144.9594366473935
3022744,82.9918190556533
3022745,38.27190478043251
3022746,12751.395009754742
3022747,6.149378615573359
3022748,0.8674338443112721
3022749,16.56469079669288
3022750,13.495685899204616
3022751,0.6352903727981842
3022752,162.54134959546514
3022753,0.8031804764602363
3022754,11.014722857916386
3022755,4.717555190964337
3022756,55.958702252187315
3022757,1.8966764847164925
3022758,66.50682320789656
3022759,165.62160451553868
3022760,1.1870350794196214
3022761,4.154213986798127
3022762,93.51456429165503
3022763,28.999676651611882
3022764,491.6012846611613
3022765,17.63152828172991
3022766,1.113196686100626
3022767,1.462305982912165
3022768,0.8497866973413944
3022769,3.9348482847800437
3022770,1261.8720333676865
3022771,0.9616738017347323
3022772,235.31058852451412
3022773,7.565731784417194
3022774,486.67723528099657
3022775,466.21587106580813
3022776,131.20352845909449
3022777,36.97505298650002
3022778,44.069487440742286
3022779,2904.5068004652826
3022780,17.195792518900234
3022781,1.2161449963535003
3022782,10.132943219259039
3022783,12.725267882950183
3022784,1.316912638278378
3022785,117.22205415613651
3022786,9.865970906067556
3022787,2.799187476524869
3022788,6.332982491397484
3022789,39.3213439075822
3022790,4.6565004871954745
3022791,409.61366763441987
3022792,153.8664576916701
3022793,2.826861102495419
3022794,4.849426191391065
3022795,227.3468848673611
3022796,28.662700197093628
3022797,1134.5072963398952
3022798,10.902876751636727
3022799,6.06801150018877
3022800,3.453148509212209
3022801,1.7500681332206762
3022802,8.614443236355475
3022803,3276.0060189691417
3022804,1.9412001920137907
3022805,728.838391616851
3022806,12.649894249928716
3022807,941.7881998178559
3022808,1084.8373716895003
3022809,273.08976121619
3022810,181.17654833560778
3022811,119.85068030421192
3022812,23431.60318876915
3022813,27.831210324716356
3022814,2.4515907006090862
3022815,20.248010969783405
3022816,30.533632429436754
3022817,2.3783888956975163
3022818,228.07458371492586
3022819,9.175651954079745
3022820,29.946303689938517
3022821,8.819681290383455
3022822,59.77535215541121
3022823,10.666453660920034
3022824,337.61561979679
3022825,247.15158782061647
3022826,14.87970613800356
3022827,10.067927350683352
3022828,456.8240387382439
3022829,97.6666605241318
3022830,12606.246890767168
3022831,10.280940933196803
3022832,22.17523860909261
3022833,1.8693762418789857
3022834,0.5632849319997489
3022835,2.7199769791728756
3022836,1455.0972320053875
3022837,0.579579562783666
3022838,378.55260682204647
3022839,6.427558245125597
3022840,406.8830174156789
3022841,580.8658395923526
3022842,146.11553886085443
3022843,87.4078374271845
3022844,56.110513173777704
3022845,2089.0066678572502
3022846,18.283763775246772
3022847,1.1629930660757903
3022848,13.782279996011148
3022849,18.219853089892723
3022850,0.7681990235387435
3022851,98.40089282383728
3022852,0.7771740093018149
3022853,19.821561613983572
3022854,4.013848531960417
3022855,183.53199747852688
3022856,7.93142216419956
3022857,136.96934804870503
3022858,113.81978796609597
3022859,4.09021606335081
3022860,5.936026879802132
3022861,111.00366719667836
3022862,30.721463885690348
3022863,1235.9969834961182
3022864,1.188209235230458
3022865,4.179717107077318
3022866,2.0786689877721014
3022867,0.5780297552904345
3022868,0.7294969324492128
3022869,939.3019904706626
3022870,0.6457534615309549
3022871,180.60772321770386
3022872,3.0928888069491274
3022873,332.6950366066536
3022874,213.29817985850397
3022875,84.20445086129061
3022876,29.614480158547977
3022877,20.310323912782554
3022878,1577.5762075392067
3022879,6.116810222134881
3022880,0.8981529997818359
3022881,7.438688030096328
3022882,5.512334479681875
3022883,0.8501297300926876
3022884,81.240151443139
3022885,0.8506811154100614
3022886,5.316532868518312
3022887,1.1513082251569333
3022888,19.803698066266985
3022889,0.9597962517765425
3022890,183.98867151241117
3022891,134.04108223889568
3022892,1.890244599845162
3022893,1.4212359172551876
3022894,102.70573326509397
3022895,16.528078325971318
3022896,499.21410096976564
3022897,1.2081059497242383
3022898,1.636742996635496
3022899,5.366394491809954
3022900,1.1282810057619241
3022901,4.480980508784237
3022902,3049.685374247108
3022903,1.2641528225240104
3022904,655.3564795127209
3022905,13.268023117453264
3022906,853.1402627918924
3022907,971.9736204277876
3022908,251.5874697002581
3022909,200.70353844844524
3022910,85.03419814745943
3022911,40395.08708137355
3022912,22.562066154073417
3022913,3.1638165237152513
3022914,16.956294076012984
3022915,25.738971121450877
3022916,1.586364044491959
3022917,225.9679901351325
3022918,6.106486428549598
3022919,29.73024096648098
3022920,8.328114997751747
3022921,111.34206515345386
3022922,3.646143711075239
3022923,256.4492239026692
3022924,254.94264929207964
3022925,8.75936500682202
3022926,8.663054110938074
3022927,346.6167484814629
3022928,61.53050339659035
3022929,4428.663918711819
3022930,2.1262311226003208
3022931,15.895970567975706
3022932,5.255304288801345
3022933,1.072010005919569
3022934,3.095382462802415
3022935,5375.561624614378
3022936,1.2386255956821473
3022937,644.5948364318236
3022938,11.451554423100305
3022939,1203.1152186590527
3022940,979.6656735713788
3022941,373.91278120455206
3022942,318.2324030460621
3022943,50.48793644933761
3022944,2670267.6021941477
3022945,12.500550880901153
3022946,1.7333846490528981
3022947,25.046240190330952
3022948,16.90369661074405
3022949,1.8828546095181593
3022950,217.85901916998074
3022951,1.5794421248053614
3022952,4.973502954827267
3022953,5.5012519040211
3022954,38.615118737808906
3022955,2.1078462491277867
3022956,165.6676498151339
3022957,268.7752777560851
3022958,5.046831775319256
3022959,4.495904952627829
3022960,184.22421493786823
3022961,62.19881216517942
3022962,1239.1458631764267
3022963,2.759521877520761
3022964,4.118921524531185
3022965,5.465150307064585
3022966,1.160828104996313
3022967,3.1567799307537556
3022968,3322.9970349190735
3022969,1.20058623662214
3022970,630.8752521002156
3022971,10.880806594595542
3022972,926.3760700360087
3022973,867.1555171064551
3022974,253.2493130980725
3022975,323.20004484210295
3022976,52.64048045453571
3022977,407826.1274617284
3022978,11.428781087855956
3022979,1.91318104187365
3022980,25.077059579478373
3022981,18.171515845182842
3022982,1.523783804977373
3022983,208.7693983092957
3022984,1.5310735879861341
3022985,4.400369619630248
3022986,6.39715251679153
3022987,49.598840446471335
3022988,2.0144716829485008
3022989,107.93110832433705
3022990,221.26969615481357
3022991,4.9371478819585235
3022992,5.330569470407242
3022993,168.76641969398366
3022994,47.195113750105826
3022995,1059.2364410854632
3022996,2.397087551878995
3022997,4.7842933021414655
3022998,9.351282630098364
3022999,3.5820399949179595
3023000,16.850484276450878
3023001,431926.01024224056
3023002,3.536960045377334
3023003,995.3423847079722
3023004,26.32217442914557
3023005,1535.6500575160662
3023006,1764.9071650288852
3023007,386.37412327290497
3023008,428.48295435620224
3023009,259.90579220059635
3023010,10666239.647377945
3023011,72.54516545903478
3023012,5.6281496790605425
3023013,39.151413521018846
3023014,53.630572757591665
3023015,4.508034342874291
3023016,456.21996841687286
3023017,32.668542838495526
3023018,44.25887067501322
3023019,26.156199177853296
3023020,165.59215172911482
3023021,26.206680025309716
3023022,623.6002075711026
3023023,574.7826291454684
3023024,20.21477965891113
3023025,24.556820625966385
3023026,903.0377908148782
3023027,181.33038241482743
3023028,1896660.0436952827
3023029,5.523890224370157
3023030,82.82172299861791
3023031,1.5648265920767348
3023032,0.47003568872189094
3023033,0.951925769590951
3023034,1290.863530819643
3023035,0.4612426390887636
3023036,151.69078187721547
3023037,1.8782891617657413
3023038,711.3007302063414
3023039,283.2773404681682
3023040,115.66759237713848
3023041,184.64824373787863
3023042,33.47630742676758
3023043,4190.144852376027
3023044,4.401895501614559
3023045,0.6582749802463065
3023046,7.738136756046713
3023047,5.145329742975228
3023048,0.6514843558229159
3023049,129.75786320812702
3023050,0.7097027012672785
3023051,11.594800192393267
3023052,2.179228921516474
3023053,30.440505777833206
3023054,1.0606340712622564
3023055,45.332894638575766
3023056,103.80671248482555
3023057,1.5020140390487504
3023058,2.5896472407290343
3023059,81.49369141179533
3023060,16.072574335129826
3023061,512.6223157499126
3023062,1.1733447594501172
3023063,3.861833454387067
3023064,5.946798420610847
3023065,0.7751106334596098
3023066,2.7718446048868084
3023067,3136.914471176314
3023068,0.8716699215387501
3023069,508.2108732137002
3023070,6.810909413669767
3023071,1070.7570541346406
3023072,726.4633939816418
3023073,214.53016841949565
3023074,332.70776844248326
3023075,53.06865243652215
3023076,466193.9797771561
3023077,10.109712510825466
3023078,1.1135874368600838
3023079,17.859137587832183
3023080,19.311884105531014
3023081,1.1171761052739
3023082,230.4325501157984
3023083,1.4703741993165038
3023084,6.211144717210775
3023085,6.771970876137064
3023086,13.994739368195944
3023087,1.8093616638445083
3023088,272.27145583567835
3023089,241.72912118705904
3023090,4.0601758974936635
3023091,5.788373324233648
3023092,109.17923930151225
3023093,46.289733663823995
3023094,999.2493185755777
3023095,1.792808678822512
3023096,4.101795498029264
3023097,1.08913835242013
3023098,0.4050190661424047
3023099,1.5363408073554425
3023100,964.9935960350588
3023101,0.43058610598918845
3023102,123.01037478804666
3023103,2.376288876180821
3023104,568.8149520179844
3023105,158.38084308638318
3023106,78.7889942493596
3023107,336.6797768244456
3023108,12.640066194049194
3023109,2888.2904650746086
3023110,1.8839894917098978
3023111,0.5931606734493826
3023112,5.138559193587071
3023113,3.7667204667579877
3023114,0.6077767889189071
3023115,99.47553261263472
3023116,0.584661768987441
3023117,10.229725364548766
3023118,0.9477176043931244
3023119,18.01452791932054
3023120,0.708754145592779
3023121,58.29680763061378
3023122,79.10535101912846
3023123,0.8473413429454931
3023124,1.0121236324214296
3023125,42.22443800144413
3023126,8.777142936815768
3023127,171.4493918037912
3023128,6.674436426114106
3023129,1.2011525724982757
3023130,5.052586455209291
3023131,0.48262411840143205
3023132,1.8282509019421458
3023133,1898.8629230896468
3023134,0.514994137932689
3023135,216.19053684182043
3023136,5.319903840605197
3023137,900.5323333285627
3023138,422.4375265848091
3023139,156.64423080237503
3023140,317.1455487554558
3023141,45.48901337526055
3023142,17378.721836650486
3023143,3.6254921158548843
3023144,0.8005068471652166
3023145,20.13105560125793
3023146,15.147680821890344
3023147,0.7413229738102546
3023148,195.34393684910717
3023149,0.7028027636194002
3023150,11.608252809789647
3023151,9.018706969318325
3023152,26.569061397494313
3023153,1.2106462277646721
3023154,184.78206500216254
3023155,201.6989690746667
3023156,1.4971714121416944
3023157,2.9564931076715815
3023158,158.03228658214908
3023159,24.332912585718383
3023160,999.0359494899416
3023161,9.063545008876511
3023162,1.275834898277376
3023163,2.8658855647566854
3023164,1.2924807097766855
3023165,3.0118407799838947
3023166,2044.6988549164307
3023167,1.3586452929259287
3023168,654.9478076805106
3023169,6.935322655723128
3023170,911.8420719918736
3023171,647.3046342223086
3023172,212.87144489977436
3023173,159.46131749738473
3023174,50.04759427625346
3023175,167479.94050634155
3023176,7.659445499046095
3023177,3.767910943729417
3023178,21.795171055101644
3023179,30.062122389619518
3023180,1.7412505427954788
3023181,178.76959364376125
3023182,3.239583355091885
3023183,5.335275134732735
3023184,4.138587951115422
3023185,24.53014813338312
3023186,2.5323245072241227
3023187,135.1324529617635
3023188,247.52207360194706
3023189,3.425136980245333
3023190,5.455830703972768
3023191,122.03685936340077
3023192,27.46102785130981
3023193,618.3944009108444
3023194,3.551901231060417
3023195,3.17164008008769
3023196,2.5622730272225014
3023197,0.3694280023309477
3023198,1.0788367618408543
3023199,1265.284994160897
3023200,0.3928215528153959
3023201,105.12995273518801
3023202,2.03781411639968
3023203,519.8586537608466
3023204,172.06158813103823
3023205,96.29764346788463
3023206,199.1524269219259
3023207,31.160704477975784
3023208,4119.702499402728
3023209,3.67826318832842
3023210,0.6440727337162574
3023211,7.605150341243814
3023212,4.482452165953175
3023213,0.5452363133599408
3023214,105.68114687813252
3023215,0.5366427214227217
3023216,10.754749761078019
3023217,0.8855958288025346
3023218,30.838979130352477
3023219,0.7976021105745331
3023220,154.15936566109184
3023221,87.70062772270578
3023222,0.8940001436448428
3023223,0.9804404315321966
3023224,42.75541043562553
3023225,13.729233403953018
3023226,326.6277591982853
3023227,1.8749058455420489
3023228,0.9292257748382207
3023229,3.5816891016756145
3023230,0.9774226811976174
3023231,2.1273972506004375
3023232,3600.2220375189936
3023233,1.1247723866262669
3023234,487.92296229526585
3023235,6.775687970241796
3023236,879.3009958461163
3023237,665.3365193851514
3023238,188.37186519869437
3023239,151.51547590572272
3023240,44.64498479819912
3023241,146745.04691204647
3023242,6.030865700708607
3023243,1.455780922520348
3023244,27.995242398945027
3023245,11.64579494280415
3023246,1.426479849832506
3023247,191.2631738093785
3023248,1.4458446014297988
3023249,15.658045196178685
3023250,4.295011468368743
3023251,35.19480378045606
3023252,1.90048918598067
3023253,167.63178239670168
3023254,197.96824173703357
3023255,3.0875061524756164
3023256,3.7021421802194343
3023257,104.55910865743861
3023258,28.166578146373567
3023259,1026.847278884573
3023260,1.748179617726389
3023261,3.1328820981034857
3023262,3.829346288815218
3023263,1.087458382224713
3023264,8.20696628304733
3023265,2153.4048192279815
3023266,1.2281623492213247
3023267,493.5904644072766
3023268,6.477904740662611
3023269,799.3893431405731
3023270,779.8255659770236
3023271,167.69832027440785
3023272,105.57671379353636
3023273,92.31470573193975
3023274,17062.019182715627
3023275,31.826401032259234
3023276,1.9402791127453018
3023277,21.426521140999046
3023278,26.70407395361654
3023279,1.5332836896686444
3023280,205.63975603037093
3023281,19.780615823877945
3023282,18.051885552983116
3023283,4.523198770170662
3023284,81.23899703489697
3023285,8.474918948172085
3023286,167.62262952174137
3023287,246.8793537692355
3023288,9.082140892333856
3023289,10.389743803424196
3023290,200.49601000106597
3023291,50.444286160282125
3023292,3005.6861110276377
3023293,6.73786546545063
3023294,8.369320164761925
3023295,5.314871279450709
3023296,1.0866545407471129
3023297,8.574360943134232
3023298,2234.6718096708264
3023299,1.255595174474742
3023300,449.86002112489297
3023301,10.441990905052998
3023302,846.5326208473863
3023303,695.2395036847266
3023304,164.0134088386971
3023305,67.03952465005727
3023306,68.18131836330643
3023307,30828.30378877989
3023308,22.880868057563017
3023309,1.9030038223206913
3023310,35.19141025282768
3023311,59.57060480984666
3023312,1.5696168693573693
3023313,252.24289523754666
3023314,16.552472029297217
3023315,12.566947143240675
3023316,8.5039545352889
3023317,64.6909564234585
3023318,10.470003972009732
3023319,144.86181921256008
3023320,344.9908210519292
3023321,6.4111778769962315
3023322,9.378352069793259
3023323,98.81471267739691
3023324,59.63717158622851
3023325,1878.7041367684678
3023326,9.8919956890299
3023327,16.209803905142877
3023328,5.906394886762193
3023329,0.7737163841351588
3023330,4.702544285994816
3023331,3326.273722346694
3023332,0.8396565121982966
3023333,623.3287666296895
3023334,4.622808486957673
3023335,1240.453078866532
3023336,710.3119241317715
3023337,203.36463348787407
3023338,1005.43615886396
3023339,51.789578395925645
3023340,680050.7628167619
3023341,35.49298542991851
3023342,1.6337066140968974
3023343,15.073198634980496
3023344,18.54458633603423
3023345,1.0841080547083828
3023346,348.84267514398164
3023347,4.272832488338987
3023348,10.265988712744301
3023349,9.32350774904729
3023350,28.777134543304022
3023351,4.0968721098531
3023352,143.32551618201293
3023353,266.5912281577708
3023354,5.621871222684915
3023355,7.774137634408549
3023356,195.34337509879728
3023357,40.423810885903755
3023358,1360.649653829445
3023359,25.78537894764729
3023360,11.764463179368395
3023361,3.47690864699665
3023362,1.138677360381461
3023363,5.941982625529227
3023364,1888.392745601072
3023365,1.268683540045186
3023366,319.8827114668253
3023367,6.58266292521443
3023368,686.1193675467671
3023369,703.2026067424089
3023370,223.8223668356595
3023371,108.59052777621788
3023372,67.43664337438153
3023373,12946.031430665671
3023374,21.70058516661869
3023375,2.0396107040338602
3023376,15.150969523079048
3023377,9.699295157148242
3023378,1.6216857694544338
3023379,175.886978176073
3023380,13.001890916442944
3023381,14.616360666701052
3023382,3.0616004505398626
3023383,49.20905998855286
3023384,7.2157328733711115
3023385,275.856891926546
3023386,201.54219410518934
3023387,6.022073253334023
3023388,7.166372738669908
3023389,298.4389883257566
3023390,39.18126139182194
3023391,2268.856770641646
3023392,9.951401551596508
3023393,23.20060818387165
3023394,2.0966723086238046
3023395,0.6907470803955443
3023396,4.961682884335059
3023397,4939.736290132518
3023398,0.805449311402943
3023399,374.9709756455935
3023400,7.598364244154372
3023401,1364.7002064533822
3023402,649.5805601264009
3023403,243.13461591821562
3023404,208.73727210765313
3023405,53.63376743337056
3023406,2260540.005990961
3023407,7.031614628731182
3023408,1.6947364366450253
3023409,29.124035920833762
3023410,17.870425444553383
3023411,1.0403033709020546
3023412,371.37274213994215
3023413,1.0286421173153033
3023414,2.676838611786003
3023415,6.4354453506674965
3023416,23.833524169966555
3023417,2.034437304372331
3023418,105.78312619138116
3023419,281.4450706253182
3023420,3.366712951235584
3023421,8.679044267272317
3023422,141.73520424159543
3023423,38.69967818957407
3023424,1054.653981795122
3023425,9.593850927525883
3023426,4.6373103150031385
3023427,5.182770556914276
3023428,0.6474300303163492
3023429,7.2210182407377586
3023430,2141.889475832186
3023431,0.6778052807985115
3023432,515.3927417333528
3023433,7.129635567353844
3023434,878.9871509872515
3023435,705.317798916931
3023436,196.53017679352075
3023437,112.51874925639669
3023438,85.05720511433029
3023439,18644.797505655748
3023440,30.134720795499565
3023441,1.185760226694616
3023442,20.310633740441663
3023443,31.188202199088447
3023444,0.9027506941694038
3023445,218.0054354967158
3023446,12.118444428897051
3023447,11.964790941241073
3023448,6.933758145930176
3023449,53.18739396719061
3023450,8.893369256740181
3023451,169.06906449819502
3023452,304.39986008961756
3023453,10.486889642511915
3023454,9.988224738066297
3023455,160.30642830910494
3023456,41.938356712511926
3023457,1915.7274763868124
3023458,1.4062657135344034
3023459,5.083646326279489
3023460,2.225464624066045
3023461,0.8569511612663212
3023462,4.235319021495515
3023463,1891.160786573813
3023464,0.9576223515694403
3023465,482.862421238596
3023466,5.489446414727681
3023467,681.8397104037654
3023468,750.7708193301341
3023469,171.35588020478627
3023470,107.57720815625538
3023471,80.31920279834522
3023472,8964.41398388593
3023473,24.12726484220176
3023474,1.4221475702518365
3023475,16.17153172557973
3023476,17.101610230994414
3023477,1.200064775012343
3023478,192.61942399887766
3023479,11.977761224796234
3023480,26.78237426104903
3023481,9.86888961311585
3023482,50.068721796857474
3023483,9.190000976784322
3023484,170.4209193932406
3023485,198.95171375160936
3023486,6.291396045751959
3023487,7.841453697351314
3023488,169.57900826937131
3023489,39.80700664925458
3023490,2424.9750623804275
3023491,1.4603836730269408
3023492,13.17232603296463
3023493,4.936862245736441
3023494,1.151509363223769
3023495,3.7861026443112586
3023496,9333.466418026674
3023497,1.2904895548994466
3023498,557.8764756137256
3023499,12.288389253997297
3023500,1103.7884878427308
3023501,797.7509893550554
3023502,262.86408791903216
3023503,330.1789755245845
3023504,53.61902971817037
3023505,387750.81595037604
3023506,9.629433480347984
3023507,1.570852295523478
3023508,14.79448564418949
3023509,16.908382730633722
3023510,1.6207446702989368
3023511,239.5989587203747
3023512,1.6453588375465809
3023513,7.0868067073785275
3023514,3.3031079800496586
3023515,56.86358639956717
3023516,4.364703490006294
3023517,169.2124603669718
3023518,261.3121809600054
3023519,3.7791951684506087
3023520,2.776973903946454
3023521,164.91914790849592
3023522,98.20390661571798
3023523,1086.9101602231176
3023524,3.0233815337772394
3023525,2.178540544702405
3023526,15.990383327975486
3023527,3.0458290295303048
3023528,20.533664079030643
3023529,6694256.334216269
3023530,3.346195960125265
3023531,1250.493167294116
3023532,22.587920025723335
3023533,1920.9066644457876
3023534,2209.0758737246024
3023535,632.1084292961827
3023536,533.6961885876447
3023537,332.99716565388576
3023538,171172816.5377933
3023539,64.02773849729834
3023540,7.4916672501969614
3023541,83.76536650437865
3023542,108.62827941297306
3023543,4.218351054362751
3023544,611.6831555932672
3023545,45.694730653440246
3023546,25.88995027432119
3023547,37.599594052072206
3023548,224.22215162175513
3023549,25.010405902778757
3023550,716.8389029649284
3023551,659.1551493276706
3023552,32.335183437134354
3023553,33.581709092651174
3023554,869.9521324598768
3023555,254.99577819294868
3023556,17262963.356163528
3023557,403.62325525948756
3023558,88.81710561099239
3023559,13.393026788593428
3023560,2.1079648782244322
3023561,14.451038443790697
3023562,2347218.6685821274
3023563,2.3517245905553557
3023564,1016.4964379977065
3023565,22.715702447870783
3023566,1945.1422007329725
3023567,1757.8850722409356
3023568,735.256789961677
3023569,323.989587014712
3023570,236.061306489273
3023571,367347004.5035274
3023572,91.78171780431751
3023573,3.435978477574996
3023574,51.12615723996778
3023575,85.0134417901509
3023576,3.250516160434479
3023577,628.6024216803775
3023578,39.661956429130804
3023579,29.021304621885065
3023580,31.943976236125497
3023581,184.56201412045186
3023582,16.206720390086428
3023583,854.4385513130513
3023584,791.7999998419433
3023585,20.379955503481312
3023586,28.428291435247715
3023587,922.7403321333231
3023588,192.41220099929518
3023589,371417.6468473227
3023590,453.15641183421684
3023591,85.00683094237249
3023592,9.391058643208725
3023593,1.9319148182750214
3023594,18.278723044112997
3023595,62356.37694014331
3023596,2.0788971010074238
3023597,817.4339710830161
3023598,12.19224417382075
3023599,1735.3189521348572
3023600,1309.0835699264042
3023601,804.486887077106
3023602,111.28568787860728
3023603,203.51915659995836
3023604,77202121.5860338
3023605,37.480139223638474
3023606,4.775799395302851
3023607,34.61003071774859
3023608,32.737071800833824
3023609,2.804532151070205
3023610,563.3921114063219
3023611,32.2891086582983
3023612,23.881601152704313
3023613,11.37573613305552
3023614,88.81862287961302
3023615,9.292899761882655
3023616,801.1430179815684
3023617,732.2973592940772
3023618,20.54306875183878
3023619,39.60730320603595
3023620,692.5817304418994
3023621,121.07422590063285
3023622,7823.771683775535
3023623,281.6612470192607
3023624,37.48680313535815
3023625,12.674499091267668
3023626,2.3850654894546035
3023627,19.65026544306214
3023628,779174.709778522
3023629,2.535527664230972
3023630,1023.8296116756447
3023631,15.24756084404325
3023632,1818.265966682125
3023633,1672.2661465380345
3023634,710.7879330632069
3023635,286.3827680405557
3023636,184.53629435053776
3023637,110945229.0096438
3023638,43.80804547358771
3023639,3.803095967320152
3023640,58.07396905143403
3023641,72.94514866544611
3023642,3.600143266775609
3023643,566.0026735348865
3023644,44.37722294724728
3023645,30.377203914948183
3023646,67.08059289215592
3023647,148.91892106593036
3023648,14.052108460555546
3023649,716.758528932806
3023650,781.5538162905001
3023651,21.632270941048482
3023652,23.998428088064504
3023653,931.7571866904221
3023654,177.4118346063005
3023655,154590.45800145873
3023656,475.5702294317716
3023657,69.75548999991967
3023658,11.291657153491201
3023659,1.3441433926767825
3023660,18.073593891266956
3023661,10060.212716993285
3023662,1.4392602446086924
3023663,767.7269176373981
3023664,12.34502984272949
3023665,1564.2510462941063
3023666,1042.0825116634683
3023667,664.4474325703997
3023668,95.75013225707356
3023669,115.91209033651157
3023670,13406324.11550077
3023671,28.695741581423572
3023672,1.8722113482757
3023673,28.101968751361177
3023674,77.54893894146373
3023675,1.8768340191188515
3023676,532.6543143328914
3023677,32.25289496974454
3023678,11.436580671801115
3023679,21.707773951403254
3023680,87.80157910028133
3023681,6.323425734474451
3023682,711.3805552472138
3023683,718.9633764333845
3023684,15.860801078346366
3023685,24.026137831553946
3023686,694.1981031042023
3023687,71.61009170607745
3023688,2536.0466563177306
3023689,406.2051186352621
3023690,19.59285559922694
3023691,9.248044383002433
3023692,1.0932436990091055
3023693,10.974258955565599
3023694,66109.67222805829
3023695,1.2795220599312531
3023696,1021.683751664946
3023697,19.22139303578512
3023698,1440.9795358367655
3023699,1676.5786656715125
3023700,481.6976291623722
3023701,411.7737341527528
3023702,264.88071778862724
3023703,4590647.273710736
3023704,54.48529455312926
3023705,2.7720929859857657
3023706,39.830488223413084
3023707,50.336038235227306
3023708,1.787213792798393
3023709,435.64688692615124
3023710,15.572190693326114
3023711,23.567162338209332
3023712,12.925729607547376
3023713,187.10668995486787
3023714,17.879409235900745
3023715,695.4420910140292
3023716,578.3862681026422
3023717,15.975475503027855
3023718,29.661201125332354
3023719,840.0229321770458
3023720,179.5653478932251
3023721,1174623.2825219703
3023722,254.75300865429278
3023723,79.15227459008806
3023724,4.292826346917117
3023725,0.986635218009121
3023726,5.832222990597991
3023727,1520.7932158875672
3023728,1.0538294915229682
3023729,317.52284210399165
3023730,16.781187442462674
3023731,802.2147191483975
3023732,536.5781383996285
3023733,217.81046492777523
3023734,69.28476081943906
3023735,59.993560446822926
3023736,9448.260376611306
3023737,32.63869392655172
3023738,1.7170866255047517
3023739,22.204711996948554
3023740,20.584347718121617
3023741,1.3743175403247694
3023742,191.98195449517019
3023743,8.816974947953685
3023744,6.232875991749808
3023745,9.184114824722613
3023746,46.809465026651836
3023747,5.597774944415545
3023748,216.29371397112405
3023749,220.16237949568145
3023750,3.9043195447933883
3023751,5.939977107924067
3023752,165.83117713244013
3023753,46.971185908772014
3023754,1338.4893469515005
3023755,1.723930827279324
3023756,9.580229664714897
3023757,8.05655403608288
3023758,1.23350137128398
3023759,12.475181283200264
3023760,4990.317388729602
3023761,1.316326923118916
3023762,584.5426533885227
3023763,23.039702545652556
3023764,1277.091159055437
3023765,995.0146987882042
3023766,515.6196153290673
3023767,95.17457817706772
3023768,101.71309694931752
3023769,623622.3204176477
3023770,53.38232981743151
3023771,2.636866234425163
3023772,41.075315498732614
3023773,33.65660208516825
3023774,1.7050227791407213
3023775,366.1456886098818
3023776,16.766582353178368
3023777,7.686277685408677
3023778,5.175013664241054
3023779,91.44328096407395
3023780,8.361566186150858
3023781,506.03687025192147
3023782,558.3999155891612
3023783,9.69712513295926
3023784,21.33390342332454
3023785,346.1580113076931
3023786,62.34159584830493
3023787,3012.207962638442
3023788,305.38704800084327
3023789,11.760943909649189
3023790,4.809191275383247
3023791,0.6109643500657861
3023792,3.2771006316265785
3023793,4950.2014056897115
3023794,0.6863012490595777
3023795,806.7113934298904
3023796,6.269631933181216
3023797,1123.9312631678786
3023798,1238.7503226146287
3023799,209.85729167336615
3023800,284.4315252285245
3023801,183.27930334021667
3023802,72746.52828604027
3023803,34.67209130466133
3023804,1.1665494025775702
3023805,35.721610115891096
3023806,32.731757021090225
3023807,1.004270255126514
3023808,253.14654433443508
3023809,2.2650039428787108
3023810,29.699707880090063
3023811,4.590457972741492
3023812,111.59067161953466
3023813,8.216886836795684
3023814,540.4749396604557
3023815,255.08301528242066
3023816,16.703249584103407
3023817,8.577627798156655
3023818,611.7919326360783
3023819,104.31690472653115
3023820,37043.11713570754
3023821,2.0114729466842007
3023822,36.71869015287186
3023823,8.161862710199394
3023824,0.872725238190323
3023825,10.582850749724082
3023826,4513.315383738731
3023827,1.0351736556585671
3023828,747.4956992091438
3023829,9.346258484784677
3023830,1186.7663761098204
3023831,966.4790692317225
3023832,322.24029024626753
3023833,168.15918251756037
3023834,235.92616598678677
3023835,307587.10801196116
3023836,38.30808382021437
3023837,3.6430994530173066
3023838,43.833779199252305
3023839,44.69446645715623
3023840,1.377774944685167
3023841,272.015965506609
3023842,7.195068973881629
3023843,40.75439805742638
3023844,7.7429323227968325
3023845,188.62392965339114
3023846,7.3870620424095925
3023847,389.86686029836886
3023848,338.9669275743284
3023849,11.91982062715335
3023850,21.2572015852602
3023851,426.2585589103021
3023852,106.46277831919005
3023853,14662.657457098223
3023854,3.24794029065359
3023855,8.81959498264893
3023856,5.853573653616124
3023857,0.6334568155980079
3023858,5.52749557550942
3023859,1692.8412167575204
3023860,0.6687804107566402
3023861,476.30011669510577
3023862,6.117998072036035
3023863,850.713070773134
3023864,517.1674894622398
3023865,234.56796533128286
3023866,74.2093892941865
3023867,81.20613706614434
3023868,7305.930483861561
3023869,13.442723373363618
3023870,1.2311984610191864
3023871,23.943107208462894
3023872,26.61456698293269
3023873,0.8753323255107536
3023874,174.59250050259502
3023875,4.682251632637249
3023876,7.822991218294692
3023877,5.243116141469952
3023878,48.27482968174177
3023879,3.178571268157595
3023880,208.79754962663256
3023881,194.67896610200856
3023882,4.164947539706153
3023883,4.468602449246767
3023884,144.48233091827424
3023885,48.16072495052073
3023886,1568.6689221637168
3023887,1.2737211606472403
3023888,3.4018845564205877
3023889,4.309510751763647
3023890,0.4422195366966632
3023891,1.4757325540830872
3023892,3190.5646085500753
3023893,0.47355973130354245
3023894,230.20424386706506
3023895,2.9207913781629076
3023896,1026.8830766003477
3023897,243.23551430891007
3023898,203.73331598513468
3023899,82.79435394129993
3023900,27.484903033501205
3023901,24832.60999869306
3023902,5.33975390304332
3023903,0.8319736791773787
3023904,16.523388569475973
3023905,6.508401396904769
3023906,0.6729296194606913
3023907,196.95130385212633
3023908,0.6417474152420185
3023909,14.518698386994284
3023910,4.728926316821506
3023911,15.507132620335192
3023912,0.9308125034692243
3023913,40.58265830087627
3023914,183.10740652108862
3023915,0.7548963592326601
3023916,1.954790420706877
3023917,49.72549186875074
3023918,63.29014820833489
3023919,586.1992779207225
3023920,11.345676295093503
3023921,1.589789352951729
3023922,5.248157421496677
3023923,1.406612044448195
3023924,8.545908763450417
3023925,3853.695846269834
3023926,1.613362540661039
3023927,538.5391997231808
3023928,13.558212423595338
3023929,984.3556178610795
3023930,885.5872630320981
3023931,289.74009327172337
3023932,146.61067575255467
3023933,102.89564245598515
3023934,139944.84726894987
3023935,31.52595757195967
3023936,2.169420418059244
3023937,28.645806070467703
3023938,54.98164294661034
3023939,1.937768753343465
3023940,285.7955828740924
3023941,17.535155707857605
3023942,15.62336497099537
3023943,13.106947211412079
3023944,73.52918474374638
3023945,6.401782369168189
3023946,419.55302314894766
3023947,347.6457463863055
3023948,8.741061265288668
3023949,12.670950372375023
3023950,478.2101459297438
3023951,62.45655105772152
3023952,3062.9985269135746
3023953,12.848784257953167
3023954,32.69571174134286
3023955,4.893339742902396
3023956,1.2930656977708403
3023957,6.175773884143867
3023958,3658.418479326412
3023959,1.49271125947099
3023960,618.2624011794535
3023961,14.61331849166118
3023962,903.18797756615
3023963,1084.269368829901
3023964,212.764550586927
3023965,229.57366316641162
3023966,159.44400215058792
3023967,26655.133289865753
3023968,25.191789001751232
3023969,3.6749553735984946
3023970,35.092007978365345
3023971,23.89549930860882
3023972,2.0836789110920906
3023973,224.1369919418691
3023974,10.499720745329576
3023975,32.85186097159679
3023976,8.473488401916072
3023977,111.18322316843684
3023978,11.849474463337371
3023979,405.4803209190455
3023980,277.9828420387049
3023981,6.792929525662343
3023982,12.487813637620812
3023983,558.4097304169626
3023984,108.80516899274056
3023985,40368.55077501268
3023986,2.2290869159365903
3023987,34.57949260142857
3023988,4.682988760446989
3023989,2.5210409404388376
3023990,13.688422101798379
3023991,10044.684084957373
3023992,2.64546400982811
3023993,748.8769595130702
3023994,17.79095497795251
3023995,995.9794543498266
3023996,1171.2693917042932
3023997,278.2630353109232
3023998,232.52578291091947
3023999,118.82774328802766
3024000,210298.07304674812
3024001,32.45142008337759
3024002,4.286413738550564
3024003,38.070900109443166
3024004,46.339591430385305
3024005,3.292419926764002
3024006,276.3328131662468
3024007,22.950088851029722
3024008,28.620450575733674
3024009,26.15822635693565
3024010,109.23529198665052
3024011,17.449470148444913
3024012,383.783198600427
3024013,268.3756974429156
3024014,17.835645701663953
3024015,18.23682228047547
3024016,524.7973625841407
3024017,107.08386717244603
3024018,63282.0177981145
3024019,4.181939497869474
3024020,35.728274402801084
3024021,8.441804590811131
3024022,1.1459621020057216
3024023,10.58887366164844
3024024,3859.5145680878722
3024025,1.1944297408933688
3024026,501.9735800683738
3024027,12.305914238568445
3024028,1429.8914138282532
3024029,898.0787547538138
3024030,553.9939165309548
3024031,234.88989992375042
3024032,74.046897963499
3024033,9861740.705480939
3024034,10.276343991743476
3024035,2.0691591086887255
3024036,41.27615057319898
3024037,34.29522015834517
3024038,1.5006493681858697
3024039,418.04400792473683
3024040,8.902936327555388
3024041,3.9139230332434725
3024042,10.575301506060873
3024043,36.777916080339075
3024044,2.964626237406599
3024045,273.93505143603005
3024046,446.3500603246405
3024047,6.734486379492711
3024048,5.7775720111334365
3024049,360.1834432246372
3024050,93.61428398272093
3024051,1311.011514168284
3024052,110.4141065727941
3024053,13.588935784173167
3024054,4.15568605385527
3024055,1.6664542200039238
3024056,4.881108574246519
3024057,1842.6739848719974
3024058,1.8613774292525846
3024059,303.97934755708235
3024060,7.5103641595297645
3024061,581.8244113332881
3024062,586.7736389116734
3024063,138.828554707722
3024064,100.77578111602482
3024065,102.35021360199771
3024066,5408.471071035879
3024067,14.453008997306341
3024068,2.6300395378851933
3024069,18.41337503410355
3024070,22.45404267691097
3024071,2.2102111403878544
3024072,160.60840943813176
3024073,10.682263354227864
3024074,13.724738225162511
3024075,8.15224243393965
3024076,77.23316103537705
3024077,5.965241540263595
3024078,231.11582558613839
3024079,151.0616564217701
3024080,5.050365095329882
3024081,8.099978124817765
3024082,246.83966916564188
3024083,48.659345559291715
3024084,3150.201783370078
3024085,13.132631652916155
3024086,29.02887633422018
3024087,1.008514777768284
3024088,0.5765253049033251
3024089,1.4420722946896556
3024090,1093.3840542422984
3024091,0.6105335917169739
3024092,97.63884723957462
3024093,2.8368976689224077
3024094,747.6628927160125
3024095,276.4390348393505
3024096,215.20736081939802
3024097,38.02388404515667
3024098,25.707014537674517
3024099,10108.579607453488
3024100,4.517304252828875
3024101,0.7935836009768602
3024102,6.052616522351956
3024103,5.710633818779641
3024104,0.8257241163699859
3024105,140.98664392633623
3024106,2.160203675933989
3024107,8.788014386386177
3024108,1.354601675454849
3024109,7.195657253631886
3024110,1.0155779919837011
3024111,136.0738167186774
3024112,163.47813408201958
3024113,1.1557225059232232
3024114,2.5649789694351495
3024115,106.91439831752976
3024116,18.01987587554822
3024117,306.62733721221275
3024118,8.079564019752915
3024119,1.5186659172506842
3024120,7.172986179617732
3024121,1.4682059761788921
3024122,5.14492686052406
3024123,11891.287375756488
3024124,1.5972660827222493
3024125,583.5761145988856
3024126,10.754413527487708
3024127,1537.3283170486063
3024128,754.0215387313772
3024129,540.5708291703023
3024130,248.83377513925188
3024131,68.97906252228488
3024132,13837552.814968579
3024133,20.763646362218317
3024134,2.095929576090928
3024135,23.202110649680815
3024136,16.77490857906375
3024137,2.034146670780402
3024138,432.29685163576585
3024139,6.191010072829948
3024140,3.666128055737884
3024141,9.266508497889822
3024142,31.242714513661074
3024143,3.0135763820862174
3024144,584.1790002940028
3024145,417.89987371077575
3024146,3.425962694118824
3024147,12.629288912774133
3024148,405.37695659358303
3024149,87.78301194943434
3024150,2077.897394964355
3024151,76.15199597421785
3024152,9.317416021595722
3024153,4.577218136490734
3024154,0.772928069158407
3024155,1.5348936849258012
3024156,1226.2948559862398
3024157,0.8154490889407053
3024158,159.6706703342163
3024159,7.954412243040617
3024160,835.7599469729521
3024161,415.5336540911697
3024162,196.4402073769819
3024163,44.14259157373959
3024164,33.97159500230772
3024165,10526.196125269438
3024166,6.235833422070034
3024167,1.1408457757457864
3024168,10.637894820096067
3024169,15.5433795072227
3024170,1.1075489256557431
3024171,153.84611680453682
3024172,4.899888969042315
3024173,12.678609863113262
3024174,24.473496416849507
3024175,25.417913684486294
3024176,1.5695395445310651
3024177,131.46364562381558
3024178,168.9016703869318
3024179,1.9500204320428098
3024180,5.976447536015829
3024181,119.57143528933082
3024182,25.144498005024662
3024183,386.35169367191935
3024184,11.364730817620853
3024185,3.263114977875536
3024186,3.069378459998398
3024187,0.6244657067136973
3024188,3.151866619456479
3024189,1153.993528372875
3024190,0.660833538517066
3024191,114.87828145462208
3024192,4.377604389019362
3024193,775.8106875240646
3024194,248.23462072332802
3024195,142.12655226712684
3024196,35.744670520450185
3024197,26.018224107471784
3024198,7671.506257104305
3024199,9.230932529587296
3024200,0.839153576323407
3024201,10.78054700120941
3024202,5.983452644727439
3024203,0.8660934511507001
3024204,129.11726227355373
3024205,1.483932466158497
3024206,11.433529387765764
3024207,2.3182422801277403
3024208,23.45525760099154
3024209,1.2496548612915972
3024210,143.95855080592054
3024211,173.3214741372709
3024212,1.1666928273943242
3024213,3.764004791393641
3024214,77.64783534143943
3024215,16.452412708710295
3024216,195.49641627850465
3024217,21.927079237922477
3024218,1.6875588896871632
3024219,3.1297850456602614
3024220,0.7170515351240091
3024221,3.6138004158918235
3024222,1150.181423563738
3024223,0.8299454630608394
3024224,139.0080655380979
3024225,6.4714937761866755
3024226,943.7782803781113
3024227,342.6703854211942
3024228,212.01527736870935
3024229,29.82631420216855
3024230,34.51240219312586
3024231,19094.08546294153
3024232,5.274537843466684
3024233,1.0615400987558652
3024234,7.200574417836156
3024235,14.963806349932039
3024236,1.086321848350036
3024237,184.14055190887268
3024238,1.463704257028508
3024239,9.977850604638606
3024240,2.7589061624925213
3024241,12.056592688356398
3024242,1.9811352108532136
3024243,193.62233375445507
3024244,219.43909794507556
3024245,1.611933674010368
3024246,4.229523520836246
3024247,57.36029579576926
3024248,70.7263854896168
3024249,402.8797844790999
3024250,7.100146743550765
3024251,3.416874525430621
3024252,3.977363717567881
3024253,1.4064748318393192
3024254,3.3696988824025764
3024255,1439.8482607990825
3024256,0.8666713929728023
3024257,130.32867055950854
3024258,2.3970056565879707
3024259,874.0367060845319
3024260,370.399747587328
3024261,199.3754723208769
3024262,81.92159822567173
3024263,49.1747885794642
3024264,32883.29289665106
3024265,4.834137448185247
3024266,1.9044303139838081
3024267,10.801574420084698
3024268,17.36236482857871
3024269,1.1517610867729238
3024270,188.82531109665274
3024271,6.583174752009424
3024272,9.966628190426345
3024273,3.03095949384446
3024274,17.51490856349057
3024275,1.8314049173066638
3024276,108.20845879595699
3024277,181.54640486146664
3024278,1.5720130773051753
3024279,5.159115844493187
3024280,93.42828913575099
3024281,31.71725266014481
3024282,803.4836347701992
3024283,14.168545935030298
3024284,4.455634710683564
3024285,2.826963188900355
3024286,0.48519894802597807
3024287,1.1556379543976263
3024288,1101.423124145326
3024289,0.4591777579194162
3024290,134.0202178830331
3024291,4.0076374347482915
3024292,790.0374001226653
3024293,239.1425170998411
3024294,138.01636376834787
3024295,112.23696916917906
3024296,25.010695969415583
3024297,3289.726873754681
3024298,3.207024508082203
3024299,0.6297160850363259
3024300,8.645468773790995
3024301,10.33345911897521
3024302,0.6489796733962544
3024303,141.26795855632705
3024304,0.6250873967941187
3024305,10.886788808806093
3024306,1.9592669949519537
3024307,23.61536213779502
3024308,1.0644018560171191
3024309,36.83832600017075
3024310,122.76088270550078
3024311,0.9763670633563661
3024312,2.1808770484391378
3024313,51.82017509992283
3024314,27.137831970772158
3024315,701.2098130048406
3024316,10.895965455810426
3024317,1.1065182650856473
3024318,4.044999633045173
3024319,0.8819310686844005
3024320,5.886146563588248
3024321,2183.280497258457
3024322,0.8705753264455118
3024323,259.87174350949743
3024324,4.667703567585393
3024325,1023.4372622450977
3024326,785.2907524215123
3024327,464.6628282909597
3024328,192.78921281910067
3024329,95.14036969068025
3024330,137532.90327074233
3024331,12.295322190298416
3024332,1.916606136244838
3024333,18.4569055429218
3024334,21.17454621816531
3024335,1.1409406317699848
3024336,232.25056255866176
3024337,1.3128093735903983
3024338,9.407616066383465
3024339,10.975911096931279
3024340,25.60130014544488
3024341,3.67537035003245
3024342,216.95670696517655
3024343,227.36629122318644
3024344,2.169610610289916
3024345,6.969433005066431
3024346,312.3287794587734
3024347,44.993503432973704
3024348,1614.9314473428099
3024349,21.78896019695715
3024350,9.77265201443324
3024351,2.734996152054055
3024352,0.5919165684357961
3024353,5.4436016215269785
3024354,1670.4915150633326
3024355,0.6079429011234134
3024356,520.4967605344744
3024357,4.977865331393083
3024358,614.0126410564206
3024359,664.8119052550859
3024360,194.95252776678893
3024361,143.34885310742735
3024362,41.8802024973035
3024363,36480.7846720762
3024364,10.55371221127654
3024365,1.0260280518638347
3024366,17.97255264113229
3024367,14.900514552104163
3024368,0.8651390066743161
3024369,151.42097171428998
3024370,6.463097023297014
3024371,5.800199354146291
3024372,9.197779763318746
3024373,34.70488995961811
3024374,1.4548037952555108
3024375,85.32454469384429
3024376,154.06312031419696
3024377,3.583706200942454
3024378,5.317311144499075
3024379,143.1370992840806
3024380,39.299307060543114
3024381,2554.59956987386
3024382,57.90765329500626
3024383,9.207933186058064
3024384,4.0581008106623075
3024385,0.9380502535369714
3024386,4.304038389069185
3024387,1732.4840657808888
3024388,0.8464965832496248
3024389,143.61143736924097
3024390,4.384499166633843
3024391,845.1624282454109
3024392,318.51698347632924
3024393,269.92721928826296
3024394,49.367283436849874
3024395,34.27895346466632
3024396,35191.30031509769
3024397,14.179093513424297
3024398,1.4916025552606806
3024399,10.720633018583223
3024400,9.268098039718788
3024401,1.1169579074393252
3024402,161.9072622163834
3024403,5.430175338269381
3024404,9.322573962493276
3024405,2.6626414470550595
3024406,35.624462153779206
3024407,2.544342168224615
3024408,112.09352967765332
3024409,174.55983325527714
3024410,1.8719579150010361
3024411,4.843835693189284
3024412,102.07414782121278
3024413,24.05721079882551
3024414,531.0099358822052
3024415,7.361377571634933
3024416,4.3202966165519285
3024417,5.426443910591633
3024418,1.441729587108992
3024419,7.595295608561305
3024420,2521.2703111034407
3024421,1.6736703101711143
3024422,590.9923776527916
3024423,11.92155871376172
3024424,751.5694460051564
3024425,759.2719438783071
3024426,210.2823369147891
3024427,127.3741892663426
3024428,74.7047214622061
3024429,41150.32893858875
3024430,24.030789765463595
3024431,2.874845471462276
3024432,16.18806695678855
3024433,36.38875675819309
3024434,2.0464650863146936
3024435,208.54993974314394
3024436,16.96519044035825
3024437,11.861489499087881
3024438,5.7184402966578265
3024439,59.392542835284125
3024440,7.370662410097947
3024441,411.65227078873556
3024442,223.32891196076764
3024443,8.40476468503849
3024444,7.596308007797525
3024445,374.5002430467205
3024446,85.9523690091778
3024447,3095.3494801789925
3024448,12.812779228291376
3024449,29.975615234360646
3024450,4.975971122700244
3024451,0.6665761896643481
3024452,3.8841862665681077
3024453,4033.9183447095156
3024454,0.7694996379893962
3024455,493.28530696416533
3024456,5.195566168897908
3024457,1064.8310351364935
3024458,821.8101393644276
3024459,682.7950757198738
3024460,85.25705487222709
3024461,59.97187221614251
3024462,1178101.4044984758
3024463,9.871366541515235
3024464,1.929918970661164
3024465,17.85739589715674
3024466,12.805120581494537
3024467,0.97337654743458
3024468,271.40303065731825
3024469,2.237274186669523
3024470,9.37888072530432
3024471,7.871776419462886
3024472,34.90411610139338
3024473,2.1871058038217037
3024474,244.3990335773794
3024475,368.31587263850133
3024476,3.8677932883174972
3024477,5.1163723282973885
3024478,250.30921671363998
3024479,47.73143956561962
3024480,1150.4756586236972
3024481,69.05099364757848
3024482,10.23885117704586
3024483,6.849586305713321
3024484,0.8499955528599221
3024485,3.759750777433193
3024486,2306.3619825702217
3024487,0.5142363899228917
3024488,428.7234273540985
3024489,4.365859233569445
3024490,1105.0414395612663
3024491,678.726322339161
3024492,335.38110284150036
3024493,229.4700744824183
3024494,65.93012796173
3024495,222864.2521841352
3024496,12.127596458216114
3024497,0.8416511959290037
3024498,27.140087779909475
3024499,29.947726557800014
3024500,0.7196094213484443
3024501,289.22118170191993
3024502,2.922027278909081
3024503,5.656737482937444
3024504,7.088153121427464
3024505,48.1927303759896
3024506,1.839102562791902
3024507,95.33820828089924
3024508,250.94266887766466
3024509,2.2478081458507955
3024510,5.9246273175223525
3024511,137.27882035365747
3024512,110.28097404218133
3024513,1599.470564945864
3024514,0.9412204979234506
3024515,4.374708886157279
3024516,3.3679639640472216
3024517,0.4553869742912187
3024518,3.422570479278421
3024519,1318.97259641894
3024520,0.45447521628208176
3024521,110.61745382459081
3024522,4.625551949940664
3024523,654.2068036581572
3024524,271.84150507726315
3024525,133.33808124597573
3024526,33.359850024645844
3024527,39.792200908299485
3024528,12587.874471534038
3024529,5.174089031750886
3024530,0.9300968097537401
3024531,20.1320872385314
3024532,14.520992253617255
3024533,0.6295272391615366
3024534,152.53622278467412
3024535,0.8964418656443414
3024536,10.959835489687222
3024537,4.109269242111068
3024538,58.253532169228784
3024539,1.955260952318917
3024540,74.13748185946142
3024541,147.9810770958436
3024542,1.1749889162721159
3024543,4.359902151467095
3024544,113.88591499929602
3024545,24.709696387463485
3024546,566.2007664318821
3024547,27.691778932154477
3024548,1.1534746298865945
3024549,1.7887341203744103
3024550,0.8441817918702185
3024551,3.8346159470317684
3024552,1249.3753898840307
3024553,0.9557976301798908
3024554,224.57027809615337
3024555,6.773411311960969
3024556,465.59516318645126
3024557,465.1685958254696
3024558,111.10993961888902
3024559,38.65678984821019
3024560,47.02426698657341
3024561,2948.3476073987295
3024562,17.568813078439433
3024563,1.214042502359406
3024564,9.41849309212165
3024565,12.171222521780853
3024566,1.2153296783557366
3024567,113.74118730964693
3024568,9.886935577868028
3024569,2.420474768546219
3024570,7.653406537313437
3024571,36.83082087778347
3024572,4.168897763512212
3024573,488.3238492932048
3024574,149.52333019592703
3024575,3.5987525452196847
3024576,4.695641701831166
3024577,264.9111658932468
3024578,26.9440461260138
3024579,1140.8888699757438
3024580,10.835575625657683
3024581,7.752906430418955
3024582,2.8896013328427195
3024583,1.6872625591153292
3024584,4.5079253108332225
3024585,3302.635689488581
3024586,1.8797567056377322
3024587,700.7154800879766
3024588,12.15245840725203
3024589,927.3243096763297
3024590,1049.8579138929153
3024591,258.7824427723376
3024592,168.87361072046218
3024593,120.6685969899873
3024594,22123.029561727144
3024595,25.36905614690255
3024596,2.409676732473652
3024597,20.41968378254612
3024598,32.95742474215979
3024599,2.3144394301878326
3024600,216.35773420182846
3024601,12.406932485266129
3024602,31.117432446834385
3024603,7.42817633434206
3024604,68.31423354289721
3024605,8.118606126951148
3024606,323.6500286696554
3024607,219.96962660832588
3024608,14.671988306030396
3024609,8.618642556847782
3024610,431.6358007507378
3024611,86.3771331114227
3024612,11858.287049753806
3024613,10.213709587217387
3024614,20.009065341993914
3024615,1.512772196798272
3024616,0.5594171032004955
3024617,2.3136356948288594
3024618,1416.9787856564938
3024619,0.5755453302882352
3024620,341.93443806576374
3024621,4.316303544477364
3024622,383.4860069097311
3024623,565.5556577628737
3024624,144.12136721002682
3024625,80.50331216179703
3024626,58.28512400362574
3024627,1882.1679074331528
3024628,15.994808149089753
3024629,1.4506173567780634
3024630,15.227897124702851
3024631,15.13536231117222
3024632,0.7632804814252429
3024633,72.14609626388827
3024634,0.7720443537030893
3024635,17.106700627728017
3024636,3.2683660162743524
3024637,183.60563590764053
3024638,6.603574733342474
3024639,121.43863132091495
3024640,113.00984258637604
3024641,3.843978051342652
3024642,4.855102717828694
3024643,120.61891522936314
3024644,27.804668315593158
3024645,1046.882471112259
3024646,1.2352388264557574
3024647,5.432341128290199
3024648,1.7598607247477962
3024649,0.5618521847307625
3024650,0.7075224309925606
3024651,848.6441381695299
3024652,0.6416049479287035
3024653,184.84261505963377
3024654,3.3987294701189343
3024655,265.2038825860573
3024656,194.53803156525493
3024657,66.6650556073258
3024658,26.573816330176278
3024659,25.709603250078704
3024660,1373.709429011653
3024661,5.67409261748143
3024662,0.937187432169109
3024663,7.024876837166426
3024664,5.4690198749508125
3024665,0.8549523455315418
3024666,60.2732222404298
3024667,0.8247588168618692
3024668,4.4109953665107895
3024669,1.1053612183167318
3024670,16.089113025403254
3024671,0.951799060697623
3024672,178.04497719631297
3024673,106.12766758754019
3024674,1.7044201152313074
3024675,1.36311507505228
3024676,104.36636173443529
3024677,23.200973311866512
3024678,479.7854445563031
3024679,1.1618818838889682
3024680,1.61005943915417
3024681,5.128842821222684
3024682,1.0682088307465591
3024683,3.5474631105085352
3024684,2504.622499669178
3024685,1.2234357178961066
3024686,603.3437237826462
3024687,11.826868087988213
3024688,774.3017557226918
3024689,858.105216934704
3024690,230.5107448628002
3024691,172.33582392684417
3024692,75.29795610493925
3024693,31949.48580175687
3024694,20.332988203635736
3024695,3.409946355269546
3024696,17.665653923125117
3024697,24.186179610031026
3024698,1.514474914794733
3024699,199.3543445578668
3024700,5.842072597468368
3024701,30.90097105241288
3024702,9.112803553380527
3024703,109.10341238247237
3024704,3.7638197369053596
3024705,209.1123535950524
3024706,211.08459629347925
3024707,7.58084200646764
3024708,7.236830572275874
3024709,313.0949682024808
3024710,50.488365170442876
3024711,3511.016035313847
3024712,2.1052784304783567
3024713,12.389700993014724
3024714,4.799375803812568
3024715,1.0154304673492016
3024716,5.0899773124151295
3024717,4445.769760026085
3024718,1.1810940282170734
3024719,663.4885301106975
3024720,11.471284802441645
3024721,1195.9213735951812
3024722,972.9225490980456
3024723,352.60689517986634
3024724,240.66820893970953
3024725,66.57610094055046
3024726,3923860.217814136
3024727,13.23394706429841
3024728,1.7865137448066326
3024729,24.056431562260645
3024730,16.616676612850778
3024731,1.7380905806045481
3024732,226.1618882226609
3024733,1.520032351287763
3024734,6.547840341863246
3024735,5.647046759781899
3024736,36.917009393784554
3024737,1.958250734504139
3024738,172.97205061388703
3024739,306.8157615455873
3024740,4.811393885537573
3024741,4.9265678400706765
3024742,197.36821741857065
3024743,60.975329868497276
3024744,2107.0906577125584
3024745,2.5549985668798154
3024746,3.2522266572714336
3024747,5.5719423519674045
3024748,1.1033226162056244
3024749,2.8634393500112854
3024750,3266.5865103478936
3024751,1.1432757855583042
3024752,661.5932863224954
3024753,9.618487564691726
3024754,980.7164794115022
3024755,871.8768895152928
3024756,258.1963710105074
3024757,187.39418401814302
3024758,51.703200729222765
3024759,436509.2343369339
3024760,12.17455709551391
3024761,2.3892249133812564
3024762,24.900805500376894
3024763,17.846147482520756
3024764,1.4632568470013554
3024765,217.63503094558476
3024766,1.4719449726441445
3024767,10.574751958345615
3024768,5.962898772002616
3024769,45.17555058410371
3024770,2.3126367882883816
3024771,109.31208494390553
3024772,222.8331743587164
3024773,4.741919118391884
3024774,5.159997057106641
3024775,182.042583363254
3024776,46.2852525706343
3024777,1932.7148016023352
3024778,2.3575150806172673
3024779,5.414102158751136
3024780,9.80480726484578
3024781,3.4948547745222833
3024782,16.975342627516056
3024783,320870.16543980845
3024784,3.4663061470323147
3024785,947.3756693404911
3024786,25.78882448882227
3024787,1437.298797928381
3024788,1638.9041542351451
3024789,332.45378069404234
3024790,398.8839303230479
3024791,263.9444256720909
3024792,8005071.870134661
3024793,59.98493261323982
3024794,5.605992870103485
3024795,38.50781413334294
3024796,55.014352492010346
3024797,4.409167561824203
3024798,472.7841528863616
3024799,28.71638025510358
3024800,41.66235568948622
3024801,25.912918231842696
3024802,163.2732806058263
3024803,23.70531279523116
3024804,613.5934841311572
3024805,573.2866515166538
3024806,20.18795485672523
3024807,23.97916486896552
3024808,836.1668309499508
3024809,195.3380142316983
3024810,1350863.6560830385
3024811,5.497537305235301
3024812,74.20637514701475
3024813,1.4730028662920236
3024814,0.542298098509839
3024815,0.846253337512368
3024816,1295.5427098168643
3024817,0.45789627492865226
3024818,151.31476847672178
3024819,3.4032760603735386
3024820,676.5692946123482
3024821,267.1324231588103
3024822,103.1553839634211
3024823,104.5836541093771
3024824,36.49442120962994
3024825,4398.66316140877
3024826,4.694164361086468
3024827,0.6738650393924637
3024828,10.57996899994702
3024829,4.813261376497262
3024830,0.6473269411359398
3024831,149.6731506348864
3024832,1.1770137587398066
3024833,11.539887131228486
3024834,2.3371301252873837
3024835,27.63314061491331
3024836,0.9091527298104978
3024837,55.324257272714334
3024838,81.69301094241338
3024839,1.2993007462646728
3024840,3.1722056600819775
3024841,78.52623430266159
3024842,16.889988139767144
3024843,872.705260162173
3024844,2.0152459026762974
3024845,2.851438936988201
3024846,5.402940660463417
3024847,0.7199397958217284
3024848,2.3063814542209773
3024849,3127.4618348366903
3024850,0.8162668911732629
3024851,523.5343021107092
3024852,7.744896572606033
3024853,1119.7801141096043
3024854,732.3806203190495
3024855,195.38967948517225
3024856,270.71305182493103
3024857,80.71561634793052
3024858,421161.63368137396
3024859,8.581997382325799
3024860,1.0623539371725141
3024861,16.53425147838774
3024862,19.759005857003714
3024863,1.0468313621420249
3024864,228.71912414869342
3024865,1.3906510759963564
3024866,5.642085342367427
3024867,9.963140167778239
3024868,16.002231803843955
3024869,2.129443168155244
3024870,281.3369986468303
3024871,224.3458702708078
3024872,3.76037767645322
3024873,5.850238764266686
3024874,115.02069157118066
3024875,47.90069921345392
3024876,2056.8803126597495
3024877,1.7147719172828504
3024878,3.983538664786791
3024879,0.9934363960764556
3024880,0.40199952016731727
3024881,0.8526016108500973
3024882,990.0274203511702
3024883,0.42741794310378134
3024884,98.01863364855623
3024885,3.1604514901117473
3024886,620.5212761186611
3024887,139.1626540965079
3024888,62.23491212581721
3024889,168.97534206699945
3024890,14.295322033613397
3024891,2718.159034886671
3024892,1.6744741498321427
3024893,0.5877060372509888
3024894,4.942178839903193
3024895,2.6821535613624974
3024896,0.6038721599448653
3024897,92.03920975090168
3024898,0.5806333301803059
3024899,10.175041203551626
3024900,0.887425247043782
3024901,21.00639973672601
3024902,0.6990577145781303
3024903,59.0743047053569
3024904,72.31365195307488
3024905,0.8501719375467162
3024906,1.1272339523116188
3024907,42.24569719380997
3024908,6.730803182164674
3024909,284.03552820361114
3024910,8.03805438412593
3024911,1.2561610602558018
3024912,5.125229057842328
3024913,0.47915346737950226
3024914,2.110564943616076
3024915,1690.6837351081517
3024916,0.5113526673198884
3024917,218.41621139275261
3024918,5.652101676200701
3024919,922.0204571732382
3024920,412.7651507571871
3024921,156.59852711849265
3024922,133.37070995757932
3024923,41.861131879014366
3024924,15812.934045584287
3024925,3.7315109639149666
3024926,0.8183883425871916
3024927,22.144396920181123
3024928,12.592721609238598
3024929,0.7263504634860071
3024930,189.51172304092316
3024931,0.6981724961819114
3024932,11.552960683467534
3024933,8.319203999804309
3024934,23.17295144132328
3024935,1.2379830007495318
3024936,197.75396241888865
3024937,189.0418779963309
3024938,1.362767657989497
3024939,2.614168878226937
3024940,178.20319630232473
3024941,27.08513067960629
3024942,1520.9592966929781
3024943,8.183361672759059
3024944,1.2179179652942043
3024945,2.787546861518255
3024946,1.1968962887199053
3024947,2.8036995719262037
3024948,1846.094508260194
3024949,1.3004185773086046
3024950,605.7261200147246
3024951,6.1541414168280575
3024952,820.1868949707494
3024953,604.2105083207382
3024954,194.30362780111895
3024955,104.05537050652448
3024956,51.85971505258181
3024957,177195.57755561217
3024958,6.383277479970257
3024959,4.268432218060807
3024960,24.599315687831858
3024961,32.431290242489915
3024962,1.6811575156231906
3024963,170.44231456490988
3024964,2.8209484355860894
3024965,7.949063235203694
3024966,3.847630016647945
3024967,21.29300300767745
3024968,2.358854655521532
3024969,130.75077462510257
3024970,225.20132958471768
3024971,3.3395661473128975
3024972,5.344600828476326
3024973,124.08160420473233
3024974,24.617331215286832
3024975,925.4803363155196
3024976,3.9231770995554327
3024977,3.1692838381589685
3024978,2.050955020413027
3024979,0.36661759808464356
3024980,0.722813321140132
3024981,1128.587817715894
3024982,0.38987290893079524
3024983,110.08488689486423
3024984,1.8949038110621685
3024985,440.54508770061284
3024986,152.07134475737274
3024987,92.01456557571227
3024988,127.37456630239329
3024989,37.18760168337709
3024990,3240.3545010412276
3024991,3.0020270049376303
3024992,0.6350810228466715
3024993,5.081541817204689
3024994,4.066262194499895
3024995,0.5415367466635389
3024996,89.15409603437153
3024997,0.5328934092688951
3024998,10.700347572918204
3024999,0.8482534267016997
3025000,24.073073021390154
3025001,0.8007278562775191
3025002,155.4089406165868
3025003,81.942197590691
3025004,0.8918880142741837
3025005,1.3343068280424535
3025006,38.15376565616228
3025007,11.997249877846775
3025008,516.7039942917387
3025009,2.2143019487389917
3025010,0.9681003466913082
3025011,3.793221451364139
3025012,0.9214329557752665
3025013,1.9674438469662276
3025014,3282.5316957533537
3025015,1.0679026287310176
3025016,515.7467200337509
3025017,6.814576109158869
3025018,905.3277203820919
3025019,734.9189348543256
3025020,200.51654419600607
3025021,130.0517759585644
3025022,72.11353143927188
3025023,155242.1822887012
3025024,7.623146033540782
3025025,1.3737570661930056
3025026,38.370416726023045
3025027,10.789317923482892
3025028,1.375059693717613
3025029,190.87117572369357
3025030,1.3872763436892168
3025031,20.518166567188604
3025032,3.7068592633051773
3025033,43.11502177916988
3025034,2.117782880599412
3025035,200.25234970188006
3025036,202.1992418859291
3025037,3.473109261802871
3025038,3.366298021359527
3025039,106.28821386255123
3025040,32.10379063786774
3025041,2034.4889427049334
3025042,1.7717824192544203
3025043,2.5996039676225413
3025044,3.2976771350622673
3025045,1.0310155733567101
3025046,6.5432547516690995
3025047,2214.241113300788
3025048,1.170801415683983
3025049,481.4066163901845
3025050,6.870780557649363
3025051,771.5452798707215
3025052,728.2935526542537
3025053,173.49403559214352
3025054,101.31509163828963
3025055,102.20242576256813
3025056,20446.623402798014
3025057,30.891135609153274
3025058,2.136521039371716
3025059,18.33440854912773
3025060,31.867037470481872
3025061,1.4742901058331794
3025062,192.39875235856303
3025063,16.256501023523086
3025064,17.000598330705504
3025065,2.940951066359321
3025066,80.29020400269297
3025067,7.73540396647511
3025068,178.818223301736
3025069,230.52806114886633
3025070,8.829024096777315
3025071,10.00904295812251
3025072,196.69762863432786
3025073,50.79026702277941
3025074,2887.590055049309
3025075,6.650223762703362
3025076,7.999878994218671
3025077,4.240053133093009
3025078,1.0299814886292484
3025079,6.452099441051912
3025080,2260.8961137632405
3025081,1.1979971548861148
3025082,425.6336506422014
3025083,9.237068269863967
3025084,833.0425587598688
3025085,715.4987017423151
3025086,158.1308012747469
3025087,62.71761406941857
3025088,80.03396905979606
3025089,34101.24501414734
3025090,23.323906527680236
3025091,1.7853168132030506
3025092,32.00545111332089
3025093,41.835504897937696
3025094,1.5088983797025295
3025095,237.09129755664844
3025096,17.316624058173574
3025097,12.163726231672854
3025098,8.626480547044878
3025099,75.33059430102348
3025100,10.01034988238189
3025101,107.69829503542624
3025102,293.27186530384864
3025103,6.312122165937884
3025104,9.67118972538973
3025105,97.86110313924776
3025106,54.963308671503746
3025107,1802.6755596191924
3025108,5.493344917612775
3025109,13.118769039987335
3025110,6.198904364335914
3025111,0.7462344011171261
3025112,4.262166072002384
3025113,3774.091737533692
3025114,0.7844465911409608
3025115,607.6185869922859
3025116,4.818575303549412
3025117,1232.4499780357482
3025118,722.6033953512825
3025119,197.40537685070868
3025120,370.01469639528466
3025121,59.86159358078329
3025122,605717.3408660991
3025123,26.81806664705491
3025124,1.7427981513968342
3025125,17.813746706667636
3025126,16.944583326733245
3025127,1.016659387256484
3025128,356.07360761169076
3025129,5.398350076499182
3025130,11.998403083921708
3025131,6.932491385659808
3025132,32.40365406239401
3025133,3.8239962614300893
3025134,124.56539370457475
3025135,249.35406061289203
3025136,5.663943113558477
3025137,8.099170579640225
3025138,182.1265745511631
3025139,44.48471811033761
3025140,2386.6584489562356
3025141,15.513082676770509
3025142,10.029917919963147
3025143,3.517049446962506
3025144,1.0729016782180176
3025145,5.6490540355307886
3025146,1805.5035710815546
3025147,1.2111929516938833
3025148,287.2500718394543
3025149,5.520470852965367
3025150,726.3280928460937
3025151,682.1603009017388
3025152,206.07982340999752
3025153,102.52374255836571
3025154,57.66115812868566
3025155,13091.101497338896
3025156,18.00265582556661
3025157,1.8529211421144116
3025158,15.144786720485408
3025159,10.012740566699845
3025160,1.5529690502102027
3025161,180.72537295630582
3025162,14.872208012174363
3025163,16.27105905682105
3025164,2.6414632828909133
3025165,49.1510613191699
3025166,6.667111676529782
3025167,281.343470771028
3025168,200.00475331985896
3025169,5.862378837885496
3025170,7.698638377408901
3025171,279.93440506420336
3025172,41.04029505642493
3025173,2065.618164298995
3025174,1.8918125854543753
3025175,23.692086888110303
3025176,1.9491172306598692
3025177,0.635954593402533
3025178,4.117571498237873
3025179,4756.724908008149
3025180,0.7504357248778368
3025181,422.423999007865
3025182,6.523454824260351
3025183,1379.170902172732
3025184,636.5806068878669
3025185,238.66909791078493
3025186,161.14866861745855
3025187,65.76623150247131
3025188,1311067.0479257791
3025189,7.3754232946868035
3025190,1.6501075808000356
3025191,27.410107473254204
3025192,19.858170897213874
3025193,0.984052063078695
3025194,407.7822050229482
3025195,0.9724340516725992
3025196,2.6222377298944863
3025197,6.916501588737527
3025198,37.72682064636321
3025199,2.136128242832886
3025200,111.30683441236954
3025201,265.9642305938998
3025202,2.4226477063888363
3025203,9.2712838383146
3025204,146.03922825396046
3025205,40.30832726045907
3025206,1561.9410921230308
3025207,9.534089027545521
3025208,3.6000151562797162
3025209,4.792098530380134
3025210,0.6430844010842197
3025211,5.1772496278972895
3025212,1891.1353387739632
3025213,0.6732583157620579
3025214,468.64267128706484
3025215,7.437799088886843
3025216,891.9738142730488
3025217,664.3088019973218
3025218,197.58282293781662
3025219,92.43647569064785
3025220,107.84663327620632
3025221,16028.006018551232
3025222,24.748530413795343
3025223,1.6380357169433952
3025224,20.04324810865503
3025225,43.648515700956246
3025226,0.9097811530526209
3025227,202.79358295460617
3025228,15.046081322711817
3025229,12.935792106573382
3025230,6.235735054544074
3025231,56.03922686671997
3025232,8.863010375675483
3025233,148.97379881551615
3025234,295.5188181981027
3025235,9.647541122284355
3025236,8.668865743400374
3025237,151.2156288227456
3025238,40.749427530598325
3025239,1682.8892615339523
3025240,1.3841726585850218
3025241,5.9514584803042005
3025242,2.8210875685919476
3025243,0.7921356634861406
3025244,5.297959465720514
3025245,1750.5142022655655
3025246,0.9017668117273288
3025247,437.4242799317731
3025248,5.69199650708131
3025249,697.2238356277896
3025250,743.5165576537038
3025251,167.59329450589513
3025252,96.82557356339527
3025253,102.33773852754453
3025254,9176.212616355842
3025255,22.69992852575859
3025256,1.3505022566282892
3025257,17.846792857210872
3025258,15.101204357014256
3025259,1.1446176377004456
3025260,173.60481858633187
3025261,12.394899839954313
3025262,28.67945515056269
3025263,5.738610777232063
3025264,45.63364993466753
3025265,6.603700472411475
3025266,177.2393094603208
3025267,195.37534217875776
3025268,6.426245655815668
3025269,6.639991839914459
3025270,174.5176510861608
3025271,38.75379749970629
3025272,2333.9780614213864
3025273,1.4489798875585138
3025274,12.834420041228448
3025275,5.5118432105708415
3025276,1.0939737898618156
3025277,5.882519430849794
3025278,7673.802164735069
3025279,1.2326571579063308
3025280,552.8563073148757
3025281,13.102318011393818
3025282,1065.8536439722827
3025283,826.5351958581342
3025284,271.74709546010286
3025285,177.13116555622892
3025286,52.59556563653962
3025287,381939.82838558214
3025288,10.766983176827175
3025289,1.5065939319083492
3025290,13.825732478341745
3025291,17.63724404358333
3025292,1.5890551206649235
3025293,220.4541634564877
3025294,1.5855665482114465
3025295,12.865794717523581
3025296,3.4208420286305428
3025297,41.58761670385793
3025298,3.4435005044031772
3025299,169.2064102377852
3025300,238.5703367024506
3025301,3.7694127038294205
3025302,2.435324580467834
3025303,202.31980894456646
3025304,105.16708897246676
3025305,1744.3364201091013
3025306,3.3677625801075353
3025307,2.4594214712446973
3025308,14.662275998541052
3025309,2.9771874174050525
3025310,18.10285409944977
3025311,3976796.857947305
3025312,3.2766331775636597
3025313,1165.4088424919628
3025314,22.477085473037477
3025315,1766.3449995164242
3025316,2031.3063008024674
3025317,591.9025825046701
3025318,510.6728924527161
3025319,330.9354358682008
3025320,109646044.74086823
3025321,65.68771883875993
3025322,6.723482143722904
3025323,95.55148324900604
3025324,112.2002725942553
3025325,4.1383836888837315
3025326,594.4676116218358
3025327,68.96025594556355
3025328,20.10022709404892
3025329,41.99709961164493
3025330,225.22012974599036
3025331,21.416530053888525
3025332,722.0062190669074
3025333,623.391111549817
3025334,32.729887095381315
3025335,30.36368171266974
3025336,824.9369125442614
3025337,224.71318083211656
3025338,11989417.68763024
3025339,321.7574582568035
3025340,79.68193795579009
3025341,12.652853816082668
3025342,2.044746139286484
3025343,14.241353056235024
3025344,1302994.253907422
3025345,2.2877899988425567
3025346,959.8373568756168
3025347,21.99488382749231
3025348,1765.337981318057
3025349,1597.2903852705035
3025350,698.9212217520144
3025351,285.54366058020764
3025352,240.69637085327827
3025353,277272480.2334848
3025354,76.93334285874286
3025355,3.845778570137702
3025356,51.258299362789394
3025357,83.62308257443912
3025358,3.080638438887983
3025359,633.0076368237587
3025360,29.695856355030827
3025361,25.21122684302989
3025362,29.765098122783755
3025363,158.31068120850307
3025364,17.314761035658748
3025365,817.9210175044366
3025366,763.7749802243933
3025367,21.079270744509667
3025368,25.542328373662116
3025369,893.2884433037664
3025370,183.00946823985402
3025371,265945.19979664095
3025372,452.11190662224993
3025373,67.94307213818885
3025374,10.479609488385321
3025375,1.9200387185496264
3025376,18.414207528233113
3025377,41670.09246106735
3025378,2.0600407595176367
3025379,780.1086214275012
3025380,12.368747896855895
3025381,1553.7643930538247
3025382,1171.6815497148891
3025383,799.2193633947003
3025384,102.8790452257068
3025385,186.6267202618619
3025386,46022778.20645123
3025387,36.88427542235567
3025388,4.832754743531284
3025389,38.57001096755848
3025390,32.34926291904721
3025391,2.704957479425816
3025392,530.4812166745069
3025393,59.74117849180319
3025394,23.280124562845884
3025395,12.014775642269742
3025396,94.9166311748278
3025397,9.992189265332803
3025398,753.5124787783116
3025399,709.5951371319156
3025400,21.076929720116574
3025401,37.41001270533256
3025402,656.5132743305053
3025403,98.80110575667818
3025404,6228.42999858077
3025405,272.1159982914657
3025406,34.32103200466473
3025407,12.530908712100231
3025408,2.370562901175055
3025409,19.31557414352502
3025410,601757.6540277589
3025411,2.518011195725862
3025412,950.3613165754984
3025413,16.830486339387868
3025414,1725.8427698189585
3025415,1560.2849062908908
3025416,669.0639624893489
3025417,257.68764128301814
3025418,199.69488799630844
3025419,76327143.1484872
3025420,39.71620092421212
3025421,3.8300307292435596
3025422,60.026189872307434
3025423,70.50444025610666
3025424,3.473152175365051
3025425,529.1378645285298
3025426,40.50608935769711
3025427,27.100634129821604
3025428,64.67071236348684
3025429,169.83487280996903
3025430,13.438525583165216
3025431,710.9792753463317
3025432,740.5808226345708
3025433,20.626930796127432
3025434,24.462315688354554
3025435,859.9611976899581
3025436,154.7882140885136
3025437,109908.46023706476
3025438,428.7947076116599
3025439,56.45027769383123
3025440,11.134742146837585
3025441,1.3356880379396203
3025442,18.001682467866022
3025443,8129.997329458424
3025444,1.4303885202279325
3025445,699.2010686074772
3025446,12.654551225002088
3025447,1430.0897213956678
3025448,974.7510607377076
3025449,607.6931150129404
3025450,72.44830349295847
3025451,148.50521743383734
3025452,7994728.310954786
3025453,33.70289236732271
3025454,1.8269633782009973
3025455,25.86915429554882
3025456,37.133605880022884
3025457,1.8629692731751748
3025458,469.6450829240513
3025459,24.156947712372368
3025460,9.770573783395024
3025461,21.413516140084823
3025462,88.41811881564227
3025463,5.766072718868337
3025464,701.8822150173685
3025465,702.3770131442261
3025466,15.03970360907676
3025467,25.9138400204599
3025468,651.9300943619136
3025469,58.4867961638012
3025470,2269.2887173195904
3025471,391.8650349464405
3025472,22.190628243468563
3025473,9.122940303362835
3025474,1.0364994236402794
3025475,11.839828509770745
3025476,44661.51448601669
3025477,1.2218492845588655
3025478,949.2694480784085
3025479,22.52319185566045
3025480,1334.6891670362863
3025481,1545.5063737724643
3025482,436.15365614800754
3025483,390.1082368070568
3025484,256.37620137679346
3025485,3074764.4695449695
3025486,54.376297616621514
3025487,1.9920825349788551
3025488,40.96942349123795
3025489,48.3650242699993
3025490,1.7144814382647011
3025491,421.7475093024652
3025492,16.94961008947738
3025493,21.64826645608675
3025494,13.207381520174305
3025495,173.45369067441467
3025496,14.710723730703778
3025497,645.4059708063306
3025498,518.8955983817405
3025499,15.15500988378787
3025500,24.599799081038118
3025501,793.1655611057653
3025502,156.14277052212972
3025503,713435.9018999875
3025504,254.55518019709567
3025505,69.07340658948613
3025506,5.199166698790699
3025507,0.9332080588991131
3025508,5.680035468533237
3025509,1354.070368782185
3025510,0.9972513845368788
3025511,300.2740482829497
3025512,15.946385270510627
3025513,790.2008993525218
3025514,505.5515716462969
3025515,215.6221916215828
3025516,64.78028707350016
3025517,60.584296191991314
3025518,9082.888018879035
3025519,29.938470913159623
3025520,1.9460528866994053
3025521,22.380275886809862
3025522,19.65275762211001
3025523,1.300579553723022
3025524,188.2295641190675
3025525,8.935697397254772
3025526,5.584770383854867
3025527,8.816580934768039
3025528,42.852205792576896
3025529,6.593869490537664
3025530,185.02434953831056
3025531,211.97868633025112
3025532,3.6903919988010747
3025533,5.628782822578143
3025534,170.65274907090264
3025535,40.39547680868358
3025536,1276.268780814782
3025537,1.7746502584192074
3025538,9.877664293126463
3025539,9.453759335480202
3025540,1.2256998339654332
3025541,13.349109715095972
3025542,4693.4782427619175
3025543,1.3081995549506573
3025544,525.329039182164
3025545,23.881119294334802
3025546,1168.1892401756206
3025547,962.5442116784563
3025548,451.8447177373556
3025549,73.64761226025963
3025550,102.58188912317453
3025551,641123.0863765168
3025552,59.29936173892549
3025553,2.13733111651295
3025554,46.52229510312054
3025555,39.53214423587888
3025556,1.6967153859768496
3025557,310.52198635306155
3025558,24.53805281094872
3025559,6.856075717570135
3025560,5.458194489556765
3025561,108.45761911245916
3025562,8.618552255344007
3025563,481.0516385229138
3025564,505.6535220067674
3025565,10.465749180646267
3025566,20.234487535101763
3025567,298.14954245554617
3025568,60.76491132717549
3025569,2643.2612713601
3025570,361.0266613650401
3025571,16.272203701064544
3025572,4.69447626612604
3025573,0.6067610145128276
3025574,5.077507873804837
3025575,4757.739040298782
3025576,0.6835548399224856
3025577,744.5247504349009
3025578,6.797823339784404
3025579,1032.5103752662378
3025580,1139.2798099383806
3025581,212.70640034734123
3025582,253.60373455057945
3025583,184.5255533049169
3025584,64742.88591000531
3025585,28.898745620932868
3025586,1.8680205696090528
3025587,28.19447981586998
3025588,45.33981940007616
3025589,0.947335456053123
3025590,243.58323086044857
3025591,2.6973483150745072
3025592,33.118957679728894
3025593,4.419551314341325
3025594,95.20164736445251
3025595,8.270201415826351
3025596,503.35197203023944
3025597,237.18707277676856
3025598,15.95627236857997
3025599,9.67659317860979
3025600,601.6153892185109
3025601,84.64407866475335
3025602,35397.123892003416
3025603,2.7516473998704454
3025604,33.699149338283114
3025605,8.168795800018355
3025606,0.8172604308230329
3025607,9.066248492289066
3025608,4628.563777451109
3025609,0.978843392561309
3025610,687.1165243972298
3025611,9.541631964333853
3025612,1080.1055449437872
3025613,881.413066494301
3025614,319.9003552164226
3025615,148.63414469666256
3025616,268.30214779962097
3025617,344369.9330112259
3025618,27.699176938722765
3025619,2.8728911969778546
3025620,50.487857811748135
3025621,48.19736592471509
3025622,1.2960014748726136
3025623,259.43607310950284
3025624,6.659271561594807
3025625,41.07883993594444
3025626,7.593775791304967
3025627,156.80393233123283
3025628,7.966421990456203
3025629,362.4945939086029
3025630,281.0397718344632
3025631,10.544358949411958
3025632,20.72687834274717
3025633,370.75069101492295
3025634,97.70430756520771
3025635,13606.811144917987
3025636,4.341753030527072
3025637,11.023833738993622
3025638,6.621112008759871
3025639,0.6523944890440381
3025640,3.758560604551109
3025641,1567.3161016164245
3025642,0.6643810103720162
3025643,458.9944866120898
3025644,4.926830186170888
3025645,801.7362862926426
3025646,497.5172682166019
3025647,219.1025630410295
3025648,68.63260914149545
3025649,91.46989179391684
3025650,6134.082318208625
3025651,12.345962066231952
3025652,1.236401120346976
3025653,17.663269068895243
3025654,21.87872369140942
3025655,0.8698719381899324
3025656,172.58281909137634
3025657,5.061652108534416
3025658,8.131643500263097
3025659,5.077171413110574
3025660,52.29592022229654
3025661,4.466819931617749
3025662,196.37231082794096
3025663,181.87398014370004
3025664,3.3839937972848193
3025665,4.9538268248207915
3025666,133.9533555113281
3025667,46.6748386420801
3025668,1388.7806309076802
3025669,1.2629473110716645
3025670,5.071547602755125
3025671,5.124451969242862
3025672,0.4389837506346037
3025673,1.378879862817235
3025674,2885.0463023779157
3025675,0.47016468573081205
3025676,196.56276908366524
3025677,2.5159445298243583
3025678,934.139011707934
3025679,212.62742480823562
3025680,198.461633756446
3025681,55.24743602757246
3025682,27.180711708791808
3025683,20341.927332559873
3025684,7.90488789768605
3025685,0.8397589976892723
3025686,15.313395694001409
3025687,7.309147207122868
3025688,0.6320330297624819
3025689,194.794503145341
3025690,0.6374304862768848
3025691,14.463722794177828
3025692,3.7654899082675675
3025693,16.348227705198624
3025694,1.0216116774077215
3025695,36.59853006523391
3025696,168.86418855352812
3025697,0.7500295061176021
3025698,1.600088702603636
3025699,51.037700377008676
3025700,64.54909851271299
3025701,794.0518422190992
3025702,11.28985000200048
3025703,1.8896119578163664
3025704,5.173494181293675
3025705,1.3387640846448643
3025706,8.748769716050434
3025707,3509.2805040432277
3025708,1.5540604464225223
3025709,514.5623686860341
3025710,10.576932699280805
3025711,973.6223616363582
3025712,860.2413955057044
3025713,301.27002206812443
3025714,121.6863234353101
3025715,106.4150094159805
3025716,128977.38150564939
3025717,27.81038180866937
3025718,2.059154206334663
3025719,22.24661095971247
3025720,64.90904584815193
3025721,1.8904951906513172
3025722,245.3530408043374
3025723,20.27188717839136
3025724,15.53064528036039
3025725,16.65161343926677
3025726,58.58659081909397
3025727,6.013298723595485
3025728,392.69216190713524
3025729,313.251814822578
3025730,8.183949590319525
3025731,12.166501517281507
3025732,438.60048808006167
3025733,65.25865516033944
3025734,2646.482351692466
3025735,12.78576238942929
3025736,30.879834442736342
3025737,4.420874989880024
3025738,1.2347399201968967
3025739,6.362538227404215
3025740,3679.7841513617022
3025741,1.4339931277457438
3025742,597.3655832758731
3025743,13.096096772552011
3025744,920.5155383735486
3025745,1053.4391038559663
3025746,214.87656456947175
3025747,213.15692478346614
3025748,167.32410417330092
3025749,28656.350571410927
3025750,27.31682993160966
3025751,2.9409403451615135
3025752,40.47251775816198
3025753,30.784810345739082
3025754,1.9653479250699966
3025755,222.48933114382007
3025756,9.793474372549248
3025757,32.54793075720172
3025758,12.104926035421967
3025759,97.19901577282981
3025760,11.614025898391846
3025761,394.78301791234685
3025762,239.04871129929458
3025763,6.143326953488591
3025764,11.976784915114482
3025765,539.1329909635822
3025766,95.57576215485372
3025767,35177.84763655469
3025768,2.1881191279520698
3025769,36.524322594305424
3025770,3.853054166759632
3025771,2.4558178447311603
3025772,10.07514928953478
3025773,7827.405607627814
3025774,2.579973386744113
3025775,702.7286603940862
3025776,15.227427472362436
3025777,915.0793444223332
3025778,1024.3386390220376
3025779,272.68171606707506
3025780,210.01739859762029
3025781,117.79269090800568
3025782,143445.23285558907
3025783,32.42968057181277
3025784,5.0955506068232
3025785,35.105164425813456
3025786,35.75043566474497
3025787,3.229611544810028
3025788,270.6226599198438
3025789,23.908770734590608
3025790,30.242435649352984
3025791,19.843906379583046
3025792,90.73470295498342
3025793,15.908158008853897
3025794,356.96760331455187
3025795,244.33754702495946
3025796,17.298280648818505
3025797,17.99751750818306
3025798,481.52053895214766
3025799,102.8920480171503
3025800,55261.48350783039
3025801,4.1036605778991575
3025802,28.991603301426963
3025803,9.34437880212968
3025804,1.081044897185123
3025805,10.32743343928081
3025806,3178.427562814991
3025807,1.1372043107007483
3025808,446.77048864970703
3025809,10.688157583241535
3025810,1253.6039989668661
3025811,855.8846326923895
3025812,526.8974728432814
3025813,161.73139577260554
3025814,67.11149499004024
3025815,7244945.4711349895
3025816,8.994645663439506
3025817,2.105645640094423
3025818,43.966856278159376
3025819,32.530798280696594
3025820,1.4372440384690013
3025821,396.16145257241243
3025822,8.396644749059181
3025823,6.593282919421712
3025824,12.794469680876391
3025825,37.345595459088734
3025826,3.097437808993792
3025827,265.58561538397373
3025828,454.1880132161753
3025829,5.111889556939958
3025830,5.800151160782214
3025831,325.7610497632134
3025832,81.31416329010094
3025833,1979.3955389334005
3025834,90.61705715652177
3025835,12.362078734085898
3025836,3.928807283081346
3025837,1.7789521457998911
3025838,4.74829304217919
3025839,1837.1878577025664
3025840,1.9731229555848322
3025841,309.03383776723183
3025842,7.804317465089081
3025843,598.5202865855252
3025844,670.6067128011102
3025845,142.8711291676014
3025846,108.89598882502324
3025847,118.82265893118529
3025848,6590.290849772945
3025849,15.620403271242022
3025850,2.6617995596165627
3025851,23.83550991058375
3025852,23.43698020802637
3025853,2.3201316276867674
3025854,155.7960321664417
3025855,13.913838230662753
3025856,21.84300586607407
3025857,8.051969783999718
3025858,89.54513836519821
3025859,6.101442868632278
3025860,252.14367371070176
3025861,156.98771327772243
3025862,5.289937527023098
3025863,9.561977003436128
3025864,250.7181345341592
3025865,46.36508646496092
3025866,13041.476014501233
3025867,13.245040822135955
3025868,23.658441197971182
3025869,2.4724875058339757
3025870,0.5764614434987798
3025871,3.3369559561927353
3025872,1252.850750821704
3025873,0.610466587148828
3025874,122.89688790373293
3025875,5.341116029255793
3025876,1028.1565993977015
3025877,327.62432134606826
3025878,212.9972037874596
3025879,65.45790101479841
3025880,57.70218772452065
3025881,213871.76468962498
3025882,6.423025877240429
3025883,0.8053676145579344
3025884,13.00435646540769
3025885,9.160506048449964
3025886,0.8217990721604791
3025887,164.46360377759737
3025888,5.577611702237731
3025889,8.8999035462603
3025890,2.1723673891263857
3025891,10.42993800613648
3025892,1.4483408325941864
3025893,169.2324565943975
3025894,175.67264006038056
3025895,1.54177341945657
3025896,5.816649893615721
3025897,138.66559476805563
3025898,21.879663751140814
3025899,226.65409287737165
3025900,8.52820313735674
3025901,1.7271516535967875
3025902,5.738751121134359
3025903,1.6079435085178835
3025904,5.931632502214979
3025905,10864.145630414183
3025906,1.7097269767141046
3025907,530.992879681423
3025908,10.998880412923093
3025909,1519.8732715599178
3025910,877.4962852879054
3025911,507.7529865072514
3025912,169.2737855518589
3025913,70.5505868121892
3025914,16813197.92210442
3025915,19.86880226927044
3025916,2.2004016207058053
3025917,24.814167916180867
3025918,17.725156824932427
3025919,2.144432717816856
3025920,471.0147525800631
3025921,8.087421966599864
3025922,3.709841232077465
3025923,9.504691466869442
3025924,31.536121400594933
3025925,3.5309190124400804
3025926,565.7642788172878
3025927,398.49246446920506
3025928,4.1303196425648165
3025929,11.248122556618277
3025930,344.27158337373373
3025931,87.29164328147692
3025932,1269.0674102592372
3025933,78.05870324652477
3025934,8.758711476953984
3025935,4.614699417391124
3025936,0.7825349651566232
3025937,1.5813790532836638
3025938,1198.2683575089504
3025939,0.8426974176163837
3025940,158.96461191441716
3025941,8.34807829496268
3025942,851.794056376252
3025943,467.32131841208104
3025944,172.8903241370611
3025945,61.053512478831145
3025946,31.01005093535905
3025947,11931.40798265198
3025948,5.995694364792371
3025949,1.1614301955695827
3025950,10.339806095145041
3025951,14.415748916859739
3025952,1.1216909562042527
3025953,161.74423219957438
3025954,5.6999776975302945
3025955,12.791109053139625
3025956,23.9661975392884
3025957,24.830956094484925
3025958,1.9363572780520975
3025959,114.07335221621865
3025960,170.95704371285424
3025961,1.7383443233200153
3025962,5.2273923974108225
3025963,112.668794148959
3025964,25.426263837751566
3025965,293.994006744144
3025966,9.396757084250021
3025967,3.572350094004701
3025968,2.8381772444977473
3025969,0.6243974144966882
3025970,2.6173856078596307
3025971,1104.6284107438237
3025972,0.6607618850733306
3025973,101.23853034745083
3025974,4.7716158575204926
3025975,728.0023400789458
3025976,282.89962058822755
3025977,136.37601305022835
3025978,38.7272653074963
3025979,28.68439838907635
3025980,7755.496927520386
3025981,8.325939218346692
3025982,0.8388852557280029
3025983,8.996822347587171
3025984,5.5053239524646305
3025985,0.8659260842352797
3025986,124.66684322556323
3025987,1.3989698125910606
3025988,11.544088585567378
3025989,2.1493997858722533
3025990,28.458398732327986
3025991,1.2212786414767556
3025992,94.83379249246767
3025993,179.7384350926674
3025994,1.1838000441434802
3025995,3.79967904020859
3025996,57.60124204120456
3025997,15.845858426098138
3025998,138.85867036497024
3025999,21.559013660630907
3026000,1.7660518463497086
3026001,2.4851128624144714
3026002,0.7860578257880038
3026003,4.278646987810389
3026004,1192.463411128472
3026005,0.9424732974120779
3026006,136.90355101663346
3026007,7.238824920106987
3026008,955.031463241845
3026009,405.63498741451474
3026010,217.00672004701903
3026011,26.299224882623832
3026012,28.32747641625669
3026013,18232.8777274024
3026014,4.654842866121734
3026015,1.1740568708508496
3026016,9.055684925462078
3026017,17.68501856597539
3026018,1.19305640587995
3026019,178.46412708908187
3026020,1.9095272815826578
3026021,10.090355607467348
3026022,2.895770877592253
3026023,11.503711849383409
3026024,2.314288201565456
3026025,168.15273040789873
3026026,222.02295149730512
3026027,1.65858685820089
3026028,4.19110462011491
3026029,55.15715052056602
3026030,67.93557598170547
3026031,311.01540383670306
3026032,8.872269526185203
3026033,4.051822148022063
3026034,3.981061080911724
3026035,1.7625625752430572
3026036,3.406952570359445
3026037,1364.837242393399
3026038,0.8939148117247648
3026039,121.15966434287941
3026040,5.082570848114641
3026041,826.7421888840108
3026042,386.6210882677298
3026043,196.541445084904
3026044,79.23838060210502
3026045,48.87245227380522
3026046,33078.38815638986
3026047,5.905520676035387
3026048,2.053739155264461
3026049,10.820460727055494
3026050,17.35778087873702
3026051,1.1940413170454431
3026052,180.21524385592653
3026053,6.201003118306397
3026054,10.077163305804962
3026055,3.6745375412392187
3026056,20.362834227604278
3026057,2.1893825928489434
3026058,104.71777165924728
3026059,179.5770431971102
3026060,1.5792705994579046
3026061,5.353539965215974
3026062,79.08339348191672
3026063,32.59408045397409
3026064,570.1604226853352
3026065,9.636742051121633
3026066,4.254553632550388
3026067,5.845713814163021
3026068,0.48030267442357427
3026069,1.2525028583341493
3026070,1406.84533331433
3026071,0.45912474212234994
3026072,144.5173104664474
3026073,5.447653856526991
3026074,1268.7972265433557
3026075,265.4346187045007
3026076,161.89803027370604
3026077,127.09028065021145
3026078,63.84293799353183
3026079,73021.33559811374
3026080,7.21734067456355
3026081,0.6149003518338445
3026082,20.0381525203906
3026083,21.207747351735083
3026084,0.6356685717903486
3026085,164.22286522241242
3026086,0.6249242476607659
3026087,10.998695937302678
3026088,1.6537187934634185
3026089,62.505257230533026
3026090,1.5360043400528371
3026091,74.00117529246481
3026092,155.89087604037215
3026093,1.1095892386093313
3026094,5.444078983270654
3026095,77.95905365334211
3026096,28.36398052211541
3026097,509.10817491686714
3026098,11.008464438379193
3026099,1.3619604653245454
3026100,5.451441168273264
3026101,0.9878332410862356
3026102,4.106326565181217
3026103,1998.324862372436
3026104,0.983103144742479
3026105,250.5807791001223
3026106,4.738550138377381
3026107,962.3103196319447
3026108,994.0575594046102
3026109,434.06108667362463
3026110,126.55483095749271
3026111,71.70440126600141
3026112,142404.90665683153
3026113,10.67264808760688
3026114,1.5235194552014457
3026115,19.908836959449218
3026116,20.74515638573259
3026117,1.2534038928936435
3026118,211.50519902873094
3026119,1.3752311709681955
3026120,9.519487271331087
3026121,10.420765070890742
3026122,22.502948738661104
3026123,3.9350650543984362
3026124,196.9833800398459
3026125,211.96340603102703
3026126,2.172320562668002
3026127,6.599784651936034
3026128,251.8010575616841
3026129,44.537598670784675
3026130,1044.065203196062
3026131,30.778017007155626
3026132,7.187837593919375
3026133,2.2471750230843477
3026134,0.5917774389893157
3026135,4.33241335905303
3026136,1469.4511998945304
3026137,0.6353057143947111
3026138,449.57915909187284
3026139,5.214171498036504
3026140,544.1495955927217
3026141,775.5138118438517
3026142,182.5370726992526
3026143,133.72330992224943
3026144,34.76303872473139
3026145,35081.53916197428
3026146,9.257731606593179
3026147,1.142984059850197
3026148,20.346576134299983
3026149,16.746253428942786
3026150,0.8722727917246738
3026151,153.6386194015866
3026152,6.708050671304424
3026153,2.5603675290526757
3026154,9.21491408088302
3026155,43.63260750035559
3026156,2.163307921099663
3026157,70.93844457649494
3026158,150.88729301920597
3026159,2.9859157766870585
3026160,4.7375195016879985
3026161,120.99096285309773
3026162,39.22249347580527
3026163,1116.9362054948538
3026164,23.884147918377685
3026165,7.856193392850566
3026166,4.120007346260056
3026167,0.9027714180174407
3026168,5.130897428918693
3026169,1673.5041967785637
3026170,0.8737418666194735
3026171,122.75016675077237
3026172,3.8171488266328977
3026173,807.6992023160772
3026174,342.5930975636686
3026175,211.81347744557792
3026176,43.001782594715216
3026177,32.356668208815286
3026178,34714.727152869265
3026179,14.392982576991908
3026180,1.4601107409634055
3026181,9.345296717836838
3026182,10.523256866020615
3026183,1.1610992702113503
3026184,147.41106671323382
3026185,5.539220632967194
3026186,9.434435022810588
3026187,3.884470919087658
3026188,22.332731620261246
3026189,2.2087827894753707
3026190,105.60537973732514
3026191,165.29851755037905
3026192,1.646002312276347
3026193,5.147571447532169
3026194,79.83897515978849
3026195,20.267205792358492
3026196,380.9932886705177
3026197,10.395020068012814
3026198,4.194624278968539
3026199,5.680989435944364
3026200,1.553577642812174
3026201,6.040907706947898
3026202,2858.556877529886
3026203,1.7854971341094192
3026204,585.6744947645562
3026205,10.240697151291332
3026206,759.3895232500757
3026207,741.7758587199634
3026208,226.54905750965855
3026209,121.86572936949194
3026210,98.33931385182701
3026211,58947.24095023656
3026212,25.719487669755473
3026213,2.96033283573029
3026214,18.50888977185665
3026215,49.77684270917899
3026216,2.1563544595135777
3026217,212.90654850693983
3026218,16.86663304803003
3026219,15.594349397208589
3026220,5.542767816982524
3026221,71.2474154080846
3026222,8.682869595099806
3026223,389.3605556479784
3026224,226.69104629052794
3026225,8.57094249734009
3026226,7.895478756307524
3026227,384.3940596282729
3026228,82.09526958421168
3026229,12812.988150771502
3026230,12.91204757000423
3026231,32.68804803234005
3026232,5.477442790853038
3026233,0.7960489976025804
3026234,5.436979351831706
3026235,3919.307692870434
3026236,0.8820370353153577
3026237,428.34524243664
3026238,5.281184987086339
3026239,1078.5892342555085
3026240,999.2191461150151
3026241,578.4107751675799
3026242,61.92232027317312
3026243,52.650668616566264
3026244,1778544.585906656
3026245,10.679287624160265
3026246,2.029437383138915
3026247,16.835731892934366
3026248,11.962974009270228
3026249,1.0859378306530028
3026250,270.75524180777074
3026251,1.9879267192609835
3026252,4.516752130641693
3026253,9.039215782138813
3026254,39.60904469773832
3026255,2.357851619677425
3026256,245.26177007490872
3026257,331.52031248767014
3026258,3.9295146394932647
3026259,5.33875455732501
3026260,209.00038585315525
3026261,45.10354103261419
3026262,823.2602127344356
3026263,104.15106263162984
3026264,9.619144649863562
3026265,6.9162813818002435
3026266,0.6282018147169965
3026267,4.182029115809639
3026268,2065.9000683150084
3026269,0.6267931657730401
3026270,356.7549641523896
3026271,4.701395922596332
3026272,1072.8890166140293
3026273,745.34928203571
3026274,263.7065531560536
3026275,220.92071346502115
3026276,64.5536209218173
3026277,232045.5509234946
3026278,11.938448635531106
3026279,0.9289431261364259
3026280,29.686651472481934
3026281,27.41649181298777
3026282,0.8294410293469388
3026283,218.56878997008096
3026284,2.9241193682833146
3026285,2.520373632062484
3026286,7.119806232210171
3026287,70.90846426203184
3026288,1.85938368167092
3026289,88.61006149968388
3026290,228.30312746065945
3026291,2.2357501655013525
3026292,4.168578746271551
3026293,129.4882212696147
3026294,103.40737105560862
3026295,1021.2277820921191
3026296,0.9580837191065259
3026297,3.6406006803474167
3026298,3.352178565298733
3026299,0.44981918479731436
3026300,1.7862762677134825
3026301,1205.20617871947
3026302,0.4544226351083584
3026303,103.57698090141798
3026304,4.8438381843687965
3026305,735.8973313771908
3026306,343.9667137116491
3026307,123.61037817837712
3026308,34.45973271448436
3026309,38.50397073824518
3026310,11798.869275994468
3026311,5.840726873334827
3026312,0.8082764416866176
3026313,20.103144002222514
3026314,15.521447909714503
3026315,0.6309660495399071
3026316,152.44509665190898
3026317,0.9011782293212336
3026318,11.071743176458646
3026319,4.306395066000457
3026320,68.00307135429001
3026321,2.293581172462168
3026322,88.21011527204281
3026323,158.6174315445782
3026324,1.1601583027215534
3026325,4.32800237565027
3026326,121.50437367056625
3026327,26.364974886152243
3026328,411.8773979610781
3026329,27.85953068764244
3026330,1.4883844849685315
3026331,1.6793830379536316
3026332,0.8440931928177174
3026333,2.358794335532122
3026334,1243.3602951737485
3026335,1.0092447462696834
3026336,242.93924504662223
3026337,6.300989191137193
3026338,499.59626954112093
3026339,456.9797788819287
3026340,139.5473900464359
3026341,37.275716910848956
3026342,51.18170115445476
3026343,3661.745399681311
3026344,20.209122239134345
3026345,1.2775125128200866
3026346,9.856115530197497
3026347,12.633217603693085
3026348,1.2612439001686486
3026349,106.7425481970657
3026350,10.843841837028585
3026351,3.840514086909204
3026352,6.978066205588418
3026353,36.54889421394139
3026354,4.261846320274398
3026355,581.4875423026825
3026356,157.3945385202496
3026357,4.239367013408042
3026358,5.048781457553255
3026359,261.0193236878112
3026360,26.877902926014258
3026361,1986.7844846100293
3026362,10.857829146472236
3026363,7.336102344667893
3026364,3.2956603919442937
3026365,1.8025671410737014
3026366,4.4618950296144115
3026367,3524.3454914769163
3026368,1.9922224630049086
3026369,720.4216625480024
3026370,11.214383859989915
3026371,947.2511739029263
3026372,1103.0262751656724
3026373,277.80567769866957
3026374,173.9870631483783
3026375,149.292884215004
3026376,31984.24596209548
3026377,24.45818652675359
3026378,2.6235499668438607
3026379,17.713852865246764
3026380,32.498665329572404
3026381,2.4268157905082752
3026382,241.48355994771978
3026383,9.277780693452062
3026384,67.48767832057412
3026385,9.078932199377983
3026386,67.74908089942282
3026387,10.319654975855368
3026388,351.53581545076
3026389,238.7657593393284
3026390,13.88974086232411
3026391,8.816860631192442
3026392,460.305759732436
3026393,93.81568346540072
3026394,90104.96271176524
3026395,10.326214562615371
3026396,20.584733995671275
3026397,1.4791994550285832
3026398,0.5571804816467105
3026399,4.695997633927752
3026400,1513.0505247880158
3026401,0.5754815634565748
3026402,397.84381265836396
3026403,4.869196282150854
3026404,427.61920864308615
3026405,585.5401333594533
3026406,137.25147796310557
3026407,93.7169022391633
3026408,68.93925923896809
3026409,2277.2611160120496
3026410,16.601192138417915
3026411,1.170954252692427
3026412,14.76088523322562
3026413,17.702348818782497
3026414,0.7613673511096047
3026415,78.85414410542734
3026416,0.7718675399086784
3026417,58.684324231259154
3026418,3.082127815964089
3026419,169.1519825243973
3026420,7.38813847965676
3026421,162.54586467995122
3026422,115.34641736183279
3026423,4.1475857076754155
3026424,5.567079658722201
3026425,141.38091603724433
3026426,30.71420180203404
3026427,2234.653269864081
3026428,1.2221321167528125
3026429,6.362632724238083
3026430,1.995237040104615
3026431,0.5617441073334236
3026432,0.7576713914474418
3026433,810.8255890482208
3026434,0.640810065787117
3026435,177.39883259367355
3026436,3.711673943425509
3026437,253.37869402164338
3026438,198.50470264305818
3026439,74.93217417075641
3026440,24.29283590782053
3026441,23.36051573638982
3026442,1497.2525686567353
3026443,4.82292812881874
3026444,0.8986865390206076
3026445,5.801455725825407
3026446,5.0822919428669575
3026447,0.8335032500564199
3026448,58.49738985324955
3026449,0.8225561781810632
3026450,8.720133544457367
3026451,1.0964014303624403
3026452,15.117361037932318
3026453,0.9199110618134174
3026454,199.83086145248896
3026455,103.65428257176906
3026456,1.7616961279997378
3026457,1.4882175750811766
3026458,101.78285453221497
3026459,14.991185261085018
3026460,775.1246724469327
3026461,1.1633839574540021
3026462,1.6094796441864836
3026463,5.419889263835557
3026464,1.180579641062437
3026465,3.737493843803579
3026466,2987.330510777238
3026467,1.3313270822928165
3026468,608.3146687924698
3026469,10.434738339440662
3026470,792.6560201590421
3026471,873.032921016554
3026472,247.32436755365197
3026473,187.19000969922087
3026474,94.82876815802118
3026475,54845.3989193788
3026476,20.99892595235123
3026477,2.792760787645191
3026478,16.757957170112515
3026479,25.496446463896085
3026480,1.6251260150648388
3026481,191.10232027215278
3026482,5.927012142812847
3026483,63.49183567969668
3026484,8.293954311613632
3026485,117.94871445695189
3026486,4.467654795897134
3026487,220.53296676096528
3026488,206.93165064230078
3026489,7.964890675815516
3026490,8.586162070755105
3026491,311.25406139513706
3026492,57.23513815769081
3026493,17251.530038305238
3026494,2.1877283238081207
3026495,16.934795485171975
3026496,4.783404671025229
3026497,1.1272852038505925
3026498,5.231899199568605
3026499,4217.888394526328
3026500,1.2935931474218014
3026501,533.1846269404803
3026502,11.327922560182753
3026503,991.689707517465
3026504,1198.1186335508103
3026505,309.98901167352165
3026506,182.35986766739572
3026507,54.07344787508706
3026508,2706778.031032796
3026509,10.660586456681035
3026510,1.7932653141663293
3026511,24.245706204589332
3026512,16.752995963930125
3026513,1.8200176563921053
3026514,197.79750631546924
3026515,1.6325017908142523
3026516,5.185132360550865
3026517,5.090084756128333
3026518,36.74954173184183
3026519,2.048351008097498
3026520,157.12915627228813
3026521,275.58652642459003
3026522,5.253791128982429
3026523,4.811184659044209
3026524,154.60699550185038
3026525,56.05609550325222
3026526,1155.3873215068766
3026527,2.508555364350454
3026528,3.442857909474537
3026529,4.183502113805194
3026530,1.2259310144394062
3026531,3.0398130371816956
3026532,3063.420325425618
3026533,1.255778400041186
3026534,525.3042972451005
3026535,9.525972516385252
3026536,863.0221787279736
3026537,1043.6265916662549
3026538,234.5667988804988
3026539,144.44832667807202
3026540,54.847052073930804
3026541,368029.043687851
3026542,12.233551010447504
3026543,1.980123566064341
3026544,22.813730665736706
3026545,17.228305796288254
3026546,1.5740780170487905
3026547,191.8267408899244
3026548,1.584418856553878
3026549,5.406560436243679
3026550,6.273292250196879
3026551,67.85577065210026
3026552,2.099159133136058
3026553,94.67429090163544
3026554,191.82731389573618
3026555,4.500003547842713
3026556,4.7332470297053515
3026557,130.72146481866088
3026558,44.61781917869482
3026559,1013.0818386437605
3026560,2.2631391710704514
3026561,5.284416173632883
3026562,8.90485712022251
3026563,3.4934720094960756
3026564,17.28067934582803
3026565,660282.1655569272
3026566,3.5785694636318826
3026567,1002.1677909877815
3026568,27.34027841442449
3026569,1529.0719163599601
3026570,1780.0070209494984
3026571,350.90529306721464
3026572,410.3351908044521
3026573,268.5744523494044
3026574,18514729.18646664
3026575,64.91803253106214
3026576,5.932464048108914
3026577,47.385016008611025
3026578,49.05592133119404
3026579,4.526668261030465
3026580,437.03049290219053
3026581,32.12959470053071
3026582,84.31274138008715
3026583,25.033680739699555
3026584,178.47844455293165
3026585,23.024471407156128
3026586,631.9182973868599
3026587,572.9146300774876
3026588,17.237293484771435
3026589,23.88150513311502
3026590,869.835226170377
3026591,183.96986610479067
3026592,17024324.257570546
3026593,5.526814929448254
3026594,71.31914145088219
3026595,1.574507387103834
3026596,0.540595750218836
3026597,0.941189675132742
3026598,1244.9242956199564
3026599,0.4578433775701803
3026600,132.04298882585883
3026601,3.603334631403263
3026602,604.4482728497786
3026603,309.6575868454888
3026604,100.96548257495175
3026605,89.88422543946142
3026606,35.75189926960142
3026607,4501.038305156475
3026608,5.107715915136991
3026609,0.6523161382945455
3026610,9.490790742274154
3026611,4.71212358564145
3026612,0.6450906030395693
3026613,132.95074251253197
3026614,0.8982142271197889
3026615,11.65242775888412
3026616,2.341569334781264
3026617,31.361854803416264
3026618,0.8974066930564427
3026619,43.072571309139235
3026620,77.02103761872698
3026621,1.290893725525618
3026622,3.0498631206753264
3026623,75.25962002384776
3026624,12.872634387104267
3026625,490.8281133171911
3026626,2.0149456873808362
3026627,2.495354936768996
3026628,6.2243707871024565
3026629,0.8315365209834781
3026630,2.1937707313910657
3026631,2998.107405503534
3026632,0.9287996617763694
3026633,439.06328281304667
3026634,6.762534246295408
3026635,1033.3006492063043
3026636,824.0728386521955
3026637,179.79865478018112
3026638,192.93641088790005
3026639,70.08977964864131
3026640,384874.7869711808
3026641,10.245406770015643
3026642,1.1730000509627305
3026643,18.081458494723716
3026644,19.36182517712961
3026645,1.157688799434443
3026646,202.7188839955528
3026647,1.5322556519870476
3026648,4.602826920084941
3026649,6.022315480494446
3026650,15.166877706601905
3026651,1.7885708802820186
3026652,266.8870024852017
3026653,200.0336604287983
3026654,3.7007097010024887
3026655,5.065866471767023
3026656,80.5635877565861
3026657,47.23476902512249
3026658,1013.1231551900732
3026659,1.5589456297026634
3026660,5.671022209922269
3026661,0.9691365594721255
3026662,0.40195178896284744
3026663,0.9767667047368556
3026664,874.5123552986522
3026665,0.4273678626463571
3026666,103.9457435320147
3026667,2.23965341551409
3026668,597.1503879109608
3026669,174.1493607314602
3026670,70.61499714166126
3026671,173.04258243362685
3026672,14.706327250185794
3026673,2385.682439989173
3026674,2.1031474332282247
3026675,0.5860372227090804
3026676,7.93607980355698
3026677,3.5492625955060695
3026678,0.5985469793262037
3026679,79.69293186210483
3026680,0.580473899670804
3026681,10.286951661761039
3026682,1.115486555947908
3026683,16.819307966363
3026684,0.6997584773964028
3026685,47.23483758459782
3026686,71.57592281312007
3026687,0.8695255790754897
3026688,1.0961837510030015
3026689,36.94277492469991
3026690,7.485988197720875
3026691,144.12651095188806
3026692,8.150539082180279
3026693,1.181922546505323
3026694,4.517696438022269
3026695,0.47909860544421534
3026696,1.7276961083730815
3026697,1542.3443360735614
3026698,0.5111993473200481
3026699,173.20818484546635
3026700,5.857324620613909
3026701,829.7971333987012
3026702,549.1077992043015
3026703,155.97149516374193
3026704,152.19875834285926
3026705,45.77654307519744
3026706,16905.56620126288
3026707,3.306973435008112
3026708,0.7971016906982941
3026709,23.630355779342246
3026710,10.285849337301782
3026711,0.7276290661703507
3026712,174.73462883654923
3026713,0.6980035557623289
3026714,11.663537981485186
3026715,10.068059474477007
3026716,39.430142472896996
3026717,1.2130607179846364
3026718,205.95922928614175
3026719,175.1922937314309
3026720,1.463815493642905
3026721,3.011026605283037
3026722,188.69003690320318
3026723,21.5261145235112
3026724,931.3229378035602
3026725,8.295845581118538
3026726,1.1765592411672487
3026727,2.985122046851308
3026728,1.3093839679116042
3026729,2.8118751141047955
3026730,1852.4936833510726
3026731,1.412906712323906
3026732,599.755341180196
3026733,6.776205908094382
3026734,830.5519704160365
3026735,861.5667622372762
3026736,189.72899325251015
3026737,85.5609906537725
3026738,57.155332037518086
3026739,177907.2774608111
3026740,6.398154326324265
3026741,3.920594963523872
3026742,25.259871505724288
3026743,30.038905304535895
3026744,1.7936213121321094
3026745,159.78104847294688
3026746,2.8008025557651477
3026747,5.525079712116131
3026748,4.827791356599575
3026749,24.64100287083848
3026750,3.120781084412661
3026751,135.11028497981968
3026752,219.8504783915397
3026753,3.8601231005040644
3026754,5.938515042399953
3026755,115.51503090420714
3026756,22.529852503656752
3026757,614.4463950648963
3026758,3.5516304119348265
3026759,3.7570826709610867
3026760,2.1126485894578435
3026761,0.36645550535959104
3026762,0.8258901853691873
3026763,1138.6335691521765
3026764,0.38982629850075623
3026765,80.09412818711124
3026766,1.9316876054121943
3026767,447.44709195435007
3026768,187.04209555936706
3026769,68.24929297409138
3026770,109.24404526546604
3026771,34.41934595091919
3026772,3265.1138129130813
3026773,2.94327030601077
3026774,0.6029861590808978
3026775,6.088805884898546
3026776,3.7984790563737483
3026777,0.5397692498495795
3026778,78.67037444216345
3026779,0.5327383910295262
3026780,10.812262488388557
3026781,0.9430824543507098
3026782,31.716491825046766
3026783,0.8043985032586847
3026784,133.20476771743023
3026785,74.8464312965482
3026786,0.8416340942203434
3026787,1.4161926310760973
3026788,31.60108891023611
3026789,11.763355323084117
3026790,318.9476491311327
3026791,2.214119891125037
3026792,0.9987479142087845
3026793,6.783018366736561
3026794,1.0333280463064
3026795,3.4877786825947537
3026796,9955.792876201764
3026797,1.1804122094325762
3026798,498.23665935017533
3026799,14.514012847860203
3026800,1108.1374305392137
3026801,781.0292126033227
3026802,215.2947842970791
3026803,124.15671404348423
3026804,98.50071199797732
3026805,11645303.998170095
3026806,9.163183336296214
3026807,1.54918579761129
3026808,63.96376562160601
3026809,67.67282200966763
3026810,1.4783142077546596
3026811,210.72804838914433
3026812,1.4991255317815684
3026813,51.881818583330926
3026814,8.10362960089487
3026815,64.63742842367883
3026816,4.5778342196141075
3026817,221.95865321132652
3026818,225.32127785478212
3026819,6.8787781287738285
3026820,8.787940238974297
3026821,120.29654175425891
3026822,43.69200762711671
3026823,1489.7427970697822
3026824,1.744357679636311
3026825,2.4131475995623823
3026826,3.1243842350352593
3026827,1.142291578084976
3026828,8.439466536352583
3026829,2396.046856003316
3026830,1.2832769350207691
3026831,502.74112582908947
3026832,5.802354231494882
3026833,811.5528188379337
3026834,765.4469733179282
3026835,174.06035381726824
3026836,101.66057137111153
3026837,106.30867486515606
3026838,28650.04825012149
3026839,31.941500846789957
3026840,1.9400323997791775
3026841,19.60563389433624
3026842,24.00024622676641
3026843,1.586612469579662
3026844,194.6000998856457
3026845,17.369858328694246
3026846,25.09048432696134
3026847,3.0816717296631495
3026848,98.26216668121663
3026849,7.33365653661779
3026850,177.36561852812068
3026851,225.10379630820958
3026852,10.448318462755754
3026853,11.507988466162967
3026854,207.0692710550469
3026855,57.928614554205204
3026856,11635.696369519195
3026857,6.762643984959299
3026858,10.743728418179275
3026859,3.955754498014241
3026860,1.1412538286731597
3026861,6.595298952216105
3026862,2415.654437984519
3026863,1.310473296777137
3026864,460.75109647273894
3026865,9.960762541189899
3026866,950.3254546538179
3026867,731.9618806503568
3026868,153.83437271293337
3026869,66.30201707024762
3026870,105.20912889766016
3026871,54618.2587782102
3026872,25.042471188399492
3026873,1.859534218791402
3026874,38.17580576989684
3026875,41.94064171651333
3026876,1.6213349443168492
3026877,242.08151003465525
3026878,15.951858362728316
3026879,24.009255254040905
3026880,8.602283766198303
3026881,81.06386790699773
3026882,9.623293636697042
3026883,137.1448575579822
3026884,381.169797886772
3026885,6.825986701164842
3026886,9.289158000793357
3026887,100.34051984105693
3026888,57.048785607352436
3026889,4829.676464473072
3026890,5.105303316765235
3026891,16.117572728823504
3026892,6.256591199591454
3026893,0.8402625469518765
3026894,6.259084028255094
3026895,3674.6779876952032
3026896,0.8969824138721356
3026897,581.5151788885543
3026898,4.463806587534692
3026899,1111.5024547396818
3026900,871.2377214161359
3026901,190.33129389598335
3026902,330.2482257699109
3026903,55.109397798773045
3026904,651974.1325268837
3026905,25.649568401505743
3026906,1.5237620081669991
3026907,18.4345377308424
3026908,15.701986414669118
3026909,1.1275666924722847
3026910,250.50939599922447
3026911,4.612218171013104
3026912,10.006712182019262
3026913,6.899098171452071
3026914,37.92111648376175
3026915,4.0960503971121085
3026916,120.79359194148832
3026917,238.93410877891904
3026918,5.603278138005398
3026919,6.929926898521203
3026920,166.04892807322258
3026921,40.998030362171015
3026922,1336.549323209833
3026923,16.396964400069738
3026924,10.258575591409521
3026925,3.068401610274182
3026926,1.1728925598948796
3026927,3.6601271278486003
3026928,1940.3988181720808
3026929,1.319957388987268
3026930,296.8258210844455
3026931,6.116527281388809
3026932,722.4874517129107
3026933,667.5428402337773
3026934,209.25703195630504
3026935,106.00864737303851
3026936,63.89764381531581
3026937,18449.892144287005
3026938,18.06522105309767
3026939,1.9567568260187977
3026940,13.589308085135963
3026941,11.010935417012899
3026942,1.6600819821994715
3026943,176.15373106806882
3026944,15.144955066096447
3026945,18.822929232385583
3026946,2.7055320266601366
3026947,61.477792161283794
3026948,6.526214797041322
3026949,295.9676037410121
3026950,202.11918061863472
3026951,5.912999660229387
3026952,7.803747608784098
3026953,285.7677645534932
3026954,41.034921382808726
3026955,5644.809859098145
3026956,2.140278606534724
3026957,21.88393784342515
3026958,1.8819311606592581
3026959,0.7493120016191488
3026960,3.663505687888121
3026961,6385.000811265561
3026962,0.8629746468458135
3026963,369.343839790885
3026964,9.971651016301564
3026965,1312.5787046408777
3026966,868.9905905793272
3026967,227.62977656796005
3026968,155.82713796358212
3026969,51.70779204521221
3026970,1184700.9052496047
3026971,7.8632685018591175
3026972,2.370214189706923
3026973,25.457860520261665
3026974,18.66100205620936
3026975,1.092412926392452
3026976,324.7938424037315
3026977,1.0849541019159972
3026978,1.6598587345899838
3026979,7.766305661839886
3026980,24.167830470903038
3026981,2.228059303039891
3026982,109.77189210881957
3026983,260.4248510785669
3026984,2.816024755702762
3026985,7.679249730786414
3026986,131.82836634112695
3026987,38.92655428790371
3026988,940.8505500690808
3026989,9.646560610752623
3026990,4.021974356963158
3026991,4.89909536942895
3026992,0.6428985609571268
3026993,5.481059214238046
3026994,1941.8136938609678
3026995,0.7281360048029093
3026996,475.3513233310715
3026997,7.510182018649496
3026998,906.7144357068242
3026999,676.4125723266501
3027000,201.3187077967094
3027001,101.6186774942108
3027002,128.45845400254439
3027003,26663.788511575236
3027004,26.340812196091797
3027005,1.4125711552074194
3027006,18.640056378098038
3027007,29.928237606084053
3027008,0.9531039462783163
3027009,207.12129385122884
3027010,11.52591805139297
3027011,15.017609471754252
3027012,6.334076667174873
3027013,61.648008362258395
3027014,7.542356737160656
3027015,162.14570172832882
3027016,317.9660050592122
3027017,9.947585713601972
3027018,7.487744251486529
3027019,150.890638605342
3027020,52.28538683171639
3027021,3681.765997115488
3027022,1.36070377156892
3027023,5.051176681132144
3027024,2.871235030850305
3027025,0.9034342938209622
3027026,5.560919350838602
3027027,1912.5406223671291
3027028,1.01427045420081
3027029,434.3725779349965
3027030,6.534554067886581
3027031,664.8134265046078
3027032,741.8646168821989
3027033,170.4396052886389
3027034,99.0094562506731
3027035,104.10499407349403
3027036,13974.461018782376
3027037,24.893136819151557
3027038,1.7734883316051149
3027039,19.017537996881916
3027040,16.054619614981497
3027041,1.2537900437240728
3027042,179.65898999564507
3027043,9.629460302617229
3027044,64.6193092582659
3027045,7.804745259008742
3027046,57.98690416423869
3027047,7.277333980719375
3027048,180.14162221252252
3027049,196.76430003788366
3027050,6.616235235980854
3027051,7.083730359448751
3027052,172.02185799078973
3027053,37.56436130669789
3027054,8020.893437183887
3027055,1.4539314654945346
3027056,13.473824599475261
3027057,4.6286478591482165
3027058,1.2064550591035497
3027059,4.9821540241472935
3027060,7246.347599958199
3027061,1.3451515226354591
3027062,503.6484780238314
3027063,11.37577819233254
3027064,1035.6211301485653
3027065,946.7877723322347
3027066,245.04342012487254
3027067,158.8071501585619
3027068,47.16017561198449
3027069,339731.625877931
3027070,9.781249490984123
3027071,1.6191884052307883
3027072,11.79014271079953
3027073,18.66592399986809
3027074,1.696780817551017
3027075,209.96511377558144
3027076,1.69802993770934
3027077,8.323821850329622
3027078,2.9620025227084374
3027079,55.689457379417185
3027080,5.26576090881345
3027081,167.15069212071919
3027082,236.783843391429
3027083,3.968583534621419
3027084,2.5351844853559884
3027085,197.3046491124454
3027086,100.2422618405806
3027087,1077.273893821126
3027088,3.4836833143458827
3027089,2.28899049034461
3027090,14.774042156542388
3027091,3.0895109220077375
3027092,17.642411350421963
3027093,8518578.354785882
3027094,3.3889215507473764
3027095,1237.5410033120306
3027096,26.118325935348295
3027097,1991.5113142077312
3027098,2244.6830412514923
3027099,579.5310541431112
3027100,508.0794035505798
3027101,355.23674118429335
3027102,271470832.2546897
3027103,75.99826718741535
3027104,6.799653931280634
3027105,105.7456429574317
3027106,128.63476333861158
3027107,4.24541292342159
3027108,577.6070093084544
3027109,44.83957330063768
3027110,23.763017647490965
3027111,43.73973479879821
3027112,267.5023646213299
3027113,22.0594420554288
3027114,709.4233998204652
3027115,601.901844021334
3027116,33.8621162925198
3027117,33.71218997060048
3027118,914.310310628938
3027119,242.50142872813436
3027120,237506684.95493037
3027121,325.62085869948663
3027122,78.49732386990307
3027123,12.236179504575825
3027124,2.157155363330218
3027125,13.13982830680081
3027126,2193694.44573221
3027127,2.40014281129805
3027128,982.0113839278334
3027129,22.80685225550323
3027130,1812.1707966225167
3027131,1669.3865444002413
3027132,688.7264270598616
3027133,295.6753502699346
3027134,270.3429677517964
3027135,633729591.6925186
3027136,93.46532758559634
3027137,3.573632126809304
3027138,57.96275021312699
3027139,78.90561986971831
3027140,3.1869869446783
3027141,595.5413927707509
3027142,34.24799442670723
3027143,65.19179959810704
3027144,36.90721383787434
3027145,197.12490959175307
3027146,17.482781748574588
3027147,811.7071088960498
3027148,752.7965815119965
3027149,20.348772541380562
3027150,28.34061106669922
3027151,900.3497336329937
3027152,190.0218978951486
3027153,2832738.7029491942
3027154,451.735402536661
3027155,79.8599441040102
3027156,9.206680911443607
3027157,1.9197552346751925
3027158,17.852086689686317
3027159,71764.23204698644
3027160,2.091782327398222
3027161,802.92113038194
3027162,13.430446632448817
3027163,1649.2441465071452
3027164,1172.4656165853603
3027165,768.2302491815299
3027166,101.21867035423705
3027167,196.27098503239984
3027168,84984154.37380101
3027169,27.256922816123577
3027170,5.630532547728284
3027171,34.83954448369326
3027172,30.79458732475102
3027173,2.7626724350953884
3027174,505.17187255100725
3027175,45.78612967973526
3027176,61.74904152980874
3027177,9.307852815449841
3027178,98.23669134614826
3027179,10.03765560928971
3027180,794.5701583151293
3027181,674.194147123538
3027182,19.55587016581251
3027183,38.50569530446374
3027184,644.1284326405319
3027185,105.66109637436575
3027186,35755.817584651406
3027187,270.55164790088264
3027188,36.90824961450628
3027189,12.395191635031974
3027190,2.370237901464825
3027191,19.044509754462712
3027192,1219360.539027145
3027193,2.5494587427509967
3027194,939.4725175056913
3027195,18.04541435936628
3027196,1741.9922631850202
3027197,1620.5678975278406
3027198,631.1345475126451
3027199,257.18445093752706
3027200,208.9873377629445
3027201,146439855.84065893
3027202,38.04891314750888
3027203,3.806167326071563
3027204,59.77945517219728
3027205,69.0731168311443
3027206,3.470368846160893
3027207,511.74527790867415
3027208,45.39972001718742
3027209,37.73922566191721
3027210,50.44925739966227
3027211,171.28786418825862
3027212,13.178785130320808
3027213,690.0203403193367
3027214,722.4075126769216
3027215,21.166519797969112
3027216,26.41474369865932
3027217,821.6416227582872
3027218,167.62637665210843
3027219,1121429.264032947
3027220,396.87594566676034
3027221,57.25208452658833
3027222,8.796127427816657
3027223,1.3354586237487867
3027224,18.36673059457508
3027225,12014.721749925118
3027226,1.4483741041777136
3027227,696.9954148078092
3027228,14.465697632150647
3027229,1441.3549395380155
3027230,960.298142635286
3027231,598.8978893404584
3027232,76.61836370710816
3027233,157.6866023591625
3027234,13381950.63674304
3027235,27.45050517176742
3027236,1.8566536609270483
3027237,27.755126241880124
3027238,31.90689368894118
3027239,1.892238169938127
3027240,437.6025051482822
3027241,47.57656848798506
3027242,16.161371616334154
3027243,29.00387855524661
3027244,91.70999302846127
3027245,5.661809398119519
3027246,669.3195012270514
3027247,662.3611211978716
3027248,15.301592079870684
3027249,21.711755922214223
3027250,637.4906847110203
3027251,66.50927391475439
3027252,7593.161114469332
3027253,392.1561199130208
3027254,22.283803422125406
3027255,8.244450593413164
3027256,1.1484042133633052
3027257,12.906112563216539
3027258,68088.89395901468
3027259,1.334324234280994
3027260,988.1971857596673
3027261,19.19756840310106
3027262,1393.3784987329711
3027263,1591.3995021735457
3027264,450.2190778654829
3027265,388.8184979353558
3027266,281.19653159376
3027267,5224031.878134032
3027268,52.14602952107562
3027269,2.069234137880281
3027270,44.84819842427383
3027271,46.66834137143948
3027272,1.8050701689488704
3027273,402.53356449998796
3027274,17.429733801010862
3027275,59.97856868457889
3027276,12.831023035929952
3027277,198.68558593611036
3027278,14.481022669890281
3027279,653.1925647223603
3027280,505.7366072917705
3027281,15.855245852402675
3027282,25.566588156406084
3027283,768.0223830142534
3027284,178.43485248718602
3027285,9518106.971449303
3027286,236.30514840973194
3027287,68.52911865150362
3027288,4.6385309182150944
3027289,1.0013328123602148
3027290,5.967229843019029
3027291,1457.3109759421109
3027292,1.109743607236575
3027293,296.8336380466555
3027294,16.810456456487408
3027295,783.3123756076996
3027296,536.7284122516218
3027297,220.5496034053312
3027298,61.81669853234196
3027299,63.73702742982673
3027300,13883.037569111544
3027301,23.904625383041697
3027302,1.7296124587130937
3027303,25.70383797016781
3027304,21.415482744648784
3027305,1.4140341583667386
3027306,177.4799120683411
3027307,8.909581084514377
3027308,9.898936682280127
3027309,9.128351172091014
3027310,48.30626194772987
3027311,6.304407143468427
3027312,192.19405270745327
3027313,210.37561261263085
3027314,3.052373068735122
3027315,5.679544623743652
3027316,171.63603871472475
3027317,41.522284488300706
3027318,2142.4581622140836
3027319,1.6835012279328359
3027320,10.297342701482297
3027321,7.744951395499632
3027322,1.225480763974865
3027323,12.704523627657151
3027324,5908.860954117554
3027325,1.339005184632421
3027326,558.0486265041125
3027327,24.5886064132345
3027328,1194.4829281775733
3027329,942.2340625897511
3027330,470.0674787360126
3027331,79.94494826812235
3027332,109.87659961913825
3027333,980361.379029966
3027334,51.34752082121433
3027335,2.218987762942122
3027336,48.24890457004556
3027337,36.644451994806566
3027338,1.7275400732575048
3027339,318.0286241442557
3027340,19.646366167305874
3027341,14.395444537104185
3027342,4.185277655480864
3027343,108.98727844780565
3027344,9.012561479569458
3027345,498.00598021909104
3027346,507.266120643221
3027347,10.545038136106982
3027348,19.9542240920689
3027349,324.40720627423593
3027350,67.3118458873774
3027351,11370.125039391438
3027352,339.44615067748504
3027353,16.5828576744438
3027354,4.746120452324723
3027355,0.6065988210599796
3027356,4.7799729693815225
3027357,5905.470086468655
3027358,0.712040840699982
3027359,787.8554030944605
3027360,6.916968448603945
3027361,1161.875329783089
3027362,1293.2224247772097
3027363,236.00606743437842
3027364,278.53354554993774
3027365,222.6655967279108
3027366,113823.30507909041
3027367,32.59851429388545
3027368,1.456298076025449
3027369,28.790199498836916
3027370,49.875081356291645
3027371,1.010089564492799
3027372,259.85214373970615
3027373,2.246268434785735
3027374,71.21122055027341
3027375,4.055720649767348
3027376,124.76201105000561
3027377,8.340696312791703
3027378,530.8009061191768
3027379,248.14089534623625
3027380,16.1992485086512
3027381,7.512737970633397
3027382,629.9689340726991
3027383,98.33611410376764
3027384,329186.1177618212
3027385,1.8929802924079904
3027386,37.161376895915225
3027387,8.282824621699788
3027388,0.9292811965367238
3027389,6.641593812953247
3027390,6110.132224774494
3027391,1.0913615085966673
3027392,758.5814962622136
3027393,8.671260423140017
3027394,1265.4658483151711
3027395,984.2927134416764
3027396,339.3514357591408
3027397,176.37637919257662
3027398,277.48751729400647
3027399,647933.9754951159
3027400,30.256603473511316
3027401,3.61258733259268
3027402,36.27507562978242
3027403,37.33041214009475
3027404,1.3961078771309194
3027405,288.474910425215
3027406,6.9457173397262855
3027407,79.39232108726254
3027408,9.041158978960777
3027409,209.38906845902204
3027410,7.610001776135048
3027411,400.201527492881
3027412,311.4378391434579
3027413,11.942082966118996
3027414,25.31101071763304
3027415,413.628658935056
3027416,109.02366805251529
3027417,126820.207660537
3027418,3.3448231401957678
3027419,10.46110843560552
3027420,5.222079445170939
3027421,0.6353596292407812
3027422,5.42982312410481
3027423,1702.0575228741748
3027424,0.6641937421005473
3027425,422.1183380299782
3027426,4.355178795927367
3027427,837.5705111158793
3027428,493.46455713768313
3027429,227.57858770079915
3027430,71.48615648342276
3027431,92.30429273219585
3027432,8528.716574436554
3027433,10.53115126452896
3027434,1.2991291321903589
3027435,21.908004083920638
3027436,21.949164114695293
3027437,0.8667427507288147
3027438,173.32306614697995
3027439,5.159837685173632
3027440,10.667229519611194
3027441,5.040123926120696
3027442,71.07708201742771
3027443,3.246377221291319
3027444,214.0761007153762
3027445,185.553658457622
3027446,4.1251238488195145
3027447,5.511864624870932
3027448,148.42811251437772
3027449,70.15266244462478
3027450,2717.7670853237323
3027451,1.3049000646883253
3027452,5.282643774087223
3027453,4.2848152961710495
3027454,0.4389326012305686
3027455,1.2629874326584907
3027456,2938.8039650914016
3027457,0.4700152670989938
3027458,179.24100860124116
3027459,2.2447685450570107
3027460,883.7727951944044
3027461,243.26866773684253
3027462,171.92208463616808
3027463,47.01955915891593
3027464,23.254523965543054
3027465,15896.755322642657
3027466,7.847308360825207
3027467,0.8544663041026457
3027468,13.469825704653482
3027469,6.098036282548136
3027470,0.6318524425775891
3027471,164.65246362230758
3027472,0.6372664799896142
3027473,14.576262874112388
3027474,3.2749939210281585
3027475,13.822315163377247
3027476,0.9730325843641314
3027477,37.64734733458477
3027478,150.25823683824902
3027479,0.7475486145373842
3027480,1.5508540288020825
3027481,41.657250655035476
3027482,59.92448528163658
3027483,556.9932289978983
3027484,11.402346292558132
3027485,1.4125550016412836
3027486,5.584767004052393
3027487,1.4464819474665587
3027488,7.441791827235668
3027489,3973.7836995465505
3027490,1.6658980310973996
3027491,530.4884270176415
3027492,9.64355122337082
3027493,966.3050525128449
3027494,857.6085598989653
3027495,311.0822232893467
3027496,132.5807397159549
3027497,116.3223927548175
3027498,176484.98782154432
3027499,25.6762096919813
3027500,2.173243976647957
3027501,24.567994285348497
3027502,47.83569097775277
3027503,1.9913496623273783
3027504,241.76725178990802
3027505,16.597399381897436
3027506,18.33374894962791
3027507,14.775682207504952
3027508,75.72994081523272
3027509,6.37985985686802
3027510,406.371557258619
3027511,296.48995919712195
3027512,7.643902405609685
3027513,12.086801580388833
3027514,421.9993351353587
3027515,68.9243975220908
3027516,8757.39354115587
3027517,12.884042373508002
3027518,31.440740301831
3027519,4.460340350038469
3027520,1.3471167330726697
3027521,4.791079423690748
3027522,4407.620407611246
3027523,1.5456137924066555
3027524,628.0908747745309
3027525,14.061060186404266
3027526,930.5378062259284
3027527,1096.1842385645787
3027528,215.70848597125524
3027529,219.489868155751
3027530,172.43298379112045
3027531,45253.443327179906
3027532,32.38347736286623
3027533,3.4650691265736704
3027534,30.769591644452756
3027535,33.89152247526929
3027536,2.078923457521558
3027537,222.56507639060555
3027538,11.582357765723948
3027539,72.53542586022164
3027540,9.903222298072214
3027541,124.5671095191446
3027542,11.772298833265811
3027543,400.49675368067864
3027544,238.31990636933196
3027545,6.277177352597923
3027546,12.435996190728758
3027547,558.5465439169458
3027548,105.1385547911407
3027549,293998.8418264007
3027550,2.200338526295318
3027551,38.44574769902139
3027552,4.989651624710889
3027553,2.9290562924795043
3027554,13.006689823699984
3027555,9727.056582892825
3027556,2.69232504328654
3027557,759.3930453996174
3027558,16.417006067831874
3027559,1029.4083462452013
3027560,1118.755399874786
3027561,273.124010461665
3027562,228.97680336232384
3027563,120.72093858195528
3027564,200915.59671691072
3027565,30.922450459149193
3027566,5.564267277692429
3027567,41.560433037053905
3027568,52.18518693783297
3027569,3.4053242332092344
3027570,264.2253276285998
3027571,24.47948221801542
3027572,43.09209569323935
3027573,21.217313491462377
3027574,120.27064260859447
3027575,15.568928375985822
3027576,376.71735783384975
3027577,273.80582149718686
3027578,16.738568036020894
3027579,18.45874919906321
3027580,494.00002165747554
3027581,115.28859384982155
3027582,554561.686364616
3027583,4.1961335186310045
3027584,34.73494306126895
3027585,8.768448977521539
3027586,1.1702942910898102
3027587,9.344145819353827
3027588,2980.5084170820346
3027589,1.2497082738781464
3027590,394.5929839687875
3027591,11.742328189851333
3027592,1251.5195933171105
3027593,1042.968625812331
3027594,491.5011902915172
3027595,128.26697076506423
3027596,74.94435041385778
3027597,6209318.458352
3027598,6.978165316925212
3027599,1.842844142183691
3027600,40.4932338092771
3027601,31.283662165626588
3027602,1.5496654224792026
3027603,371.1005877988952
3027604,7.218301609472238
3027605,4.223565077480547
3027606,12.098515169296224
3027607,42.679428911605534
3027608,4.178300526890776
3027609,275.37301061898387
3027610,414.82573950641824
3027611,5.0766448439441065
3027612,6.664331702399499
3027613,301.2180886858847
3027614,82.47134863225533
3027615,1255.8805551651576
3027616,86.34349635417028
3027617,13.853913989254107
3027618,4.889309927223813
3027619,2.1979266692210953
3027620,6.727559009841101
3027621,1739.713262649884
3027622,2.393605221485565
3027623,286.6570501718937
3027624,11.086280041679359
3027625,588.1906833652531
3027626,592.3640803977313
3027627,130.47753292539812
3027628,105.13303610001181
3027629,118.01940176351246
3027630,8174.417104075199
3027631,16.196480093670527
3027632,3.4483055285836186
3027633,24.005524331161357
3027634,23.60506619925445
3027635,2.76005958345893
3027636,146.63238081659824
3027637,9.723614296905545
3027638,16.048445602902902
3027639,6.450316254846742
3027640,93.80264630357455
3027641,6.370389999864137
3027642,218.69138134630623
3027643,157.74236257230405
3027644,5.8446669894784105
3027645,9.227129938723582
3027646,222.7197542529215
3027647,51.755366273517254
3027648,5052.628835296642
3027649,5.259183939240037
3027650,24.746046228591663
3027651,2.526103783847649
3027652,0.6246623769030691
3027653,2.635562836574462
3027654,1398.1582610315845
3027655,0.6909630620110735
3027656,81.01770650918299
3027657,3.940772626940032
3027658,836.6372952096536
3027659,252.5479661516494
3027660,210.5873218086818
3027661,28.14076888193585
3027662,28.65363386858453
3027663,1108771.5204557343
3027664,4.797825474946446
3027665,0.917306199000852
3027666,12.403199371987098
3027667,7.542989001700208
3027668,0.9240003862570572
3027669,146.6228110854523
3027670,5.277539314073744
3027671,2.8463700876698255
3027672,2.121736143505994
3027673,10.027645084615491
3027674,1.9783289964686956
3027675,200.085537066545
3027676,185.20659051113037
3027677,2.1608359316750905
3027678,3.6206226457834587
3027679,91.79688259395127
3027680,25.737148963294423
3027681,256.1258039359165
3027682,12.406666514122909
3027683,2.667955412263592
3027684,7.164919624125417
3027685,2.027727690395828
3027686,7.173059915051326
3027687,10402.51964065816
3027688,2.1562745008957234
3027689,665.8596608206323
3027690,11.916965354724729
3027691,1510.9354491840145
3027692,779.6351062536886
3027693,511.74950167667043
3027694,210.0433859612642
3027695,74.21726399793023
3027696,19564245.423732445
3027697,25.7476210173568
3027698,2.7333251080190935
3027699,22.302418081636645
3027700,17.066278260737594
3027701,2.6154704090443364
3027702,455.30807068056737
3027703,9.14754526742758
3027704,4.6868274061622515
3027705,8.396618647626147
3027706,37.02766352856296
3027707,4.311419841123184
3027708,686.2275304829247
3027709,376.02183647887836
3027710,4.097781691062408
3027711,13.057805034472613
3027712,322.04019278410374
3027713,82.90107969033126
3027714,1598.2464918392002
3027715,90.9579950535655
3027716,7.3523477214212445
3027717,4.662170853991712
3027718,1.0888374462568107
3027719,2.1503302876672743
3027720,1232.3514319077592
3027721,1.2455122082341963
3027722,160.10110429912712
3027723,8.946177419655218
3027724,894.9146071934298
3027725,415.06756336666416
3027726,189.76101266138767
3027727,54.92020016831927
3027728,29.288956107983918
3027729,16741.00659977228
3027730,6.831841177897706
3027731,1.5883883439838042
3027732,10.882830513734111
3027733,15.351948295876918
3027734,1.539742626809203
3027735,146.36322131141094
3027736,5.91174273153357
3027737,4.8422855196318375
3027738,25.84277293461214
3027739,28.410114224187513
3027740,2.543807041350419
3027741,178.37300769858138
3027742,180.97448620638082
3027743,2.3192175263206978
3027744,5.795507271620448
3027745,124.28167550314342
3027746,29.99278227635742
3027747,329.722606993972
3027748,7.555179858320105
3027749,2.977794152933181
3027750,3.5178545707832933
3027751,0.675889334600597
3027752,2.742640085004436
3027753,1144.4197944367145
3027754,0.7482218545473533
3027755,92.22186251071298
3027756,4.978307027801536
3027757,764.7558028054548
3027758,238.26137625807007
3027759,124.50437778936124
3027760,34.99370733129039
3027761,26.797964728135153
3027762,11705.48712947629
3027763,7.731135761791836
3027764,0.9492791031085857
3027765,8.21262142103423
3027766,6.687201047525051
3027767,0.9687279168347794
3027768,121.91259727381147
3027769,1.5727066174439321
3027770,3.9445307470221946
3027771,2.2184200462891326
3027772,26.259011017230936
3027773,1.431846057179139
3027774,163.97550228204184
3027775,165.47823739235926
3027776,1.2602850828485488
3027777,4.695383778116845
3027778,76.54179046564965
3027779,17.492536326244025
3027780,160.7967558435925
3027781,15.755751591116741
3027782,2.1064968357059244
3027783,3.368287596095847
3027784,1.1745174340683864
3027785,5.045496815896563
3027786,1192.0979899308047
3027787,1.3385488400375152
3027788,137.73720626568593
3027789,6.733135067790397
3027790,1029.265185924279
3027791,344.2404255630028
3027792,224.03346878856883
3027793,36.12811702640447
3027794,31.598046166149246
3027795,33753.78198225329
3027796,5.247497467695784
3027797,1.5777060414584119
3027798,11.445378803843555
3027799,19.814083533591937
3027800,1.6035810058111848
3027801,175.0865583219123
3027802,1.9468882121127389
3027803,3.899886008919669
3027804,3.713668461400842
3027805,12.112568687015472
3027806,3.009804694258402
3027807,295.53497511109964
3027808,210.3500908716446
3027809,2.04892045582479
3027810,5.637723576490248
3027811,64.42285240860528
3027812,76.35894017846513
3027813,349.17920353105785
3027814,11.599992645283649
3027815,5.016502062195596
3027816,4.177055134031563
3027817,1.9746768472704703
3027818,6.008823479277884
3027819,1446.6615870929015
3027820,1.2973569589633986
3027821,137.9611932939402
3027822,4.309920506838234
3027823,863.8385707121678
3027824,357.6421630603845
3027825,225.12933897714413
3027826,84.8770524200857
3027827,55.65078361757995
3027828,43009.21270657872
3027829,6.652111968366603
3027830,2.353871512267469
3027831,12.272359859075216
3027832,16.0483185229082
3027833,1.5926803767904663
3027834,186.60358712189242
3027835,7.117420697441124
3027836,3.90448801006416
3027837,6.203687749123515
3027838,20.205630274011217
3027839,2.2467846531815203
3027840,151.88629360327215
3027841,183.29423519085123
3027842,2.0159165318256056
3027843,5.658222071012308
3027844,93.7841281960677
3027845,35.26323018889285
3027846,636.8234406924528
3027847,15.511597745061664
3027848,4.725722287844866
3027849,4.096094414562979
3027850,0.5725369418339848
3027851,2.152312222764521
3027852,1335.4012641000045
3027853,0.6522477631384962
3027854,128.73304008552253
3027855,4.92409442315483
3027856,1038.667831753135
3027857,225.80672674442735
3027858,152.0319645808022
3027859,105.42883622087332
3027860,28.77512378923632
3027861,316902.667375063
3027862,4.955268907987221
3027863,0.8291658766373012
3027864,11.248093672043698
3027865,14.018710045249492
3027866,0.8460573431199209
3027867,149.7510583329115
3027868,0.8345023437965997
3027869,2.747620469292097
3027870,2.26613858523635
3027871,36.92865595761162
3027872,2.0492593778052943
3027873,82.16959354596653
3027874,148.46815137749488
3027875,1.2087090389888135
3027876,3.1549694418757674
3027877,53.326604524928115
3027878,27.70310078359248
3027879,538.9820317530276
3027880,3.416989016426581
3027881,1.2586160900401584
3027882,6.487319529918378
3027883,1.3785725227069576
3027884,5.060226583391321
3027885,2136.563981245698
3027886,1.3791845574991202
3027887,244.85534088929364
3027888,5.120884413536758
3027889,907.3477099035124
3027890,730.5717827918294
3027891,414.19909949769306
3027892,149.48730936957992
3027893,75.75933719206235
3027894,201898.3684406204
3027895,12.030228679006306
3027896,2.2209384787152624
3027897,17.14986236945225
3027898,21.845547547789728
3027899,1.6600466144222263
3027900,208.58493410346074
3027901,1.766816484884023
3027902,3.487719711978582
3027903,15.571239573670265
3027904,30.118171292952972
3027905,4.342444564078811
3027906,251.63455422798015
3027907,214.27032168064977
3027908,2.6508241887498665
3027909,6.669478425489282
3027910,291.4153674185752
3027911,45.75752869042945
3027912,1094.0772571479126
3027913,29.735097312257324
3027914,8.2261951262141
3027915,2.4956258302932377
3027916,1.3538166992264744
3027917,6.480550336439913
3027918,1571.5721901536808
3027919,1.0161619304930394
3027920,457.8856331954799
3027921,6.211257570751456
3027922,581.7755275672365
3027923,644.7499669110314
3027924,189.690784786893
3027925,122.4091636924965
3027926,43.76464167365118
3027927,51024.8452834989
3027928,8.540059612037455
3027929,1.4316560420983258
3027930,16.30543016600926
3027931,18.207037176626645
3027932,1.2679791491007515
3027933,147.35123600539856
3027934,6.057017259849349
3027935,2.8392330197996625
3027936,9.717792118125985
3027937,46.99943876446595
3027938,2.1250503548768838
3027939,152.23532043911607
3027940,152.38212545009355
3027941,3.1440407464447846
3027942,5.606443532808447
3027943,135.09963341223602
3027944,40.90949428256944
3027945,1437.2420442197936
3027946,35.893792978009245
3027947,9.643330099037627
3027948,4.837934086129898
3027949,1.2630622646767964
3027950,3.950989922210325
3027951,1718.7715636768125
3027952,1.2788466181609124
3027953,140.20188984587742
3027954,5.599607653405629
3027955,790.5757065446566
3027956,309.5317080211005
3027957,221.44813131732653
3027958,47.8523693645619
3027959,36.16151650092034
3027960,56014.05002483469
3027961,14.88947369269115
3027962,2.0498300542459607
3027963,13.082036857126823
3027964,7.694796353237343
3027965,1.5741273307951096
3027966,154.34160408019156
3027967,5.923843238833072
3027968,3.420119343566768
3027969,4.5006764974391675
3027970,31.43727478957322
3027971,3.4149115321837717
3027972,142.53753148392994
3027973,167.53022380465882
3027974,2.167533020714779
3027975,5.262622827977134
3027976,137.86531326012204
3027977,21.259392320707626
3027978,436.76509380206795
3027979,10.590574044345708
3027980,5.4580648902546045
3027981,5.585063321120639
3027982,1.9973436725598095
3027983,7.5078407185901055
3027984,2856.8135941595633
3027985,2.2311102438178585
3027986,583.6917320026163
3027987,10.704441139638895
3027988,717.5032717971229
3027989,709.2647033473655
3027990,221.6459097013693
3027991,118.5072863028962
3027992,74.21340815267308
3027993,88388.13084150014
3027994,30.808007731413273
3027995,3.436747136615016
3027996,16.577465631319516
3027997,32.83155735143619
3027998,2.628212772853752
3027999,191.23712332284754
3028000,17.343458786069
3028001,13.33378402123095
3028002,10.25328509657336
3028003,72.25868855936442
3028004,9.760590418054635
3028005,403.7341303651747
3028006,225.05650921449802
3028007,8.093319621524827
3028008,7.637735490835615
3028009,351.49021593649326
3028010,76.52240677330246
3028011,5206.065655679834
3028012,5.4394735305292965
3028013,27.86235509499725
3028014,5.558461413531058
3028015,1.1790018361780852
3028016,6.323347150959247
3028017,4630.519481698331
3028018,1.2709021526249313
3028019,408.29510536934106
3028020,5.3019154754776245
3028021,1209.1661206669214
3028022,808.4453227087475
3028023,615.7363783334924
3028024,93.31089036138852
3028025,67.64482669210444
3028026,2272588.7118798387
3028027,11.51242572287343
3028028,2.4293931132123467
3028029,16.279333967568757
3028030,11.31261315104876
3028031,1.4858236273257694
3028032,265.69459477298864
3028033,2.4683766937260563
3028034,5.013528664660755
3028035,9.443849668443896
3028036,45.809854909501574
3028037,2.2618600309204417
3028038,499.9097647076961
3028039,355.7316363065739
3028040,3.9674167128557665
3028041,5.354845287100772
3028042,232.72348776188144
3028043,46.8652661657613
3028044,906.837210867798
3028045,81.64001906729023
3028046,8.918798783317756
3028047,7.141208719748263
3028048,0.9871013290103927
3028049,5.745483512824764
3028050,2191.153572971318
3028051,1.0041092728781682
3028052,333.82650880219705
3028053,6.3092900295595875
3028054,1213.753828488536
3028055,577.0338144586322
3028056,265.12372929275244
3028057,203.1231863896567
3028058,67.58560714366152
3028059,258483.21843307934
3028060,11.006567642178426
3028061,1.321756309014668
3028062,32.951122100477264
3028063,26.7722884861576
3028064,1.210270960526632
3028065,221.09979689144143
3028066,3.9859810634931345
3028067,3.1611734688525264
3028068,6.600518844641606
3028069,72.78320383286136
3028070,2.5528378510945804
3028071,127.84885718502551
3028072,217.37115543147533
3028073,2.8994735456823038
3028074,5.245575875331543
3028075,123.75916122918221
3028076,111.87622081806579
3028077,990.9849359883757
3028078,1.0597067608279107
3028079,4.288399476335024
3028080,3.8479131043263415
3028081,0.5820295508501623
3028082,2.9412871264705123
3028083,1331.0053721113045
3028084,0.6900074024681864
3028085,114.94476501236396
3028086,4.778507950505355
3028087,682.6241237520004
3028088,314.2225944708886
3028089,130.51167101360798
3028090,43.67594450393076
3028091,48.606507706019414
3028092,15635.19449685463
3028093,7.107925348387593
3028094,1.0429641324920595
3028095,21.8794764180995
3028096,17.218198632201293
3028097,0.8839230565803985
3028098,147.29589085205333
3028099,1.1655899822010438
3028100,3.7976394053945333
3028101,4.017914425434538
3028102,105.57051332906077
3028103,2.444659509267467
3028104,128.34391639622922
3028105,148.96180609483167
3028106,1.381473692505198
3028107,4.585679690380584
3028108,119.91455279355878
3028109,27.7531950189553
3028110,444.94479712599485
3028111,23.01624333871428
3028112,1.4069382524201743
3028113,1.879839874298432
3028114,1.1920249579376752
3028115,2.265225675047833
3028116,1256.5443744388922
3028117,1.4161934372647682
3028118,241.2382792079304
3028119,8.345959525045306
3028120,476.1576648971231
3028121,459.0413469105685
3028122,137.97579719110598
3028123,40.246016673104165
3028124,53.63460602611869
3028125,4527.057778521845
3028126,23.199762735086107
3028127,1.685328167048457
3028128,9.641612671019699
3028129,13.276476946085848
3028130,1.680156508623992
3028131,115.54688068973313
3028132,9.296720999634132
3028133,3.1339978144849114
3028134,10.001101468918325
3028135,46.26778395513743
3028136,4.53178758455625
3028137,610.3214452030874
3028138,156.60237013946775
3028139,5.228985998909446
3028140,5.306145593833217
3028141,224.37769503596363
3028142,26.333026515162874
3028143,1313.0116103765474
3028144,4.019344463336435
3028145,7.585460145463266
3028146,3.497029886078173
3028147,2.25449055471718
3028148,5.755215080745222
3028149,3682.5349235256363
3028150,2.4552051836175046
3028151,679.7195661765578
3028152,13.870874049810817
3028153,930.5980971442468
3028154,1027.8068313824847
3028155,266.6935651164773
3028156,153.96891595266635
3028157,133.54857375385413
3028158,41504.163464673526
3028159,32.58805366774936
3028160,3.1205557242398827
3028161,20.120203895084025
3028162,31.72415409966878
3028163,2.9197804670035494
3028164,207.63616463656658
3028165,9.033712120719954
3028166,33.36197220775816
3028167,8.67647712955336
3028168,73.20098915580442
3028169,10.649093145479748
3028170,320.3265119385389
3028171,204.56355966398817
3028172,15.966899358061292
3028173,10.072003355839183
3028174,429.78640963014584
3028175,91.53812344000133
3028176,29043.19984334225
3028177,4.737494599922194
3028178,23.336333238498792
3028179,2.686776992149957
3028180,0.6833713740931743
3028181,3.330143579348345
3028182,1572.5681339528724
3028183,0.810175595976973
3028184,397.3610760216411
3028185,5.5725788465429895
3028186,428.2626695243104
3028187,568.0218343879532
3028188,134.45387564893952
3028189,113.2622789962736
3028190,80.23015897341604
3028191,2529.0227655455724
3028192,16.696913087140103
3028193,1.332444433572903
3028194,16.523746899648238
3028195,17.29899240449182
3028196,1.0106053291899102
3028197,79.8341787746431
3028198,1.0224118532180362
3028199,21.23696552855114
3028200,3.5743331505021025
3028201,228.64040259854562
3028202,7.902641855660519
3028203,159.71643535220417
3028204,102.29605412614875
3028205,4.498488628460103
3028206,5.849508277147589
3028207,142.77772433333638
3028208,30.455149355454036
3028209,1322.2936249846757
3028210,1.2493249770127286
3028211,5.205186691784871
3028212,2.25516785217143
3028213,0.6106602644798096
3028214,1.9001853414577656
3028215,806.8380721828448
3028216,0.6967637362749489
3028217,162.9979786168901
3028218,3.7445875564590065
3028219,238.56277760204276
3028220,183.94220616504938
3028221,58.344977726385366
3028222,24.94669848570757
3028223,25.82415745452654
3028224,1537.6417405229854
3028225,3.6268763538889814
3028226,0.9787722952744811
3028227,8.390195480585747
3028228,7.211142159335484
3028229,0.8936339346522082
3028230,61.799533444595795
3028231,0.8919664964576066
3028232,4.863224459158373
3028233,1.1605296464050432
3028234,20.228288987512236
3028235,0.9924041163982368
3028236,190.6165960589959
3028237,96.75533788087692
3028238,1.9556768419205732
3028239,1.7665952709552215
3028240,97.56726058468016
3028241,13.878605349998878
3028242,461.57022144175966
3028243,1.2490529114723055
3028244,1.694499240882236
3028245,5.555680735014346
3028246,1.598954522894659
3028247,3.4744408087138092
3028248,2972.273022490167
3028249,1.7447554261055516
3028250,565.9429852366006
3028251,12.96438164614613
3028252,715.4044405739012
3028253,809.3808843948042
3028254,227.0819747767827
3028255,167.0475240735928
3028256,94.8775152367865
3028257,69415.81856554473
3028258,22.177917946457004
3028259,4.21896070147122
3028260,21.79117635978252
3028261,27.891113093902675
3028262,2.0598590024610806
3028263,171.21546409451508
3028264,6.035781681622256
3028265,30.821716118949016
3028266,8.284509237789475
3028267,132.91431484888798
3028268,4.689235846854977
3028269,208.57961241533886
3028270,201.17114175049545
3028271,8.65660264666097
3028272,8.60110245794535
3028273,280.6902409004404
3028274,53.489487621594066
3028275,5715.804025626196
3028276,2.2600701010532265
3028277,15.809841376310276
3028278,5.5100214248412716
3028279,1.5432235311925124
3028280,4.2383790585694925
3028281,5086.1874329635175
3028282,1.714382017741364
3028283,532.8026453410438
3028284,10.762006847417018
3028285,1099.9365229170817
3028286,1023.5338567298088
3028287,339.536592821914
3028288,185.9569697218525
3028289,59.63340618411615
3028290,3155913.767483109
3028291,11.686848743595993
3028292,2.2128502998321906
3028293,27.257541554120717
3028294,18.889462627193982
3028295,2.257564876458264
3028296,209.75358975891382
3028297,2.0756763474380877
3028298,6.099684844805041
3028299,5.150882601788632
3028300,51.87752981102054
3028301,2.507292730971389
3028302,244.1716769233218
3028303,256.925277513717
3028304,5.152256104489401
3028305,4.8712587174260245
3028306,163.00118259443803
3028307,48.481091615455654
3028308,1438.1352870331232
3028309,2.7183236524351777
3028310,5.482999034961623
3028311,5.136728597506842
3028312,1.6642638477393275
3028313,4.316438560892289
3028314,3645.7882711659117
3028315,1.6739318516956296
3028316,609.9234465414587
3028317,10.775847433744726
3028318,913.3147054008864
3028319,872.2835575040452
3028320,261.00910378003556
3028321,177.4104240849427
3028322,61.70445856499044
3028323,569033.4844742767
3028324,13.682453157428755
3028325,2.418444099593975
3028326,26.569247570125416
3028327,21.269695207473145
3028328,2.032427857322847
3028329,204.73944258231342
3028330,2.0242423749928493
3028331,7.314198724069161
3028332,5.421719574147261
3028333,89.16453762868147
3028334,2.974534331945352
3028335,152.6123102508174
3028336,195.6241335310025
3028337,4.063648983974361
3028338,4.860366748438146
3028339,141.01066579883866
3028340,44.63164858543198
3028341,1288.4272339955116
3028342,2.3075518895243516
3028343,6.08834310150606
3028344,9.15354627964631
3028345,4.116965606860463
3028346,17.76106670430222
3028347,680474.7455830638
3028348,4.151362183010381
3028349,926.1224266378315
3028350,52.86994297390111
3028351,1397.3332858272765
3028352,1633.318320832236
3028353,368.2163001594032
3028354,384.3154319377595
3028355,275.8271230963109
3028356,22170440.969331156
3028357,58.86968054980554
3028358,6.077957129966527
3028359,53.00316246058533
3028360,48.11371178515515
3028361,5.11556406752248
3028362,400.35975797129726
3028363,28.406028732944918
3028364,40.981613522991594
3028365,26.35699360354436
3028366,211.53374140702167
3028367,24.667066317629917
3028368,606.2141153211517
3028369,516.602787144559
3028370,18.644983280145322
3028371,24.118329905717452
3028372,833.274491524579
3028373,195.54561413031243
3028374,3461125.317950558
3028375,6.0322640446596045
3028376,68.49830140301687
3028377,2.5277711658774646
3028378,0.6505765980723801
3028379,0.7862817668521012
3028380,1465.1372473182025
3028381,0.6918528922455641
3028382,146.2574200973698
3028383,3.947086309183245
3028384,690.4566714230093
3028385,220.0945667428374
3028386,104.35810396059243
3028387,99.82181965975944
3028388,37.48932640240646
3028389,9591.228157862875
3028390,4.8488911393753025
3028391,0.9295305132025742
3028392,9.796568549255657
3028393,7.094757051471404
3028394,0.8960174542467655
3028395,167.05260875290884
3028396,1.0791478159118189
3028397,3.2424496611338767
3028398,2.2378619095355337
3028399,34.9270259207878
3028400,1.1661621890746958
3028401,122.28531977458901
3028402,92.6740235634786
3028403,1.7715907143523237
3028404,4.224587522628659
3028405,86.16174687334859
3028406,18.01409087906507
3028407,565.6052001268453
3028408,1.6370469722582413
3028409,3.73414992052834
3028410,6.046700534151353
3028411,1.2185124061674564
3028412,2.576646742618614
3028413,3037.3947474078295
3028414,1.321150636650933
3028415,478.1868435007274
3028416,8.540550004857788
3028417,1161.8115254370966
3028418,647.1955147865247
3028419,201.17400673781566
3028420,216.40630676201047
3028421,73.33489140459666
3028422,518292.3382318648
3028423,9.289154769005192
3028424,1.6762555254995273
3028425,18.73487062832263
3028426,17.985033228436368
3028427,1.5635748613108102
3028428,216.24535346281357
3028429,1.9009386623160183
3028430,5.178343369010774
3028431,8.710480056206084
3028432,18.82496137281103
3028433,2.177441387455703
3028434,461.2311743529036
3028435,213.95235388560093
3028436,4.015124586607221
3028437,5.5430115396697595
3028438,117.08551892517454
3028439,42.87622878678106
3028440,1174.5611477757357
3028441,1.6388031078828915
3028442,4.959775176845589
3028443,0.9706870843073666
3028444,0.43794083270357703
3028445,1.392739015217061
3028446,939.8819558739235
3028447,0.5574658844339172
3028448,111.25843210463937
3028449,2.7930399780611457
3028450,726.2551944616109
3028451,132.40924585136136
3028452,72.7317502549596
3028453,173.45385908933906
3028454,15.932186200438244
3028455,3900.66947318252
3028456,2.32334470315326
3028457,0.7267733597317695
3028458,6.846000019253233
3028459,3.425141447187796
3028460,0.7431735509780852
3028461,79.54616834591125
3028462,0.7286577902907466
3028463,2.636955119345525
3028464,0.901125333529495
3028465,26.756351478196756
3028466,0.8532882996748832
3028467,116.75804370442364
3028468,72.17759023741453
3028469,0.9987861132933964
3028470,1.3253907523670936
3028471,36.83383070342331
3028472,8.584660718099407
3028473,148.8527464777845
3028474,2.2900116562750568
3028475,1.3207615091160507
3028476,27.096388888335575
3028477,0.6368610229069275
3028478,4.734784338125092
3028479,3039.0244126453936
3028480,0.7870303163310288
3028481,201.84700146563415
3028482,19.603861526059084
3028483,1124.9669141824359
3028484,512.9497344199357
3028485,187.64646308230266
3028486,169.50153496830475
3028487,82.99031220003333
3028488,1262460.8127968828
3028489,5.1946853331486
3028490,1.0665181206300605
3028491,68.2606581982486
3028492,56.88262122020457
3028493,1.008965382652363
3028494,220.84712453760653
3028495,0.9856196148900642
3028496,3.2620573807486815
3028497,65.12301115426217
3028498,72.95440320584582
3028499,3.5684447738155596
3028500,271.51342339510813
3028501,231.19257728443105
3028502,5.025518928665891
3028503,5.028539745339992
3028504,189.4885763282677
3028505,25.41022354704635
3028506,1343.2929612961675
3028507,2.838851147955327
3028508,1.9814467242416727
3028509,3.5333813235156115
3028510,1.7345012767666366
3028511,3.0630562878106478
3028512,2053.484034319226
3028513,1.838912344122515
3028514,589.9080400605807
3028515,8.87282249970774
3028516,906.1367155188441
3028517,684.0170743862653
3028518,202.27656401011362
3028519,101.44044475194254
3028520,59.640722063228935
3028521,309141.0247731787
3028522,7.937605444902864
3028523,3.611939555051995
3028524,22.735600386946803
3028525,33.17827601085078
3028526,2.216881439159841
3028527,183.1945882283607
3028528,3.2676760184000457
3028529,6.021885195193709
3028530,4.323347377134326
3028531,33.711169232765904
3028532,3.640209206958674
3028533,211.32354034930785
3028534,226.48376291020497
3028535,4.584214902468522
3028536,6.833574533898384
3028537,114.10688580769352
3028538,27.975019327766812
3028539,678.0178581093097
3028540,4.0507931786946765
3028541,4.293785666667123
3028542,2.6766303040555206
3028543,0.4068006947279437
3028544,1.9261658401405461
3028545,1278.7087846775078
3028546,0.517307940549713
3028547,75.71472624336867
3028548,2.0054342401674976
3028549,475.75220210934464
3028550,155.32542426406948
3028551,82.71682387867585
3028552,88.6868102639676
3028553,36.66469454204322
3028554,4547.376945678741
3028555,4.457552549214953
3028556,0.7429393960646224
3028557,10.706295488985893
3028558,4.460032595439887
3028559,0.702382626096111
3028560,92.88577699961459
3028561,0.6775954565567108
3028562,2.582413195011396
3028563,0.7916428901519978
3028564,37.17150554119494
3028565,0.9664536059876658
3028566,260.0197732119918
3028567,76.98013227471463
3028568,1.1459727482730968
3028569,1.8045452662252
3028570,48.62818621062373
3028571,12.764773260134135
3028572,359.8874313553125
3028573,1.4853554153858308
3028574,1.1066129881511029
3028575,4.986281137624573
3028576,1.4412190139454162
3028577,2.8189010399513617
3028578,14589.220082647398
3028579,1.593313174181591
3028580,595.6799210782206
3028581,10.451829117683577
3028582,1135.2676289664844
3028583,647.2510180485893
3028584,248.9466895616588
3028585,142.56932227302136
3028586,77.29576605022321
3028587,71298881.66979235
3028588,8.790057157814381
3028589,1.922043077003179
3028590,26.29375839258838
3028591,11.629330936168252
3028592,1.905016795949741
3028593,194.65182038452537
3028594,1.9309467249938688
3028595,27.06156151937591
3028596,5.762346329217298
3028597,51.27064257861624
3028598,3.9392621123427345
3028599,321.9993733369308
3028600,210.2775627796302
3028601,5.60118695840419
3028602,5.699145294615397
3028603,105.0468039303355
3028604,35.55883973517636
3028605,1858.4719372330424
3028606,2.607042100181866
3028607,2.8461618566036506
3028608,3.170144184465129
3028609,1.524136630652123
3028610,6.427869810863473
3028611,2483.1755708189075
3028612,1.6975822579941031
3028613,483.2709670183683
3028614,6.542601910173678
3028615,764.1910868916578
3028616,720.136433881675
3028617,175.9011609907166
3028618,93.87882424535798
3028619,92.3585727991241
3028620,37194.238145887124
3028621,36.36485358151714
3028622,2.404219762890198
3028623,22.378120394864762
3028624,24.87265141795228
3028625,2.016256564841055
3028626,194.9005902016552
3028627,17.197830456621524
3028628,20.89006504245983
3028629,3.336718662405919
3028630,106.9606902602911
3028631,8.803520660389898
3028632,177.10800545574443
3028633,228.06276649791704
3028634,9.511314637571262
3028635,11.444727974795533
3028636,202.78830432666493
3028637,56.76535511234249
3028638,4866.407459465255
3028639,2.7589017892134122
3028640,10.975538716415281
3028641,5.248512021560535
3028642,1.5548768586779973
3028643,7.032699485536547
3028644,2388.247879912269
3028645,1.7276626296130853
3028646,414.02993466196784
3028647,10.421385126127195
3028648,813.4112639976859
3028649,684.9777742874056
3028650,162.4727963491231
3028651,61.53982157330332
3028652,97.87681256597205
3028653,64293.24097053087
3028654,23.757890552395626
3028655,2.274835748259181
3028656,34.55218693062729
3028657,42.99224982933366
3028658,2.0793940495957246
3028659,230.29348668790993
3028660,16.8709579235292
3028661,15.248288947039434
3028662,9.157052825706195
3028663,88.44562796631605
3028664,10.190735629880214
3028665,136.53837339043469
3028666,306.43276256442005
3028667,7.506380317860222
3028668,10.504782534598581
3028669,107.41301497665029
3028670,64.37247487931381
3028671,2579.932688572026
3028672,9.165167779371632
3028673,15.594107168841056
3028674,5.835380664362109
3028675,1.1940319294005404
3028676,7.080209473773085
3028677,3193.7363115342214
3028678,1.2870317952628727
3028679,589.2235659890977
3028680,5.255398327023784
3028681,1484.4366212800442
3028682,735.2887213485849
3028683,190.20473328228658
3028684,342.17093995549044
3028685,58.000633529182444
3028686,901760.121999693
3028687,27.565006859588003
3028688,1.9262240441931007
3028689,20.847695977927476
3028690,16.458686991563237
3028691,1.5261359175284235
3028692,271.86905186294706
3028693,4.846637682656711
3028694,10.038147902360903
3028695,9.426613811587522
3028696,48.62841510426885
3028697,4.832087466789221
3028698,198.53150030725263
3028699,245.47067307139827
3028700,6.081219009950012
3028701,7.8308766476636
3028702,183.16024220652008
3028703,37.972001131767236
3028704,1561.8993969577741
3028705,12.326322647870997
3028706,10.27258875911539
3028707,4.214267172049177
3028708,1.5910349307953278
3028709,6.13062291877483
3028710,1863.5976961327117
3028711,1.7363361874724381
3028712,290.0548266644938
3028713,6.5012105522228385
3028714,681.4635157915634
3028715,635.3165564395787
3028716,214.35163356522762
3028717,93.0322232373567
3028718,58.48945576970457
3028719,26055.973954865385
3028720,18.369684776275044
3028721,2.4781773653382446
3028722,12.578020978714024
3028723,10.9871571360979
3028724,2.083034268385066
3028725,171.70349026779354
3028726,13.940457316587725
3028727,16.263073352337962
3028728,3.0115396227433022
3028729,86.84184709398843
3028730,6.6011531079410535
3028731,274.58230428001224
3028732,189.66815767184693
3028733,6.272535056827399
3028734,7.382291535514524
3028735,267.33095486313323
3028736,39.75672116496361
3028737,2919.287068546999
3028738,2.5128920726323374
3028739,23.353586813282476
3028740,2.8782498610182485
3028741,1.1343818030816575
3028742,3.8707360101371426
3028743,8148.1002986556205
3028744,1.2537524735230496
3028745,344.6387889080226
3028746,7.743011703546125
3028747,1477.3941618701763
3028748,603.5474819159783
3028749,214.37320347204223
3028750,143.0947575676549
3028751,59.852210073029745
3028752,1681301.5719927822
3028753,8.320298224331466
3028754,2.1473271691576103
3028755,27.71100782645924
3028756,19.01997015038706
3028757,1.4939850637290348
3028758,363.149380973137
3028759,1.4899684829649318
3028760,1.5355196375000424
3028761,7.149714178182617
3028762,29.19047010523065
3028763,2.5481281532059383
3028764,155.64661171039302
3028765,241.11722257446533
3028766,3.4607579304454816
3028767,7.939049130919868
3028768,139.05670406663882
3028769,37.1272753246428
3028770,996.1298885174979
3028771,3.150733901246481
3028772,4.655066683206102
3028773,5.104091237431354
3028774,0.9866577209323502
3028775,5.604175590190019
3028776,1907.1918063062153
3028777,1.1193543086996711
3028778,447.64100131808823
3028779,8.787150548661106
3028780,935.3771098581893
3028781,623.7624279271575
3028782,199.35823358157822
3028783,89.9009230206884
3028784,117.36093431625753
3028785,34223.20121789619
3028786,23.346649000592056
3028787,1.8061535838886842
3028788,24.731838628379098
3028789,27.371687113145313
3028790,1.356915081218856
3028791,183.1401658918932
3028792,13.811183094634673
3028793,11.33711051374111
3028794,7.175968061842231
3028795,67.99243215859046
3028796,8.77691659982633
3028797,168.6095553464685
3028798,267.617206896296
3028799,11.438089155857892
3028800,7.293308543917906
3028801,140.29469255051
3028802,41.954108621116774
3028803,2057.0247895305997
3028804,1.3492902552512631
3028805,5.0232031972374545
3028806,3.39471851832408
3028807,1.3003323350522333
3028808,3.959505872161681
3028809,1820.3784947365473
3028810,1.4137595064276807
3028811,416.54167682116935
3028812,6.914327388539768
3028813,634.6175311695567
3028814,720.3570087286506
3028815,183.17923338736364
3028816,95.75051499068218
3028817,94.91608962494395
3028818,17556.756416851593
3028819,23.66670057278299
3028820,1.8855619734364166
3028821,23.09523918919922
3028822,18.6735397304309
3028823,1.669445705056157
3028824,164.08590824199257
3028825,11.040251029163281
3028826,27.615023650113667
3028827,10.759138234670239
3028828,75.83511465154655
3028829,7.7297715418048005
3028830,181.87195218662822
3028831,190.27767391898908
3028832,7.8373313161852405
3028833,7.238114388653005
3028834,169.91981243762595
3028835,42.22150384011276
3028836,3703.590218247045
3028837,1.4736132344721204
3028838,13.602259207585242
3028839,4.836429022792294
3028840,1.618310749885143
3028841,5.3390996674945805
3028842,7873.9979115889455
3028843,1.7664573755946889
3028844,485.74631916329497
3028845,14.402483119433558
3028846,1080.6010679888655
3028847,781.5258907648898
3028848,233.79403359406547
3028849,167.38407286342672
3028850,60.74221662562946
3028851,435143.98284287663
3028852,10.277412278408079
3028853,2.0520092155873595
3028854,15.126624572781775
3028855,17.555684884449033
3028856,2.1302934400922533
3028857,193.03579730819277
3028858,2.1426951164630346
3028859,9.472875816137872
3028860,2.718694585980389
3028861,69.36731565681802
3028862,5.053925553493416
3028863,208.29782713784564
3028864,246.2782378283236
3028865,4.663981491715229
3028866,3.4663466688653566
3028867,185.88481657233058
3028868,98.42812312784301
3028869,1180.0694472631012
3028870,3.841544753892962
3028871,2.7087656514164338
3028872,16.172055028812753
3028873,3.6399876391367822
3028874,18.142549523872187
3028875,9560266.645493649
3028876,3.9483230968581053
3028877,1192.5163092816967
3028878,28.026776286490225
3028879,1791.9151710537742
3028880,2068.9485708309503
3028881,564.843035560798
3028882,459.5983344865517
3028883,363.3887505946012
3028884,314070107.2471408
3028885,69.10505149527386
3028886,7.1268576445682195
3028887,104.4420547434845
3028888,109.8345487841814
3028889,4.848786991553093
3028890,530.2249998924776
3028891,39.27745353857348
3028892,24.689435742831378
3028893,51.70911947021792
3028894,315.64907690831126
3028895,24.04872206735805
3028896,679.5862792161785
3028897,559.0412625645782
3028898,30.220632676842953
3028899,35.41495248181383
3028900,835.3224911337353
3028901,256.8184771333205
3028902,27168938.86194782
3028903,346.4947351038253
3028904,69.92403300924958
3028905,11.755392262814105
3028906,2.6429984742664745
3028907,13.704724951064229
3028908,2416653.159774956
3028909,2.891763170365535
3028910,934.8821758654074
3028911,28.832897204163782
3028912,1797.5759127317679
3028913,1619.7315663507202
3028914,680.4574758540817
3028915,267.2690202707959
3028916,254.7506318150084
3028917,665142653.5202938
3028918,87.40978626531111
3028919,3.9373804744009027
3028920,58.120030511336154
3028921,77.23458850347406
3028922,3.6922293754888527
3028923,513.4374566907682
3028924,37.821920026069236
3028925,28.900086073254364
3028926,44.173665732827075
3028927,251.41555621271783
3028928,18.681437740633708
3028929,813.6219046135983
3028930,694.319509051176
3028931,20.686208930712187
3028932,24.973680661024176
3028933,846.1775744032096
3028934,182.82563892743255
3028935,530313.6860208886
3028936,384.957953553025
3028937,60.336067760836
3028938,10.910770813472414
3028939,2.315017043594888
3028940,19.57578730988113
3028941,78257.67513746418
3028942,2.574395931097502
3028943,760.35861223536
3028944,14.104668893542375
3028945,1619.9152301776103
3028946,1196.6854310046097
3028947,743.6558653225786
3028948,90.21841927050832
3028949,202.67597787598228
3028950,117032569.05840021
3028951,31.395537066257482
3028952,4.909720120001517
3028953,37.45787314347676
3028954,34.391394942016646
3028955,3.2477338944442007
3028956,476.3933042467346
3028957,38.50338495368809
3028958,23.526454040876768
3028959,14.653262851562058
3028960,120.48980583105482
3028961,11.838416714147774
3028962,764.7953277797599
3028963,659.3572419592724
3028964,20.85437754234534
3028965,35.065392824557534
3028966,596.2836138292421
3028967,98.55875280421398
3028968,11755.938165611286
3028969,288.27840018835894
3028970,38.5941583582412
3028971,12.908238432210787
3028972,2.796804072760386
3028973,20.556256301572347
3028974,1272588.8214586952
3028975,3.064542793854976
3028976,901.5325733675879
3028977,19.878561301234623
3028978,1704.6126057413894
3028979,1582.8345049669779
3028980,630.5233105100207
3028981,248.55133940406432
3028982,213.03901556096844
3028983,186778976.74287534
3028984,41.03092959454674
3028985,4.179313634658334
3028986,72.46033683549283
3028987,70.24276755656639
3028988,3.9948921357864
3028989,502.33687252216015
3028990,56.72854673786481
3028991,29.84547377215165
3028992,35.818927473606784
3028993,206.02338835189343
3028994,15.059420492248808
3028995,685.4962362091559
3028996,729.1183355754785
3028997,19.049136228081313
3028998,27.88839919880839
3028999,843.9389393895912
3029000,159.60244222628015
3029001,293828.56937611656
3029002,363.648195106604
3029003,57.05747513721832
3029004,9.29081010464422
3029005,1.6899496223305548
3029006,18.90724857189389
3029007,13742.599801858718
3029008,1.8880705834903466
3029009,679.982235222871
3029010,13.745073941008558
3029011,1399.253950126623
3029012,944.3214296466668
3029013,585.8549708681263
3029014,71.7244068771634
3029015,149.00129989385067
3029016,20751626.575575754
3029017,35.41178058220556
3029018,2.2916724841332536
3029019,33.808753874778965
3029020,26.275646359027455
3029021,2.361023204003878
3029022,419.3377237081935
3029023,50.78534027250346
3029024,10.11224797774711
3029025,22.30050695880415
3029026,112.7104041644719
3029027,6.120055463598202
3029028,642.6357207440007
3029029,628.0269929642511
3029030,14.718161439964248
3029031,22.16863573593323
3029032,610.2225918435367
3029033,68.03337694848379
3029034,3427.2450821663233
3029035,408.87180182812574
3029036,24.154773651910574
3029037,9.169045243351201
3029038,1.5641996259080977
3029039,13.664266101030629
3029040,69254.88963728191
3029041,1.7524044740039273
3029042,884.0127641238358
3029043,22.66999296276272
3029044,1275.686756174217
3029045,1466.1339636273394
3029046,417.3814994837427
3029047,357.03558830478283
3029048,275.6398045842078
3029049,5912366.702642509
3029050,50.80729862744361
3029051,2.6169166909788655
3029052,65.66027225194075
3029053,44.51710722985291
3029054,2.2208622676383927
3029055,363.3692417793749
3029056,41.59522439057332
3029057,27.15337011531131
3029058,14.832114434480605
3029059,251.36035814097295
3029060,14.3700648695161
3029061,624.2486144184732
3029062,460.28728482844474
3029063,14.876999743883573
3029064,26.30015784190623
3029065,727.712863582146
3029066,167.33385775396874
3029067,1411393.7448319367
3029068,213.17819686876086
3029069,62.98675164990279
3029070,5.4277470583232414
3029071,1.389137260331929
3029072,4.85423404300443
3029073,1398.002247233263
3029074,1.5150695197449044
3029075,278.80575736139565
3029076,20.30322727041339
3029077,758.9683171159478
3029078,518.3893245195474
3029079,209.92128214152683
3029080,56.90619882896932
3029081,67.22705411474266
3029082,18591.126327007634
3029083,26.511547304291476
3029084,2.0962537298770774
3029085,24.466531610021345
3029086,22.459091670162966
3029087,1.8337627026755396
3029088,150.94110008411468
3029089,9.005705273468783
3029090,6.524563047482988
3029091,9.343252010495796
3029092,56.13203587287792
3029093,7.404900944397718
3029094,191.75061594973198
3029095,204.64896103159344
3029096,3.869324707957795
3029097,6.201184488327694
3029098,174.77304857096692
3029099,43.331686571714876
3029100,1492.8184935701402
3029101,1.791109669515984
3029102,11.124045733417153
3029103,8.115528430859367
3029104,1.5713854860440106
3029105,11.944276939045082
3029106,6168.011389164678
3029107,1.7668350666092545
3029108,524.9190051114248
3029109,29.155748347986894
3029110,1152.5221055835787
3029111,920.357221413412
3029112,472.3524612720896
3029113,78.53143436667587
3029114,123.51041261119447
3029115,1296645.3621483794
3029116,54.24305396347838
3029117,2.9790706363094053
3029118,49.21871148952435
3029119,37.615964224886305
3029120,2.179421987291625
3029121,309.07569724691496
3029122,21.854247582726234
3029123,8.862323363941977
3029124,4.46658261769581
3029125,125.94527558132928
3029126,8.993059510312214
3029127,442.60841816526
3029128,465.38028371046084
3029129,10.522226474333756
3029130,19.949737705279716
3029131,310.14102048743507
3029132,66.36283069779755
3029133,4950.888596098571
3029134,311.63267127907767
3029135,17.471106466930188
3029136,5.414886425408277
3029137,0.9088664741887118
3029138,3.710306828103823
3029139,5240.742622223631
3029140,1.1055649522850741
3029141,701.9816638625507
3029142,7.712311470271489
3029143,968.129016928745
3029144,1120.6740936700996
3029145,222.62116610212175
3029146,223.3527517672831
3029147,221.37001550410284
3029148,127466.96514292578
3029149,30.716222882636334
3029150,2.0277712370855414
3029151,29.560614162386866
3029152,32.4000844983654
3029153,1.362288663498458
3029154,208.80252578720174
3029155,3.2468084894801277
3029156,36.29401597731854
3029157,4.760463219099123
3029158,134.0392398461366
3029159,8.751098593676064
3029160,495.2541579177852
3029161,223.12058954900783
3029162,15.322521155196872
3029163,10.38350891503818
3029164,557.7546707869869
3029165,89.2043980213018
3029166,67879.71946239095
3029167,1.7941005024574266
3029168,33.67528986985419
3029169,7.173014132631162
3029170,1.3297010548514727
3029171,5.920127088150403
3029172,5663.271106645141
3029173,1.4947638664037717
3029174,679.7419115638746
3029175,10.221426644820673
3029176,1125.183993211349
3029177,912.3134274351135
3029178,344.6108193663988
3029179,153.55448606380892
3029180,317.32118821277095
3029181,794512.2580960768
3029182,29.09608705516338
3029183,3.5581754327062507
3029184,44.44785788290827
3029185,38.28081087381154
3029186,1.8139637813628084
3029187,263.6453415624639
3029188,7.408449081865275
3029189,42.011141496409834
3029190,8.544147743219433
3029191,232.97635524543674
3029192,10.243107933026808
3029193,375.0808381732557
3029194,288.095756377794
3029195,12.26256513728859
3029196,22.293345624835194
3029197,372.7426730383899
3029198,101.35087531684908
3029199,24297.64914636837
3029200,5.5454261698113605
3029201,11.67764174505585
3029202,5.300973717455607
3029203,0.8038938572053376
3029204,3.6851041092377637
3029205,1583.8392719256321
3029206,0.9459192800199028
3029207,425.2936855490542
3029208,6.179820887887248
3029209,755.4128295721003
3029210,449.26157616920034
3029211,214.51502078284884
3029212,60.57390924275233
3029213,83.48468231778361
3029214,11607.92103329505
3029215,11.100034976872687
3029216,1.5591600957537248
3029217,25.390504301422478
3029218,21.91924127459835
3029219,1.161996408963599
3029220,137.69724942573
3029221,5.831779043469815
3029222,8.473262304726099
3029223,5.819356843965604
3029224,87.02032278829299
3029225,3.940849577275407
3029226,197.64786010406647
3029227,179.11007626374666
3029228,4.662422358887974
3029229,5.239726679586317
3029230,136.24357268363437
3029231,43.23252900231782
3029232,1737.9865495031831
3029233,1.2582676185843
3029234,4.35480873603204
3029235,4.747048104587465
3029236,0.561312812260531
3029237,1.4268903672422983
3029238,3066.1353824179323
3029239,0.7124864792050063
3029240,181.35232603790524
3029241,3.4437252853833766
3029242,929.1445019200178
3029243,188.36002402476876
3029244,175.06014941592431
3029245,53.180504078900775
3029246,36.71605856885793
3029247,25226.89002459392
3029248,14.707503613904128
3029249,1.0817332291522501
3029250,15.727803638204634
3029251,9.579173364668339
3029252,0.8902252385771526
3029253,170.62301395343056
3029254,0.8907250960128731
3029255,4.269830609220977
3029256,3.2246030484672255
3029257,28.171861580375566
3029258,1.3334351365692234
3029259,79.26195948373828
3029260,167.31228832120289
3029261,1.0049937984621975
3029262,2.0630227484996073
3029263,44.27950530545012
3029264,53.31822910667972
3029265,578.9063574343045
3029266,3.888183258433206
3029267,2.1591666868695247
3029268,5.9097295371620895
3029269,1.8824873303509873
3029270,7.844036606472113
3029271,3911.96066819692
3029272,2.10339712775054
3029273,469.6614168675019
3029274,9.074223952858633
3029275,916.2998325593672
3029276,795.2794657403878
3029277,292.2278085297108
3029278,120.94518485990936
3029279,106.12082673619057
3029280,254918.94346198073
3029281,27.13872215004161
3029282,2.6320532096232503
3029283,24.209586419792306
3029284,48.25985046321078
3029285,2.452820586703889
3029286,226.8031827831788
3029287,16.70209098184494
3029288,16.47386903848375
3029289,19.603008076411
3029290,87.42914512519546
3029291,6.9897729031907545
3029292,365.8724752380004
3029293,269.0287429986341
3029294,8.314026680481426
3029295,13.589138009182937
3029296,395.0132258003469
3029297,66.71169266533768
3029298,3950.090719422229
3029299,5.232040719538974
3029300,30.05049075844988
3029301,5.024825558524787
3029302,1.7733821699700898
3029303,6.509026782776818
3029304,4609.921565020855
3029305,1.9696594029232484
3029306,586.1171979122588
3029307,13.96743083775979
3029308,852.8725191902984
3029309,997.1318105825142
3029310,208.56521918372542
3029311,190.38953820418126
3029312,169.47479262770477
3029313,58695.679985429626
3029314,26.065106454679732
3029315,3.427702300822242
3029316,36.407202694421144
3029317,36.16577429008142
3029318,2.617652743748267
3029319,170.73799221470787
3029320,12.99751384059735
3029321,29.548552662283523
3029322,8.48772176482532
3029323,147.23283674334465
3029324,11.902589109197937
3029325,383.23594777310063
3029326,203.05860745715177
3029327,6.719719037158445
3029328,13.537973843184187
3029329,525.2619111456668
3029330,104.16123037963601
3029331,78151.77431120434
3029332,2.344858781399809
3029333,35.44200071792033
3029334,5.373832926771524
3029335,3.1402568676621967
3029336,10.945782628749111
3029337,9490.463132620422
3029338,3.2039394946314426
3029339,697.8522675849466
3029340,19.126567795342794
3029341,930.0724160671087
3029342,1100.2457797153293
3029343,262.25279596277807
3029344,204.08129052456115
3029345,123.70536335029138
3029346,249173.6340269655
3029347,28.822574629909827
3029348,5.1139928200646105
3029349,34.008703311262806
3029350,42.88890824845744
3029351,3.9249697163710784
3029352,263.6007948903233
3029353,24.447034102154593
3029354,31.847185375859347
3029355,26.840858966375464
3029356,146.47010653139358
3029357,18.132664368196643
3029358,369.82805457977656
3029359,278.19519832788376
3029360,16.104835160869886
3029361,18.025658975965953
3029362,468.96000635332047
3029363,116.19606224483202
3029364,116763.93205970094
3029365,4.466177157961804
3029366,33.72763484597719
3029367,10.74615989419694
3029368,1.5921735252760985
3029369,10.872556076830572
3029370,3432.244874629075
3029371,1.663779660446679
3029372,393.78049417868317
3029373,11.93348387096536
3029374,1278.5869771771572
3029375,930.7600903622754
3029376,542.4016499356517
3029377,125.13131281573008
3029378,80.22534724266548
3029379,9620734.785069488
3029380,9.310167828219402
3029381,2.2661606927556734
3029382,44.66128486889751
3029383,35.57683744708291
3029384,1.978267698192252
3029385,336.015229821127
3029386,7.864728526829059
3029387,5.284529542182244
3029388,12.625665555069844
3029389,41.87707293081435
3029390,4.790472411650792
3029391,394.2692708567206
3029392,427.5545996543122
3029393,6.42265861973058
3029394,6.8688875009742265
3029395,324.89104869371204
3029396,82.20605996596261
3029397,1446.6062313385432
3029398,113.11100246603844
3029399,13.967404922883425
